collection,variant,eps,arm,metric,value,lo,hi
antique,p20,0.01,uniform,J50,1575.6395029239766,,
antique,p20,0.01,uniform,J80,2265.2711695906437,,
antique,p20,0.01,uniform,AUC,0.6084922922885252,,
antique,p20,0.01,uniform_nz,J50,1220.1705376344087,,
antique,p20,0.01,uniform_nz,J80,1787.8645263157896,,
antique,p20,0.01,uniform_nz,AUC,0.7139128720747273,,
antique,p20,0.01,weighted,J50,850.5957333333333,,
antique,p20,0.01,weighted,J80,1044.8553333333334,,
antique,p20,0.01,weighted,AUC,0.8508622497596812,,
antique,p20,0.01,cvl_inv,J50,870.4550228310502,,
antique,p20,0.01,cvl_inv,J80,1061.9671929824563,,
antique,p20,0.01,cvl_inv,AUC,0.8531515580996591,,
antique,p20,0.01,cvl_llm,J50,801.2495698924731,,
antique,p20,0.01,cvl_llm,J80,929.4146078431373,,
antique,p20,0.01,cvl_llm,AUC,0.8807661887793315,,
antique,p20,0.01,cvl_rr,J50,803.386329588015,,
antique,p20,0.01,cvl_rr,J80,934.0878431372549,,
antique,p20,0.01,cvl_rr,AUC,0.8769291485719335,,
antique,p20,0.01,sel_pilot,J50,802.0521014492754,,
antique,p20,0.01,sel_pilot,J80,924.1438812785389,,
antique,p20,0.01,sel_pilot,AUC,0.8790992614224095,,
antique,p20,0.01,sel_argmin,J50,802.0473913043478,,
antique,p20,0.01,sel_argmin,J80,924.1438812785389,,
antique,p20,0.01,sel_argmin,AUC,0.8791006950488688,,
antique,p20,0.01,uniform_nz,save_vs_uniform_J50,0.22560297874603297,0.16035660522763054,0.2607792583660986
antique,p20,0.01,weighted,save_vs_uniform_J50,0.4601584107564902,0.4432342516451427,0.48636636788976734
antique,p20,0.01,cvl_inv,HES_weighted_J50,-0.02334750659974727,-0.05935366226380849,0.01324342841428289
antique,p20,0.01,cvl_llm,HES_weighted_J50,0.05801365032420436,0.021777134632592444,0.08331252064416692
antique,p20,0.01,cvl_rr,HES_weighted_J50,0.055501576007574216,0.015471274999970237,0.08328615681070234
antique,p20,0.01,sel_pilot,HES_weighted_J50,0.05707015681094951,0.01955298517895236,0.08115299996576855
antique,p20,0.01,uniform_nz,save_vs_uniform_J80,0.21075032856270626,0.1590460790517068,0.24987680217882463
antique,p20,0.01,weighted,save_vs_uniform_J80,0.5387504386407969,0.5033857143632459,0.5641900293877392
antique,p20,0.01,cvl_inv,HES_weighted_J80,-0.016377252527899788,-0.0655009366212024,0.04746631664240223
antique,p20,0.01,cvl_llm,HES_weighted_J80,0.11048488896727271,0.0718228544074813,0.16117886161094966
antique,p20,0.01,cvl_rr,HES_weighted_J80,0.10601227429514493,0.0667720255851874,0.1553413073786893
antique,p20,0.01,sel_pilot,HES_weighted_J80,0.11552934478469545,0.07957911406545824,0.16019862545655952
antique,p20,0.02,uniform,J50,1404.5272508591065,,
antique,p20,0.02,uniform,J80,2049.896666666667,,
antique,p20,0.02,uniform,AUC,0.6643630233043462,,
antique,p20,0.02,uniform_nz,J50,1107.2803225806451,,
antique,p20,0.02,uniform_nz,J80,1574.8508527131783,,
antique,p20,0.02,uniform_nz,AUC,0.770361362418787,,
antique,p20,0.02,weighted,J50,835.5223611111111,,
antique,p20,0.02,weighted,J80,982.3266666666666,,
antique,p20,0.02,weighted,AUC,0.8771921094371085,,
antique,p20,0.02,cvl_inv,J50,822.3333333333334,,
antique,p20,0.02,cvl_inv,J80,1000.4155555555557,,
antique,p20,0.02,cvl_inv,AUC,0.8799189744481997,,
antique,p20,0.02,cvl_llm,J50,770.0307590759076,,
antique,p20,0.02,cvl_llm,J80,894.6669841269842,,
antique,p20,0.02,cvl_llm,AUC,0.9004090442934729,,
antique,p20,0.02,cvl_rr,J50,771.6743642611684,,
antique,p20,0.02,cvl_rr,J80,896.398865248227,,
antique,p20,0.02,cvl_rr,AUC,0.89961566909015,,
antique,p20,0.02,sel_pilot,J50,764.8186080586081,,
antique,p20,0.02,sel_pilot,J80,893.7356521739131,,
antique,p20,0.02,sel_pilot,AUC,0.901615145431844,,
antique,p20,0.02,sel_argmin,J50,764.8458608058608,,
antique,p20,0.02,sel_argmin,J80,893.7356521739131,,
antique,p20,0.02,sel_argmin,AUC,0.9016121582096699,,
antique,p20,0.02,uniform_nz,save_vs_uniform_J50,0.21163486012581423,0.16928732753885709,0.26092505465716326
antique,p20,0.02,weighted,save_vs_uniform_J50,0.4051220005877084,0.3681621859790853,0.43410721768102495
antique,p20,0.02,cvl_inv,HES_weighted_J50,0.01578536780300943,-0.01481745959729051,0.0422638941036247
antique,p20,0.02,cvl_llm,HES_weighted_J50,0.07838402068391104,0.05272170020506446,0.10441570217229179
antique,p20,0.02,cvl_rr,HES_weighted_J50,0.07641686185996865,0.04942080963007721,0.10231050298878575
antique,p20,0.02,sel_pilot,HES_weighted_J50,0.08462221520735635,0.055554095785260965,0.11447299061235977
antique,p20,0.02,uniform_nz,save_vs_uniform_J80,0.23174134661429535,0.18129207212586113,0.27639740722192013
antique,p20,0.02,weighted,save_vs_uniform_J80,0.5207921049678927,0.47876572119560307,0.5419099724656029
antique,p20,0.02,cvl_inv,HES_weighted_J80,-0.01841433150773586,-0.05083777831200933,0.004875793937288067
antique,p20,0.02,cvl_llm,HES_weighted_J80,0.08923679414826269,0.05795785353436198,0.12166545933620354
antique,p20,0.02,cvl_rr,HES_weighted_J80,0.08747375423495196,0.0557754462639498,0.11428170445151528
antique,p20,0.02,sel_pilot,HES_weighted_J80,0.0901848819734985,0.060965012731937614,0.11703600689031185
cast19,p20,0.01,uniform,J50,,,
cast19,p20,0.01,uniform,J80,,,
cast19,p20,0.01,uniform,AUC,0.10653810909104638,,
cast19,p20,0.01,uniform_nz,J50,3485.0226754385963,,
cast19,p20,0.01,uniform_nz,J80,,,
cast19,p20,0.01,uniform_nz,AUC,0.30101462413079005,,
cast19,p20,0.01,weighted,J50,2775.3447368421052,,
cast19,p20,0.01,weighted,J80,4079.6988888888895,,
cast19,p20,0.01,weighted,AUC,0.45429774455438443,,
cast19,p20,0.01,cvl_inv,J50,2632.90649122807,,
cast19,p20,0.01,cvl_inv,J80,4140.093333333333,,
cast19,p20,0.01,cvl_inv,AUC,0.462707479399959,,
cast19,p20,0.01,cvl_llm,J50,2189.5311111111114,,
cast19,p20,0.01,cvl_llm,J80,3752.1552564102567,,
cast19,p20,0.01,cvl_llm,AUC,0.5521089294200767,,
cast19,p20,0.01,cvl_rr,J50,2420.6156462585036,,
cast19,p20,0.01,cvl_rr,J80,3958.4266666666667,,
cast19,p20,0.01,cvl_rr,AUC,0.5112815474878627,,
cast19,p20,0.01,sel_pilot,J50,2207.691724137931,,
cast19,p20,0.01,sel_pilot,J80,3754.698045977012,,
cast19,p20,0.01,sel_pilot,AUC,0.5474930635296826,,
cast19,p20,0.01,sel_argmin,J50,2207.691724137931,,
cast19,p20,0.01,sel_argmin,J80,3754.700574712644,,
cast19,p20,0.01,sel_argmin,AUC,0.5479924203172142,,
cast19,p20,0.01,uniform_nz,save_vs_uniform_J50,,,
cast19,p20,0.01,weighted,save_vs_uniform_J50,,,
cast19,p20,0.01,cvl_inv,HES_weighted_J50,0.0513227217228901,-0.00020954871071018866,0.11114215589938234
cast19,p20,0.01,cvl_llm,HES_weighted_J50,0.21107778718601833,0.15985048907804497,0.28303388948027136
cast19,p20,0.01,cvl_rr,HES_weighted_J50,0.1278144245918892,0.08416657418196462,0.16457520214752844
cast19,p20,0.01,sel_pilot,HES_weighted_J50,0.20453423503347257,0.15077053408639796,0.2797444178003411
cast19,p20,0.01,uniform_nz,save_vs_uniform_J80,,,
cast19,p20,0.01,weighted,save_vs_uniform_J80,,,
cast19,p20,0.01,cvl_inv,HES_weighted_J80,-0.014803652448206028,-0.07155858256860552,0.014634386438360545
cast19,p20,0.01,cvl_llm,HES_weighted_J80,0.08028622734160651,0.013215489412923515,0.13899130806924176
cast19,p20,0.01,cvl_rr,HES_weighted_J80,0.029725777692199085,-0.004114213549504702,0.1194703704857668
cast19,p20,0.01,sel_pilot,HES_weighted_J80,0.07966294860559964,0.01321821206446028,0.13560341458703765
cast19,p20,0.02,uniform,J50,4777.964230769231,,
cast19,p20,0.02,uniform,J80,,,
cast19,p20,0.02,uniform,AUC,0.20165435403966636,,
cast19,p20,0.02,uniform_nz,J50,2822.517619047619,,
cast19,p20,0.02,uniform_nz,J80,3785.123768115942,,
cast19,p20,0.02,uniform_nz,AUC,0.46258569422792895,,
cast19,p20,0.02,weighted,J50,2127.2223129251697,,
cast19,p20,0.02,weighted,J80,2929.257361111111,,
cast19,p20,0.02,weighted,AUC,0.6216523018927923,,
cast19,p20,0.02,cvl_inv,J50,2024.1247297297296,,
cast19,p20,0.02,cvl_inv,J80,3045.0955555555556,,
cast19,p20,0.02,cvl_inv,AUC,0.6216786611200167,,
cast19,p20,0.02,cvl_llm,J50,1720.2133333333334,,
cast19,p20,0.02,cvl_llm,J80,2562.5462962962965,,
cast19,p20,0.02,cvl_llm,AUC,0.7162920925624923,,
cast19,p20,0.02,cvl_rr,J50,1838.317098765432,,
cast19,p20,0.02,cvl_rr,J80,2764.19604519774,,
cast19,p20,0.02,cvl_rr,AUC,0.6801041243563083,,
cast19,p20,0.02,sel_pilot,J50,1720.2133333333334,,
cast19,p20,0.02,sel_pilot,J80,2579.275555555556,,
cast19,p20,0.02,sel_pilot,AUC,0.7149452113715907,,
cast19,p20,0.02,sel_argmin,J50,1720.2133333333334,,
cast19,p20,0.02,sel_argmin,J80,2579.1859259259263,,
cast19,p20,0.02,sel_argmin,AUC,0.7149126885225207,,
cast19,p20,0.02,uniform_nz,save_vs_uniform_J50,0.4092635518551787,0.3631165712121955,0.45014799512693576
cast19,p20,0.02,weighted,save_vs_uniform_J50,0.5547847974193192,0.5224687418356644,0.5860030197480393
cast19,p20,0.02,cvl_inv,HES_weighted_J50,0.048465824455211415,-0.0016642996520584148,0.08686354743381527
cast19,p20,0.02,cvl_llm,HES_weighted_J50,0.19133354192404706,0.1365524080278463,0.23643962612093194
cast19,p20,0.02,cvl_rr,HES_weighted_J50,0.13581336205639005,0.0962864136521015,0.18453808919579315
cast19,p20,0.02,sel_pilot,HES_weighted_J50,0.19133354192404706,0.13516352946529478,0.23510070675645858
cast19,p20,0.02,uniform_nz,save_vs_uniform_J80,,,
cast19,p20,0.02,weighted,save_vs_uniform_J80,,,
cast19,p20,0.02,cvl_inv,HES_weighted_J80,-0.0395452430989216,-0.08299888917050716,-0.000394557926431279
cast19,p20,0.02,cvl_llm,HES_weighted_J80,0.1251890904784534,0.07534282177947248,0.19278813341204906
cast19,p20,0.02,cvl_rr,HES_weighted_J80,0.056349202396733356,0.0232366188691601,0.10308789460500777
cast19,p20,0.02,sel_pilot,HES_weighted_J80,0.11947799814448601,0.06724719907721818,0.18261564002802957
dbpedia-entity,p20,0.01,uniform,J50,,,
dbpedia-entity,p20,0.01,uniform,J80,,,
dbpedia-entity,p20,0.01,uniform,AUC,0.1981724959933572,,
dbpedia-entity,p20,0.01,uniform_nz,J50,5838.9775,,
dbpedia-entity,p20,0.01,uniform_nz,J80,,,
dbpedia-entity,p20,0.01,uniform_nz,AUC,0.3329299958756044,,
dbpedia-entity,p20,0.01,weighted,J50,3580.7801960784313,,
dbpedia-entity,p20,0.01,weighted,J80,,,
dbpedia-entity,p20,0.01,weighted,AUC,0.4538458109834151,,
dbpedia-entity,p20,0.01,cvl_llm,J50,3237.470641025641,,
dbpedia-entity,p20,0.01,cvl_llm,J80,,,
dbpedia-entity,p20,0.01,cvl_llm,AUC,0.5263481729858238,,
dbpedia-entity,p20,0.01,cvl_rr,J50,3346.883144654088,,
dbpedia-entity,p20,0.01,cvl_rr,J80,,,
dbpedia-entity,p20,0.01,cvl_rr,AUC,0.5183100672169012,,
dbpedia-entity,p20,0.01,sel_pilot,J50,3260.8863636363635,,
dbpedia-entity,p20,0.01,sel_pilot,J80,,,
dbpedia-entity,p20,0.01,sel_pilot,AUC,0.526480639781449,,
dbpedia-entity,p20,0.01,sel_argmin,J50,3260.935151515151,,
dbpedia-entity,p20,0.01,sel_argmin,J80,,,
dbpedia-entity,p20,0.01,sel_argmin,AUC,0.5264787702927826,,
dbpedia-entity,p20,0.01,uniform_nz,save_vs_uniform_J50,,,
dbpedia-entity,p20,0.01,weighted,save_vs_uniform_J50,,,
dbpedia-entity,p20,0.01,cvl_llm,HES_weighted_J50,0.09587562940299255,0.04691805680186031,0.33008455563255207
dbpedia-entity,p20,0.01,cvl_rr,HES_weighted_J50,0.0653201365670254,0.009886941642097573,0.17376895859926814
dbpedia-entity,p20,0.01,sel_pilot,HES_weighted_J50,0.08933634988051109,0.03648407592143104,0.20450400162882995
dbpedia-entity,p20,0.01,uniform_nz,save_vs_uniform_J80,,,
dbpedia-entity,p20,0.01,weighted,save_vs_uniform_J80,,,
dbpedia-entity,p20,0.01,cvl_llm,HES_weighted_J80,,,
dbpedia-entity,p20,0.01,cvl_rr,HES_weighted_J80,,,
dbpedia-entity,p20,0.01,sel_pilot,HES_weighted_J80,,,
dbpedia-entity,p20,0.02,uniform,J50,5563.3983333333335,,
dbpedia-entity,p20,0.02,uniform,J80,,,
dbpedia-entity,p20,0.02,uniform,AUC,0.349025858896439,,
dbpedia-entity,p20,0.02,uniform_nz,J50,3372.0015646258503,,
dbpedia-entity,p20,0.02,uniform_nz,J80,,,
dbpedia-entity,p20,0.02,uniform_nz,AUC,0.5048769333438199,,
dbpedia-entity,p20,0.02,weighted,J50,2542.8431481481484,,
dbpedia-entity,p20,0.02,weighted,J80,4558.086666666667,,
dbpedia-entity,p20,0.02,weighted,AUC,0.633083615636194,,
dbpedia-entity,p20,0.02,cvl_llm,J50,2046.1351515151516,,
dbpedia-entity,p20,0.02,cvl_llm,J80,3478.6587878787886,,
dbpedia-entity,p20,0.02,cvl_llm,AUC,0.7066800165095951,,
dbpedia-entity,p20,0.02,cvl_rr,J50,2048.768888888889,,
dbpedia-entity,p20,0.02,cvl_rr,J80,3713.7611111111128,,
dbpedia-entity,p20,0.02,cvl_rr,AUC,0.6986597859876624,,
dbpedia-entity,p20,0.02,sel_pilot,J50,2043.8213559322035,,
dbpedia-entity,p20,0.02,sel_pilot,J80,3524.728172043011,,
dbpedia-entity,p20,0.02,sel_pilot,AUC,0.7100981166805278,,
dbpedia-entity,p20,0.02,sel_argmin,J50,2038.7788505747128,,
dbpedia-entity,p20,0.02,sel_argmin,J80,3500.9311458333336,,
dbpedia-entity,p20,0.02,sel_argmin,AUC,0.7108507757324822,,
dbpedia-entity,p20,0.02,uniform_nz,save_vs_uniform_J50,0.3938953562928683,0.20545444465952137,0.4413306762742264
dbpedia-entity,p20,0.02,weighted,save_vs_uniform_J50,0.5429334741478787,0.4083085119325847,0.5841941689074867
dbpedia-entity,p20,0.02,cvl_llm,HES_weighted_J50,0.19533568045466332,0.13327586052096316,0.264530568095341
dbpedia-entity,p20,0.02,cvl_rr,HES_weighted_J50,0.19429993533776324,0.13764411089842357,0.265209775186497
dbpedia-entity,p20,0.02,sel_pilot,HES_weighted_J50,0.19624560507373912,0.1365973323029299,0.2547358520292339
dbpedia-entity,p20,0.02,uniform_nz,save_vs_uniform_J80,,,
dbpedia-entity,p20,0.02,weighted,save_vs_uniform_J80,,,
dbpedia-entity,p20,0.02,cvl_llm,HES_weighted_J80,0.23681600586529983,0.06110319216632962,0.3551225088026467
dbpedia-entity,p20,0.02,cvl_rr,HES_weighted_J80,0.18523683670389934,0.055954528238987125,0.30506349712972997
dbpedia-entity,p20,0.02,sel_pilot,HES_weighted_J80,0.22670882986508722,0.07774431595155573,0.34826350727277383
dl212223,p20,0.01,uniform,J50,4578.612297297297,,
dl212223,p20,0.01,uniform,J80,,,
dl212223,p20,0.01,uniform,AUC,0.2583988186891951,,
dl212223,p20,0.01,uniform_nz,J50,3188.634761904762,,
dl212223,p20,0.01,uniform_nz,J80,4876.77427672956,,
dl212223,p20,0.01,uniform_nz,AUC,0.4490053030623962,,
dl212223,p20,0.01,weighted,J50,1957.7811979166668,,
dl212223,p20,0.01,weighted,J80,2563.363563218391,,
dl212223,p20,0.01,weighted,AUC,0.7310899431517222,,
dl212223,p20,0.01,cvl_llm,J50,1882.6038666666666,,
dl212223,p20,0.01,cvl_llm,J80,2420.8492380952384,,
dl212223,p20,0.01,cvl_llm,AUC,0.7550262013719145,,
dl212223,p20,0.01,sel_pilot,J50,1898.0293421052631,,
dl212223,p20,0.01,sel_pilot,J80,2482.5974074074074,,
dl212223,p20,0.01,sel_pilot,AUC,0.7494941002096002,,
dl212223,p20,0.01,sel_argmin,J50,1882.6038666666666,,
dl212223,p20,0.01,sel_argmin,J80,2420.8492380952384,,
dl212223,p20,0.01,sel_argmin,AUC,0.7550262013719145,,
dl212223,p20,0.01,uniform_nz,save_vs_uniform_J50,0.30358052727308293,0.2532255648454894,0.34267617850313087
dl212223,p20,0.01,weighted,save_vs_uniform_J50,0.5724072992438511,0.5513547691598175,0.5924152926589202
dl212223,p20,0.01,cvl_llm,HES_weighted_J50,0.03839925081004891,0.01679721875658456,0.06746571988953265
dl212223,p20,0.01,sel_pilot,HES_weighted_J50,0.030520190854313678,0.01028828387817364,0.05711858468792061
dl212223,p20,0.01,uniform_nz,save_vs_uniform_J80,,,
dl212223,p20,0.01,weighted,save_vs_uniform_J80,,,
dl212223,p20,0.01,cvl_llm,HES_weighted_J80,0.05559661031625995,0.022226757929787937,0.10431069993548853
dl212223,p20,0.01,sel_pilot,HES_weighted_J80,0.03150788166372265,0.00597412866764078,0.0795247756922233
dl212223,p20,0.02,uniform,J50,4092.1882730923694,,
dl212223,p20,0.02,uniform,J80,,,
dl212223,p20,0.02,uniform,AUC,0.3414017599411764,,
dl212223,p20,0.02,uniform_nz,J50,2613.0708333333337,,
dl212223,p20,0.02,uniform_nz,J80,4432.7417460317465,,
dl212223,p20,0.02,uniform_nz,AUC,0.5465198148110471,,
dl212223,p20,0.02,weighted,J50,1783.3806741573032,,
dl212223,p20,0.02,weighted,J80,2429.2202702702702,,
dl212223,p20,0.02,weighted,AUC,0.7530952769419657,,
dl212223,p20,0.02,cvl_llm,J50,1722.0091954022987,,
dl212223,p20,0.02,cvl_llm,J80,2249.1380000000004,,
dl212223,p20,0.02,cvl_llm,AUC,0.7711024860882292,,
dl212223,p20,0.02,sel_pilot,J50,1708.9202083333334,,
dl212223,p20,0.02,sel_pilot,J80,2288.1546666666673,,
dl212223,p20,0.02,sel_pilot,AUC,0.7698895069669389,,
dl212223,p20,0.02,sel_argmin,J50,1722.0091954022987,,
dl212223,p20,0.02,sel_argmin,J80,2249.1380000000004,,
dl212223,p20,0.02,sel_argmin,AUC,0.7711024860882292,,
dl212223,p20,0.02,uniform_nz,save_vs_uniform_J50,0.361449019705367,0.29857790506674475,0.39489510304995923
dl212223,p20,0.02,weighted,save_vs_uniform_J50,0.564198772113277,0.536252999111882,0.5823467165595381
dl212223,p20,0.02,cvl_llm,HES_weighted_J50,0.03441299978424639,0.011423021982051458,0.06554699505379934
dl212223,p20,0.02,sel_pilot,HES_weighted_J50,0.04175242386718947,0.024839084798273063,0.06612020376687207
dl212223,p20,0.02,uniform_nz,save_vs_uniform_J80,,,
dl212223,p20,0.02,weighted,save_vs_uniform_J80,,,
dl212223,p20,0.02,cvl_llm,HES_weighted_J80,0.07413171727331025,0.01945861929627668,0.13795573471988656
dl212223,p20,0.02,sel_pilot,HES_weighted_J80,0.058070322123529916,0.012557476438937716,0.1132803690272434
neuclir_eng,nc,0.01,uniform,J50,,,
neuclir_eng,nc,0.01,uniform,J80,,,
neuclir_eng,nc,0.01,uniform,AUC,0.1711507483519373,,
neuclir_eng,nc,0.01,uniform_nz,J50,2460.204865900383,,
neuclir_eng,nc,0.01,uniform_nz,J80,3134.4955555555557,,
neuclir_eng,nc,0.01,uniform_nz,AUC,0.49428474184484117,,
neuclir_eng,nc,0.01,weighted,J50,2007.1289743589743,,
neuclir_eng,nc,0.01,weighted,J80,2802.737692307692,,
neuclir_eng,nc,0.01,weighted,AUC,0.6133018271992768,,
neuclir_eng,nc,0.01,cvl_inv,J50,1952.2836666666665,,
neuclir_eng,nc,0.01,cvl_inv,J80,2807.142105263158,,
neuclir_eng,nc,0.01,cvl_inv,AUC,0.615060218524049,,
neuclir_eng,nc,0.01,cvl_llm,J50,1901.6378048780487,,
neuclir_eng,nc,0.01,cvl_llm,J80,2752.770877192983,,
neuclir_eng,nc,0.01,cvl_llm,AUC,0.6367177641579614,,
neuclir_eng,nc,0.01,cvl_rr,J50,1971.0485507246376,,
neuclir_eng,nc,0.01,cvl_rr,J80,2770.3615686274516,,
neuclir_eng,nc,0.01,cvl_rr,AUC,0.6168617049227962,,
neuclir_eng,nc,0.01,sel_pilot,J50,1913.3443333333332,,
neuclir_eng,nc,0.01,sel_pilot,J80,2754.556805555556,,
neuclir_eng,nc,0.01,sel_pilot,AUC,0.6362004072043673,,
neuclir_eng,nc,0.01,sel_argmin,J50,1910.5166666666667,,
neuclir_eng,nc,0.01,sel_argmin,J80,2732.381666666667,,
neuclir_eng,nc,0.01,sel_argmin,AUC,0.6351635905225411,,
neuclir_eng,nc,0.01,uniform_nz,save_vs_uniform_J50,,0.3985333309878448,0.43517417884050064
neuclir_eng,nc,0.01,weighted,save_vs_uniform_J50,,0.5084997420147434,0.5407028229581832
neuclir_eng,nc,0.01,cvl_inv,HES_weighted_J50,0.02732525333097946,0.0018753130633432683,0.06131143728207269
neuclir_eng,nc,0.01,cvl_llm,HES_weighted_J50,0.05255824156223787,0.02200882080796123,0.08968243964629506
neuclir_eng,nc,0.01,cvl_rr,HES_weighted_J50,0.01797613611046589,-0.004194771986550522,0.05077114450746294
neuclir_eng,nc,0.01,sel_pilot,HES_weighted_J50,0.04672576711498744,0.02243179392269229,0.08226309696249448
neuclir_eng,nc,0.01,uniform_nz,save_vs_uniform_J80,,,
neuclir_eng,nc,0.01,weighted,save_vs_uniform_J80,,,
neuclir_eng,nc,0.01,cvl_inv,HES_weighted_J80,-0.0015714681283067744,-0.07484347096803011,0.03588612340260146
neuclir_eng,nc,0.01,cvl_llm,HES_weighted_J80,0.017827859971286886,-0.01886230858425017,0.07167511050251098
neuclir_eng,nc,0.01,cvl_rr,HES_weighted_J80,0.011551606762594702,-0.06253961720701197,0.061864889104606295
neuclir_eng,nc,0.01,sel_pilot,HES_weighted_J80,0.017190651442113958,-0.0117548206777907,0.04849608761971231
neuclir_eng,nc,0.02,uniform,J50,3632.256486486486,,
neuclir_eng,nc,0.02,uniform,J80,,,
neuclir_eng,nc,0.02,uniform,AUC,0.24204127658972474,,
neuclir_eng,nc,0.02,uniform_nz,J50,2253.219,,
neuclir_eng,nc,0.02,uniform_nz,J80,3085.253333333334,,
neuclir_eng,nc,0.02,uniform_nz,AUC,0.5508515323828435,,
neuclir_eng,nc,0.02,weighted,J50,1814.7441666666666,,
neuclir_eng,nc,0.02,weighted,J80,2777.55,,
neuclir_eng,nc,0.02,weighted,AUC,0.6587214276978363,,
neuclir_eng,nc,0.02,cvl_inv,J50,1823.963043478261,,
neuclir_eng,nc,0.02,cvl_inv,J80,2558.2850000000008,,
neuclir_eng,nc,0.02,cvl_inv,AUC,0.665162458174618,,
neuclir_eng,nc,0.02,cvl_llm,J50,1775.9944,,
neuclir_eng,nc,0.02,cvl_llm,J80,2340.14,,
neuclir_eng,nc,0.02,cvl_llm,AUC,0.6792835951127841,,
neuclir_eng,nc,0.02,cvl_rr,J50,1829.6046666666668,,
neuclir_eng,nc,0.02,cvl_rr,J80,2582.5233333333335,,
neuclir_eng,nc,0.02,cvl_rr,AUC,0.6620192763763068,,
neuclir_eng,nc,0.02,sel_pilot,J50,1778.7785333333331,,
neuclir_eng,nc,0.02,sel_pilot,J80,2413.140555555557,,
neuclir_eng,nc,0.02,sel_pilot,AUC,0.6745496048676561,,
neuclir_eng,nc,0.02,sel_argmin,J50,1774.97,,
neuclir_eng,nc,0.02,sel_argmin,J80,2437.0933333333337,,
neuclir_eng,nc,0.02,sel_argmin,AUC,0.6771095235200747,,
neuclir_eng,nc,0.02,uniform_nz,save_vs_uniform_J50,0.3796641265882744,0.34386926219464137,0.40782676702762544
neuclir_eng,nc,0.02,weighted,save_vs_uniform_J50,0.5003810514432904,0.4715931465041549,0.522266166190218
neuclir_eng,nc,0.02,cvl_inv,HES_weighted_J50,-0.005079987020169208,-0.03488205453380451,0.020321675833937385
neuclir_eng,nc,0.02,cvl_llm,HES_weighted_J50,0.021352743476697578,0.001971489826191808,0.04761653628471668
neuclir_eng,nc,0.02,cvl_rr,HES_weighted_J50,-0.008188757552143544,-0.03932072223494299,0.01857537520757872
neuclir_eng,nc,0.02,sel_pilot,HES_weighted_J50,0.019818569467780933,0.0006179030074306121,0.045323975588990845
neuclir_eng,nc,0.02,uniform_nz,save_vs_uniform_J80,,,
neuclir_eng,nc,0.02,weighted,save_vs_uniform_J80,,,
neuclir_eng,nc,0.02,cvl_inv,HES_weighted_J80,0.07894187323360491,-0.010152468303629996,0.24391123828421
neuclir_eng,nc,0.02,cvl_llm,HES_weighted_J80,0.15748051340209912,0.013739170657346983,0.2630783973089697
neuclir_eng,nc,0.02,cvl_rr,HES_weighted_J80,0.07021535765932807,-0.03412162995828986,0.23341506208831073
neuclir_eng,nc,0.02,sel_pilot,HES_weighted_J80,0.13119815824897596,0.005857360334411324,0.2558317493158428
neuclir_eng,nc10,0.01,uniform,J50,,,
neuclir_eng,nc10,0.01,uniform,J80,,,
neuclir_eng,nc10,0.01,uniform,AUC,0.13865042410413883,,
neuclir_eng,nc10,0.01,uniform_nz,J50,2078.965925925926,,
neuclir_eng,nc10,0.01,uniform_nz,J80,,,
neuclir_eng,nc10,0.01,uniform_nz,AUC,0.38946696022215316,,
neuclir_eng,nc10,0.01,weighted,J50,1503.6127272727272,,
neuclir_eng,nc10,0.01,weighted,J80,,,
neuclir_eng,nc10,0.01,weighted,AUC,0.5198685953962139,,
neuclir_eng,nc10,0.01,cvl_inv,J50,1495.914761904762,,
neuclir_eng,nc10,0.01,cvl_inv,J80,,,
neuclir_eng,nc10,0.01,cvl_inv,AUC,0.526303502796645,,
neuclir_eng,nc10,0.01,cvl_llm,J50,1446.056851851852,,
neuclir_eng,nc10,0.01,cvl_llm,J80,,,
neuclir_eng,nc10,0.01,cvl_llm,AUC,0.5367556808799396,,
neuclir_eng,nc10,0.01,cvl_rr,J50,1461.6702500000001,,
neuclir_eng,nc10,0.01,cvl_rr,J80,,,
neuclir_eng,nc10,0.01,cvl_rr,AUC,0.5281043182277707,,
neuclir_eng,nc10,0.01,sel_pilot,J50,1409.7442857142858,,
neuclir_eng,nc10,0.01,sel_pilot,J80,,,
neuclir_eng,nc10,0.01,sel_pilot,AUC,0.5413141341020257,,
neuclir_eng,nc10,0.01,sel_argmin,J50,1406.4191228070176,,
neuclir_eng,nc10,0.01,sel_argmin,J80,,,
neuclir_eng,nc10,0.01,sel_argmin,AUC,0.5395711516429721,,
neuclir_eng,nc10,0.01,uniform_nz,save_vs_uniform_J50,,,
neuclir_eng,nc10,0.01,weighted,save_vs_uniform_J50,,,
neuclir_eng,nc10,0.01,cvl_inv,HES_weighted_J50,0.005119646321382176,-0.060299036225196875,0.05006085330131273
neuclir_eng,nc10,0.01,cvl_llm,HES_weighted_J50,0.03827839068991579,-0.01638259154513265,0.11370967924022066
neuclir_eng,nc10,0.01,cvl_rr,HES_weighted_J50,0.027894468111348658,-0.02833564020951235,0.08903519043421056
neuclir_eng,nc10,0.01,sel_pilot,HES_weighted_J50,0.062428602695257296,0.009291387061522032,0.12954728489582423
neuclir_eng,nc10,0.01,uniform_nz,save_vs_uniform_J80,,,
neuclir_eng,nc10,0.01,weighted,save_vs_uniform_J80,,,
neuclir_eng,nc10,0.01,cvl_inv,HES_weighted_J80,,,
neuclir_eng,nc10,0.01,cvl_llm,HES_weighted_J80,,,
neuclir_eng,nc10,0.01,cvl_rr,HES_weighted_J80,,,
neuclir_eng,nc10,0.01,sel_pilot,HES_weighted_J80,,,
neuclir_eng,nc10,0.02,uniform,J50,,,
neuclir_eng,nc10,0.02,uniform,J80,,,
neuclir_eng,nc10,0.02,uniform,AUC,0.19037746287121105,,
neuclir_eng,nc10,0.02,uniform_nz,J50,1885.4633333333334,,
neuclir_eng,nc10,0.02,uniform_nz,J80,,,
neuclir_eng,nc10,0.02,uniform_nz,AUC,0.4677619148789096,,
neuclir_eng,nc10,0.02,weighted,J50,1286.3208333333332,,
neuclir_eng,nc10,0.02,weighted,J80,,,
neuclir_eng,nc10,0.02,weighted,AUC,0.5827803475800735,,
neuclir_eng,nc10,0.02,cvl_inv,J50,1273.985376344086,,
neuclir_eng,nc10,0.02,cvl_inv,J80,,,
neuclir_eng,nc10,0.02,cvl_inv,AUC,0.5835061102865193,,
neuclir_eng,nc10,0.02,cvl_llm,J50,1208.4990476190476,,
neuclir_eng,nc10,0.02,cvl_llm,J80,,,
neuclir_eng,nc10,0.02,cvl_llm,AUC,0.6008950318245683,,
neuclir_eng,nc10,0.02,cvl_rr,J50,1271.9389285714287,,
neuclir_eng,nc10,0.02,cvl_rr,J80,,,
neuclir_eng,nc10,0.02,cvl_rr,AUC,0.5849914297989982,,
neuclir_eng,nc10,0.02,sel_pilot,J50,1186.0933333333332,,
neuclir_eng,nc10,0.02,sel_pilot,J80,,,
neuclir_eng,nc10,0.02,sel_pilot,AUC,0.5979583769263455,,
neuclir_eng,nc10,0.02,sel_argmin,J50,1185.43,,
neuclir_eng,nc10,0.02,sel_argmin,J80,,,
neuclir_eng,nc10,0.02,sel_argmin,AUC,0.5989491246356168,,
neuclir_eng,nc10,0.02,uniform_nz,save_vs_uniform_J50,,0.42090920955210576,0.49424033081719865
neuclir_eng,nc10,0.02,weighted,save_vs_uniform_J50,,0.6065124719574886,0.6530699788950901
neuclir_eng,nc10,0.02,cvl_inv,HES_weighted_J50,0.009589720285631542,-0.051027639808045255,0.052750764718392414
neuclir_eng,nc10,0.02,cvl_llm,HES_weighted_J50,0.06049951434948042,0.017550475148675186,0.11475535713887439
neuclir_eng,nc10,0.02,cvl_rr,HES_weighted_J50,0.011180651350126691,-0.05141729627205152,0.05871103191819544
neuclir_eng,nc10,0.02,sel_pilot,HES_weighted_J50,0.07791796370138349,0.03236367570466693,0.11877048654161573
neuclir_eng,nc10,0.02,uniform_nz,save_vs_uniform_J80,,,
neuclir_eng,nc10,0.02,weighted,save_vs_uniform_J80,,,
neuclir_eng,nc10,0.02,cvl_inv,HES_weighted_J80,,-0.11048954569608976,0.009831916606476905
neuclir_eng,nc10,0.02,cvl_llm,HES_weighted_J80,,-0.08449041717736823,0.024380188036603977
neuclir_eng,nc10,0.02,cvl_rr,HES_weighted_J80,,-0.0827725982741248,0.008746289791477003
neuclir_eng,nc10,0.02,sel_pilot,HES_weighted_J80,,-0.12773226087189554,0.008647859340772227
trec-covid,ho10_covid,0.01,uniform,J50,2238.076738351255,,
trec-covid,ho10_covid,0.01,uniform,J80,2746.603385826772,,
trec-covid,ho10_covid,0.01,uniform,AUC,0.2803688457318059,,
trec-covid,ho10_covid,0.01,uniform_nz,J50,1609.7909523809524,,
trec-covid,ho10_covid,0.01,uniform_nz,J80,1932.323654618474,,
trec-covid,ho10_covid,0.01,uniform_nz,AUC,0.572210317340047,,
trec-covid,ho10_covid,0.01,weighted,J50,1208.5520588235295,,
trec-covid,ho10_covid,0.01,weighted,J80,1429.069315068493,,
trec-covid,ho10_covid,0.01,weighted,AUC,0.7817225182019495,,
trec-covid,ho10_covid,0.01,cvl_llm,J50,1018.4986764705883,,
trec-covid,ho10_covid,0.01,cvl_llm,J80,1195.721,,
trec-covid,ho10_covid,0.01,cvl_llm,AUC,0.8620585782992828,,
trec-covid,ho10_covid,0.01,cvl_rr,J50,1132.7386842105263,,
trec-covid,ho10_covid,0.01,cvl_rr,J80,1320.7005128205128,,
trec-covid,ho10_covid,0.01,cvl_rr,AUC,0.8181268863415689,,
trec-covid,ho10_covid,0.01,sel_pilot,J50,1017.8441935483871,,
trec-covid,ho10_covid,0.01,sel_pilot,J80,1181.5425,,
trec-covid,ho10_covid,0.01,sel_pilot,AUC,0.8661455599029941,,
trec-covid,ho10_covid,0.01,sel_argmin,J50,1016.5196875,,
trec-covid,ho10_covid,0.01,sel_argmin,J80,1181.99115942029,,
trec-covid,ho10_covid,0.01,sel_argmin,AUC,0.8663225035399033,,
trec-covid,ho10_covid,0.01,uniform_nz,save_vs_uniform_J50,0.28072575671965017,0.2536575411717058,0.31385374928861004
trec-covid,ho10_covid,0.01,weighted,save_vs_uniform_J50,0.4600041910476024,0.43987533484582125,0.4805298887397828
trec-covid,ho10_covid,0.01,cvl_llm,HES_weighted_J50,0.15725709204281157,0.13594263214988275,0.18054188060179518
trec-covid,ho10_covid,0.01,cvl_rr,HES_weighted_J50,0.06273074797191935,0.03346556673454088,0.09241033707044063
trec-covid,ho10_covid,0.01,sel_pilot,HES_weighted_J50,0.1577986350549001,0.13475393709000327,0.18161757312464177
trec-covid,ho10_covid,0.01,uniform_nz,save_vs_uniform_J80,0.2964678975531033,0.2737745166806042,0.32419619538222916
trec-covid,ho10_covid,0.01,weighted,save_vs_uniform_J80,0.47969578627810505,0.4678359339075403,0.4963343304670783
trec-covid,ho10_covid,0.01,cvl_llm,HES_weighted_J80,0.16328691170400578,0.12891997965366134,0.18469843697636745
trec-covid,ho10_covid,0.01,cvl_rr,HES_weighted_J80,0.07583173265656906,0.03315349102214969,0.10047407319666131
trec-covid,ho10_covid,0.01,sel_pilot,HES_weighted_J80,0.17320840386012315,0.14182289335839188,0.19176690284225048
trec-covid,ho10_covid,0.02,uniform,J50,2114.372868217054,,
trec-covid,ho10_covid,0.02,uniform,J80,2688.6861635220125,,
trec-covid,ho10_covid,0.02,uniform,AUC,0.32777529020824775,,
trec-covid,ho10_covid,0.02,uniform_nz,J50,1538.6104219409283,,
trec-covid,ho10_covid,0.02,uniform_nz,J80,1754.856274509804,,
trec-covid,ho10_covid,0.02,uniform_nz,AUC,0.6258735515356959,,
trec-covid,ho10_covid,0.02,weighted,J50,1136.3180952380953,,
trec-covid,ho10_covid,0.02,weighted,J80,1376.6192018779343,,
trec-covid,ho10_covid,0.02,weighted,AUC,0.8114732517260508,,
trec-covid,ho10_covid,0.02,cvl_llm,J50,967.634367816092,,
trec-covid,ho10_covid,0.02,cvl_llm,J80,1158.8434375000002,,
trec-covid,ho10_covid,0.02,cvl_llm,AUC,0.8847498945638169,,
trec-covid,ho10_covid,0.02,cvl_rr,J50,1074.1579545454547,,
trec-covid,ho10_covid,0.02,cvl_rr,J80,1231.5979310344828,,
trec-covid,ho10_covid,0.02,cvl_rr,AUC,0.8491433188196035,,
trec-covid,ho10_covid,0.02,sel_pilot,J50,964.4072549019609,,
trec-covid,ho10_covid,0.02,sel_pilot,J80,1141.2088888888889,,
trec-covid,ho10_covid,0.02,sel_pilot,AUC,0.8897003611867923,,
trec-covid,ho10_covid,0.02,sel_argmin,J50,964.3684705882354,,
trec-covid,ho10_covid,0.02,sel_argmin,J80,1140.378181818182,,
trec-covid,ho10_covid,0.02,sel_argmin,AUC,0.8899215136136257,,
trec-covid,ho10_covid,0.02,uniform_nz,save_vs_uniform_J50,0.2723088509746333,0.23905812071235488,0.3018520543657122
trec-covid,ho10_covid,0.02,weighted,save_vs_uniform_J50,0.46257440571667185,0.4391323458820474,0.4917889948577895
trec-covid,ho10_covid,0.02,cvl_llm,HES_weighted_J50,0.14844762934683242,0.11492858632458308,0.1701093266471482
trec-covid,ho10_covid,0.02,cvl_rr,HES_weighted_J50,0.054703116102024274,0.016449136508888455,0.08385896860485682
trec-covid,ho10_covid,0.02,sel_pilot,HES_weighted_J50,0.15128760252657392,0.11967541863171434,0.17343675450996363
trec-covid,ho10_covid,0.02,uniform_nz,save_vs_uniform_J80,0.3473182931060087,0.33082821394789164,0.3604584332953692
trec-covid,ho10_covid,0.02,weighted,save_vs_uniform_J80,0.48799557919595626,0.47279843784498576,0.5056653663533617
trec-covid,ho10_covid,0.02,cvl_llm,HES_weighted_J80,0.1581960821706193,0.12887822069771435,0.18543664278239216
trec-covid,ho10_covid,0.02,cvl_rr,HES_weighted_J80,0.10534595961295523,0.07231536993336274,0.1340889203547306
trec-covid,ho10_covid,0.02,sel_pilot,HES_weighted_J80,0.17100612331130294,0.1428766855535791,0.19829063400646935
trec-covid,ho_covid,0.01,uniform,J50,2533.9094166666664,,
trec-covid,ho_covid,0.01,uniform,J80,2911.5884353741494,,
trec-covid,ho_covid,0.01,uniform,AUC,0.3676578056380146,,
trec-covid,ho_covid,0.01,uniform_nz,J50,2137.6648205128204,,
trec-covid,ho_covid,0.01,uniform_nz,J80,2341.6426666666666,,
trec-covid,ho_covid,0.01,uniform_nz,AUC,0.623950909105365,,
trec-covid,ho_covid,0.01,weighted,J50,1894.999619047619,,
trec-covid,ho_covid,0.01,weighted,J80,2017.3260952380951,,
trec-covid,ho_covid,0.01,weighted,AUC,0.7891166056080743,,
trec-covid,ho_covid,0.01,cvl_llm,J50,1768.2877777777778,,
trec-covid,ho_covid,0.01,cvl_llm,J80,1862.5680701754386,,
trec-covid,ho_covid,0.01,cvl_llm,AUC,0.8625614969376264,,
trec-covid,ho_covid,0.01,cvl_rr,J50,1845.3159360730594,,
trec-covid,ho_covid,0.01,cvl_rr,J80,1984.7024999999999,,
trec-covid,ho_covid,0.01,cvl_rr,AUC,0.8105738920158047,,
trec-covid,ho_covid,0.01,sel_pilot,J50,1768.2877777777778,,
trec-covid,ho_covid,0.01,sel_pilot,J80,1862.5404385964912,,
trec-covid,ho_covid,0.01,sel_pilot,AUC,0.8629062161342467,,
trec-covid,ho_covid,0.01,sel_argmin,J50,1768.2877777777778,,
trec-covid,ho_covid,0.01,sel_argmin,J80,1862.5680701754386,,
trec-covid,ho_covid,0.01,sel_argmin,AUC,0.862899660397523,,
trec-covid,ho_covid,0.01,uniform_nz,save_vs_uniform_J50,0.15637678030144508,0.13740918780424227,0.16939842101039845
trec-covid,ho_covid,0.01,weighted,save_vs_uniform_J50,0.25214389804807114,0.23932598626102952,0.2633233370006125
trec-covid,ho_covid,0.01,cvl_llm,HES_weighted_J50,0.06686642044473001,0.055966308388486846,0.07893333291368236
trec-covid,ho_covid,0.01,cvl_rr,HES_weighted_J50,0.026218307631918902,0.014520204735577106,0.03928957586762324
trec-covid,ho_covid,0.01,sel_pilot,HES_weighted_J50,0.06686642044473001,0.055732853996634954,0.07890749526065166
trec-covid,ho_covid,0.01,uniform_nz,save_vs_uniform_J80,0.19575080110326193,0.18122975552457823,0.20812452578310833
trec-covid,ho_covid,0.01,weighted,save_vs_uniform_J80,0.30713899302225334,0.29600463607566707,0.31744089461003133
trec-covid,ho_covid,0.01,cvl_llm,HES_weighted_J80,0.07671443175595827,0.0688920798532646,0.08567841803214471
trec-covid,ho_covid,0.01,cvl_rr,HES_weighted_J80,0.016171701399740668,0.007667763897967542,0.025032468697699616
trec-covid,ho_covid,0.01,sel_pilot,HES_weighted_J80,0.07672812888653746,0.06906706762962166,0.08488848104484394
trec-covid,ho_covid,0.02,uniform,J50,2453.1142424242425,,
trec-covid,ho_covid,0.02,uniform,J80,2822.6989959839357,,
trec-covid,ho_covid,0.02,uniform,AUC,0.42864188323233365,,
trec-covid,ho_covid,0.02,uniform_nz,J50,2094.3167759562843,,
trec-covid,ho_covid,0.02,uniform_nz,J80,2288.510170068027,,
trec-covid,ho_covid,0.02,uniform_nz,AUC,0.6742902641294322,,
trec-covid,ho_covid,0.02,weighted,J50,1868.813153153153,,
trec-covid,ho_covid,0.02,weighted,J80,2000.7026523297493,,
trec-covid,ho_covid,0.02,weighted,AUC,0.8222173379658557,,
trec-covid,ho_covid,0.02,cvl_llm,J50,1749.811072796935,,
trec-covid,ho_covid,0.02,cvl_llm,J80,1819.8746666666666,,
trec-covid,ho_covid,0.02,cvl_llm,AUC,0.8945549872718774,,
trec-covid,ho_covid,0.02,cvl_rr,J50,1817.3975308641975,,
trec-covid,ho_covid,0.02,cvl_rr,J80,1942.29209039548,,
trec-covid,ho_covid,0.02,cvl_rr,AUC,0.8487538443883585,,
trec-covid,ho_covid,0.02,sel_pilot,J50,1750.3559770114944,,
trec-covid,ho_covid,0.02,sel_pilot,J80,1812.6274166666667,,
trec-covid,ho_covid,0.02,sel_pilot,AUC,0.8954183714368409,,
trec-covid,ho_covid,0.02,sel_argmin,J50,1750.2441085271319,,
trec-covid,ho_covid,0.02,sel_argmin,J80,1810.32,,
trec-covid,ho_covid,0.02,sel_argmin,AUC,0.89591519935128,,
trec-covid,ho_covid,0.02,uniform_nz,save_vs_uniform_J50,0.14626202900089302,0.1303888704707752,0.16191449287021828
trec-covid,ho_covid,0.02,weighted,save_vs_uniform_J50,0.23818747580775745,0.22225684579211244,0.2509954311963779
trec-covid,ho_covid,0.02,cvl_llm,HES_weighted_J50,0.06367789104835442,0.054665983996585316,0.0723150628364993
trec-covid,ho_covid,0.02,cvl_rr,HES_weighted_J50,0.027512446711007277,0.015564903692560219,0.03985323787220091
trec-covid,ho_covid,0.02,sel_pilot,HES_weighted_J50,0.06338631336246325,0.05418009918938759,0.0722302133221018
trec-covid,ho_covid,0.02,uniform_nz,save_vs_uniform_J80,0.18924753460285315,0.17090007787904482,0.2041924863503092
trec-covid,ho_covid,0.02,weighted,save_vs_uniform_J80,0.29120935134199644,0.2749906368412603,0.30388166602483707
trec-covid,ho_covid,0.02,cvl_llm,HES_weighted_J80,0.09038223918607535,0.07522653551037678,0.10149758469288053
trec-covid,ho_covid,0.02,cvl_rr,HES_weighted_J80,0.029195023991322344,0.01637400038725709,0.045942003789516066
trec-covid,ho_covid,0.02,sel_pilot,HES_weighted_J80,0.09400459155890828,0.07989610883827082,0.10279097623573674
webis-touche2020,ho10_touche,0.01,uniform,J50,655.4066666666666,,
webis-touche2020,ho10_touche,0.01,uniform,J80,919.8451111111111,,
webis-touche2020,ho10_touche,0.01,uniform,AUC,0.6623650350357171,,
webis-touche2020,ho10_touche,0.01,uniform_nz,J50,565.9425454545454,,
webis-touche2020,ho10_touche,0.01,uniform_nz,J80,734.4476666666668,,
webis-touche2020,ho10_touche,0.01,uniform_nz,AUC,0.7572569609684586,,
webis-touche2020,ho10_touche,0.01,weighted,J50,500.9901886792453,,
webis-touche2020,ho10_touche,0.01,weighted,J80,630.4958024691358,,
webis-touche2020,ho10_touche,0.01,weighted,AUC,0.828184809271388,,
webis-touche2020,ho10_touche,0.01,cvl_llm,J50,456.89099290780143,,
webis-touche2020,ho10_touche,0.01,cvl_llm,J80,539.1633333333333,,
webis-touche2020,ho10_touche,0.01,cvl_llm,AUC,0.8768596557808712,,
webis-touche2020,ho10_touche,0.01,cvl_rr,J50,492.28677655677654,,
webis-touche2020,ho10_touche,0.01,cvl_rr,J80,606.0288235294119,,
webis-touche2020,ho10_touche,0.01,cvl_rr,AUC,0.8410850098484747,,
webis-touche2020,ho10_touche,0.01,sel_pilot,J50,456.89099290780143,,
webis-touche2020,ho10_touche,0.01,sel_pilot,J80,539.1633333333333,,
webis-touche2020,ho10_touche,0.01,sel_pilot,AUC,0.8768596557808712,,
webis-touche2020,ho10_touche,0.01,sel_argmin,J50,456.89099290780143,,
webis-touche2020,ho10_touche,0.01,sel_argmin,J80,539.1633333333333,,
webis-touche2020,ho10_touche,0.01,sel_argmin,AUC,0.8768596557808712,,
webis-touche2020,ho10_touche,0.01,uniform_nz,save_vs_uniform_J50,0.1365016954544067,0.07628859149649851,0.1777382443894108
webis-touche2020,ho10_touche,0.01,weighted,save_vs_uniform_J50,0.23560406971868053,0.1813652979264079,0.27389491047864284
webis-touche2020,ho10_touche,0.01,cvl_llm,HES_weighted_J50,0.088024070666338,0.06257281783113972,0.1061307632845841
webis-touche2020,ho10_touche,0.01,cvl_rr,HES_weighted_J50,0.01737242029711894,-0.0007635009291494792,0.031650834254366565
webis-touche2020,ho10_touche,0.01,sel_pilot,HES_weighted_J50,0.088024070666338,0.06257281783113972,0.1061307632845841
webis-touche2020,ho10_touche,0.01,uniform_nz,save_vs_uniform_J80,0.20155289429162337,0.1048440888728554,0.30338028659393806
webis-touche2020,ho10_touche,0.01,weighted,save_vs_uniform_J80,0.3145630771385639,0.2724827396682694,0.38100100828002065
webis-touche2020,ho10_touche,0.01,cvl_llm,HES_weighted_J80,0.14485817158199632,0.08091533165962816,0.19713944574698647
webis-touche2020,ho10_touche,0.01,cvl_rr,HES_weighted_J80,0.03880593470076543,-0.004571621898733677,0.06698059546518904
webis-touche2020,ho10_touche,0.01,sel_pilot,HES_weighted_J80,0.14485817158199632,0.08091533165962816,0.19713944574698647
webis-touche2020,ho10_touche,0.02,uniform,J50,599.6121839080461,,
webis-touche2020,ho10_touche,0.02,uniform,J80,778.9523456790124,,
webis-touche2020,ho10_touche,0.02,uniform,AUC,0.7380110905190205,,
webis-touche2020,ho10_touche,0.02,uniform_nz,J50,508.5864705882353,,
webis-touche2020,ho10_touche,0.02,uniform_nz,J80,629.7766666666666,,
webis-touche2020,ho10_touche,0.02,uniform_nz,AUC,0.8203593785500284,,
webis-touche2020,ho10_touche,0.02,weighted,J50,476.3529032258064,,
webis-touche2020,ho10_touche,0.02,weighted,J80,551.9294736842105,,
webis-touche2020,ho10_touche,0.02,weighted,AUC,0.8721426773644747,,
webis-touche2020,ho10_touche,0.02,cvl_llm,J50,440.96965174129355,,
webis-touche2020,ho10_touche,0.02,cvl_llm,J80,498.01158974358975,,
webis-touche2020,ho10_touche,0.02,cvl_llm,AUC,0.9024951300225095,,
webis-touche2020,ho10_touche,0.02,cvl_rr,J50,474.96971631205673,,
webis-touche2020,ho10_touche,0.02,cvl_rr,J80,547.6686666666667,,
webis-touche2020,ho10_touche,0.02,cvl_rr,AUC,0.874537586460323,,
webis-touche2020,ho10_touche,0.02,sel_pilot,J50,440.96965174129355,,
webis-touche2020,ho10_touche,0.02,sel_pilot,J80,498.01158974358975,,
webis-touche2020,ho10_touche,0.02,sel_pilot,AUC,0.9024951300225095,,
webis-touche2020,ho10_touche,0.02,sel_argmin,J50,440.96965174129355,,
webis-touche2020,ho10_touche,0.02,sel_argmin,J80,498.01158974358975,,
webis-touche2020,ho10_touche,0.02,sel_argmin,AUC,0.9024951300225095,,
webis-touche2020,ho10_touche,0.02,uniform_nz,save_vs_uniform_J50,0.1518076446121217,0.08958820137708076,0.1788218026928529
webis-touche2020,ho10_touche,0.02,weighted,save_vs_uniform_J50,0.20556500349756424,0.1587907999094123,0.2357211413958223
webis-touche2020,ho10_touche,0.02,cvl_llm,HES_weighted_J50,0.07427949162249581,0.05696137739393118,0.09151419128781371
webis-touche2020,ho10_touche,0.02,cvl_rr,HES_weighted_J50,0.0029037020754631993,-0.01697873479106721,0.024967333024998577
webis-touche2020,ho10_touche,0.02,sel_pilot,HES_weighted_J50,0.07427949162249581,0.05696137739393118,0.09151419128781371
webis-touche2020,ho10_touche,0.02,uniform_nz,save_vs_uniform_J80,0.19150809396730095,0.14710241544256794,0.24100363721796172
webis-touche2020,ho10_touche,0.02,weighted,save_vs_uniform_J80,0.29144641935304294,0.260433660855745,0.3381073386432514
webis-touche2020,ho10_touche,0.02,cvl_llm,HES_weighted_J80,0.09768980732395194,0.06280264149117505,0.12101556393369582
webis-touche2020,ho10_touche,0.02,cvl_rr,HES_weighted_J80,0.007719839618461233,-0.03304301776912911,0.03922391532162163
webis-touche2020,ho10_touche,0.02,sel_pilot,HES_weighted_J80,0.09768980732395194,0.06280264149117505,0.12101556393369582
webis-touche2020,ho_touche,0.01,uniform,J50,912.9021568627451,,
webis-touche2020,ho_touche,0.01,uniform,J80,1018.5285714285716,,
webis-touche2020,ho_touche,0.01,uniform,AUC,0.7567761768128498,,
webis-touche2020,ho_touche,0.01,uniform_nz,J50,857.021111111111,,
webis-touche2020,ho_touche,0.01,uniform_nz,J80,950.5140211640212,,
webis-touche2020,ho_touche,0.01,uniform_nz,AUC,0.8285106446887456,,
webis-touche2020,ho_touche,0.01,weighted,J50,830.3221468926554,,
webis-touche2020,ho_touche,0.01,weighted,J80,885.1803921568628,,
webis-touche2020,ho_touche,0.01,weighted,AUC,0.871866448097746,,
webis-touche2020,ho_touche,0.01,cvl_llm,J50,801.6753455284553,,
webis-touche2020,ho_touche,0.01,cvl_llm,J80,829.9145061728395,,
webis-touche2020,ho_touche,0.01,cvl_llm,AUC,0.9080280177290518,,
webis-touche2020,ho_touche,0.01,cvl_rr,J50,820.7878787878789,,
webis-touche2020,ho_touche,0.01,cvl_rr,J80,875.5080327868852,,
webis-touche2020,ho_touche,0.01,cvl_rr,AUC,0.8803854453404757,,
webis-touche2020,ho_touche,0.01,sel_pilot,J50,801.6753455284553,,
webis-touche2020,ho_touche,0.01,sel_pilot,J80,829.9145061728395,,
webis-touche2020,ho_touche,0.01,sel_pilot,AUC,0.9080280177290518,,
webis-touche2020,ho_touche,0.01,sel_argmin,J50,801.6753455284553,,
webis-touche2020,ho_touche,0.01,sel_argmin,J80,829.9145061728395,,
webis-touche2020,ho_touche,0.01,sel_argmin,AUC,0.9080280177290518,,
webis-touche2020,ho_touche,0.01,uniform_nz,save_vs_uniform_J50,0.06121252461892879,0.0389229468444382,0.08088045924738096
webis-touche2020,ho_touche,0.01,weighted,save_vs_uniform_J50,0.09045877408580338,0.06904123677453523,0.10662357831831987
webis-touche2020,ho_touche,0.01,cvl_llm,HES_weighted_J50,0.03450082774668373,0.028952503213644412,0.04382960750405466
webis-touche2020,ho_touche,0.01,cvl_rr,HES_weighted_J50,0.011482613273001263,0.003567408443897649,0.02208410526311526
webis-touche2020,ho_touche,0.01,sel_pilot,HES_weighted_J50,0.03450082774668373,0.028952503213644412,0.04382960750405466
webis-touche2020,ho_touche,0.01,uniform_nz,save_vs_uniform_J80,0.06677726297766429,0.051873732030029616,0.0846151751357369
webis-touche2020,ho_touche,0.01,weighted,save_vs_uniform_J80,0.13092237470047285,0.11928887928974118,0.14348528914854833
webis-touche2020,ho_touche,0.01,cvl_llm,HES_weighted_J80,0.06243460256655753,0.05315063035020397,0.07031264952152615
webis-touche2020,ho_touche,0.01,cvl_rr,HES_weighted_J80,0.010926992346056763,0.002717652574563651,0.020863398924941778
webis-touche2020,ho_touche,0.01,sel_pilot,HES_weighted_J80,0.06243460256655753,0.05315063035020397,0.07031264952152615
webis-touche2020,ho_touche,0.02,uniform,J50,865.5993333333333,,
webis-touche2020,ho_touche,0.02,uniform,J80,967.2293427230046,,
webis-touche2020,ho_touche,0.02,uniform,AUC,0.8093869380805545,,
webis-touche2020,ho_touche,0.02,uniform_nz,J50,836.342925170068,,
webis-touche2020,ho_touche,0.02,uniform_nz,J80,893.0322727272727,,
webis-touche2020,ho_touche,0.02,uniform_nz,AUC,0.8605284729492424,,
webis-touche2020,ho_touche,0.02,weighted,J50,816.3777254901961,,
webis-touche2020,ho_touche,0.02,weighted,J80,857.2691324200914,,
webis-touche2020,ho_touche,0.02,weighted,AUC,0.8922887668487793,,
webis-touche2020,ho_touche,0.02,cvl_llm,J50,794.6091975308642,,
webis-touche2020,ho_touche,0.02,cvl_llm,J80,810.0777160493827,,
webis-touche2020,ho_touche,0.02,cvl_llm,AUC,0.9207016549885921,,
webis-touche2020,ho_touche,0.02,cvl_rr,J50,807.9830208333334,,
webis-touche2020,ho_touche,0.02,cvl_rr,J80,834.2618115942029,,
webis-touche2020,ho_touche,0.02,cvl_rr,AUC,0.9019375186601399,,
webis-touche2020,ho_touche,0.02,sel_pilot,J50,794.6091975308642,,
webis-touche2020,ho_touche,0.02,sel_pilot,J80,810.0777160493827,,
webis-touche2020,ho_touche,0.02,sel_pilot,AUC,0.9207016549885921,,
webis-touche2020,ho_touche,0.02,sel_argmin,J50,794.6091975308642,,
webis-touche2020,ho_touche,0.02,sel_argmin,J80,810.0777160493827,,
webis-touche2020,ho_touche,0.02,sel_argmin,AUC,0.9207016549885921,,
webis-touche2020,ho_touche,0.02,uniform_nz,save_vs_uniform_J50,0.033799018826183636,0.014882459092293816,0.05069089741482686
webis-touche2020,ho_touche,0.02,weighted,save_vs_uniform_J50,0.05686419333710657,0.038838862588454225,0.0731230571657444
webis-touche2020,ho_touche,0.02,cvl_llm,HES_weighted_J50,0.02666477450283311,0.019816001174474077,0.031494117352216945
webis-touche2020,ho_touche,0.02,cvl_rr,HES_weighted_J50,0.01028286832767522,0.003059909726893878,0.015577980696313352
webis-touche2020,ho_touche,0.02,sel_pilot,HES_weighted_J50,0.02666477450283311,0.019816001174474077,0.031494117352216945
webis-touche2020,ho_touche,0.02,uniform_nz,save_vs_uniform_J80,0.0767109378493912,0.05705671532115621,0.09518144341958108
webis-touche2020,ho_touche,0.02,weighted,save_vs_uniform_J80,0.11368576763122828,0.10211935442130403,0.13234693111235815
webis-touche2020,ho_touche,0.02,cvl_llm,HES_weighted_J80,0.05504854261751635,0.04224996177615977,0.0621101953981069
webis-touche2020,ho_touche,0.02,cvl_rr,HES_weighted_J80,0.026837920503375967,0.01531499923572543,0.03482936729888942
webis-touche2020,ho_touche,0.02,sel_pilot,HES_weighted_J80,0.05504854261751635,0.04224996177615977,0.0621101953981069
