eps,selector,excess_vs_best_fixed,lo,hi,best_fixed,picks
0.05,uniform,0.008601451320992173,0.0,0.03738980961315874,uniform_cvl:qwen3_8b,
0.05,uniform_cvl:longer,0.01161754464134003,0.0,0.03911986754666604,uniform_cvl:qwen3_8b,
0.05,uniform_cvl:mistral_7b,0.01161754464134003,0.0006736315329624904,0.03899790485162038,uniform_cvl:qwen3_8b,
0.05,uniform_cvl:qwen3_8b,0.0,0.0,0.014400635272771238,uniform_cvl:qwen3_8b,
0.05,sel_accuracy,0.017372389367520988,0.005860444006757475,0.046280172826985586,uniform_cvl:qwen3_8b,"{'uniform_cvl:qwen3_8b': np.float64(0.53), 'uniform_cvl:longer': np.float64(0.3), 'uniform_cvl:mistral_7b': np.float64(0.17)}"
0.05,sel_rho,0.014920884944578093,-0.0008225552555694843,0.042544720325793844,uniform_cvl:qwen3_8b,"{'uniform_cvl:qwen3_8b': np.float64(0.73), 'uniform_cvl:longer': np.float64(0.23), 'uniform_cvl:mistral_7b': np.float64(0.04)}"
0.05,sel_pilotcost,0.011098646865796247,-0.002953823056181059,0.04556888498383168,uniform_cvl:qwen3_8b,"{'uniform': np.float64(0.8), 'uniform_cvl:qwen3_8b': np.float64(0.17), 'uniform_cvl:longer': np.float64(0.03), 'uniform_cvl:mistral_7b': np.float64(0.0)}"
0.1,uniform,0.0,0.0,0.02338323331603374,uniform,
0.1,uniform_cvl:longer,0.0047786940450795954,0.0,0.048097389505278657,uniform,
0.1,uniform_cvl:mistral_7b,0.006756084684422737,0.0,0.038924773932558235,uniform,
0.1,uniform_cvl:qwen3_8b,0.0033780423422114336,0.0,0.03268124853135089,uniform,
0.1,sel_accuracy,0.018134753626608442,0.004425438986310569,0.07368988605803646,uniform,"{'uniform_cvl:qwen3_8b': np.float64(0.53), 'uniform_cvl:longer': np.float64(0.3), 'uniform_cvl:mistral_7b': np.float64(0.17)}"
0.1,sel_rho,0.012547014413927996,0.001119850356790862,0.06126564906572171,uniform,"{'uniform_cvl:qwen3_8b': np.float64(0.73), 'uniform_cvl:longer': np.float64(0.23), 'uniform_cvl:mistral_7b': np.float64(0.04)}"
0.1,sel_pilotcost,0.0047786940450795954,-1.8467830698418288e-05,0.03180283502725773,uniform,"{'uniform': np.float64(0.93), 'uniform_cvl:qwen3_8b': np.float64(0.07), 'uniform_cvl:longer': np.float64(0.01)}"
