eps,design,metric,value,lo,hi
0.02,uniform,J50,378.18823529411765,368.8790322580645,386.1015668828892
0.02,uniform,J80,434.4752941176471,430.7516129032258,437.6406267531557
0.02,uniform_cvl:qwen3_8b,J50,376.50299401197606,362.0976202588802,384.43970343181405
0.02,uniform_cvl:qwen3_8b,J80,433.80119760479045,428.62470681567333,436.9758813727256
0.02,active_cvl:qwen3_8b,J50,370.5,356.8999119193989,380.05229885057474
0.02,active_cvl:qwen3_8b,J80,431.4,427.35238673298534,435.2209195402299
0.02,uniform_cvl:qwen3_8b@o1,J50,373.55555555555554,356.8204624238965,384.00059937746727
0.02,uniform_cvl:qwen3_8b@o1,J80,432.62222222222226,427.16026395435375,436.8002397509869
0.02,active_cvl:qwen3_8b@o1,J50,374.3680981595092,361.47482294871793,384.5695054945055
0.02,active_cvl:qwen3_8b@o1,J80,432.9472392638037,428.72855225311605,437.0278021978022
0.02,uniform_cvl:qwen3_8b@o2,J50,378.7368421052632,368.35001832844574,386.34888980736054
0.02,uniform_cvl:qwen3_8b@o2,J80,434.69473684210527,430.5400073313783,437.7395559229442
0.02,active_cvl:qwen3_8b@o2,J50,367.5,350.9508656716418,376.8499751975339
0.02,active_cvl:qwen3_8b@o2,J80,430.20000000000005,425.35318390986987,433.93999007901357
0.02,uniform_cvl:mistral_7b,J50,377.07142857142856,367.1414675324675,384.50992373288494
0.02,uniform_cvl:mistral_7b,J80,434.02857142857147,430.05658701298705,437.003969493154
0.02,active_cvl:mistral_7b,J50,375.46060606060604,362.12319417750143,383.60934103886535
0.02,active_cvl:mistral_7b,J80,433.3842424242424,428.72296019439943,436.64373641554613
0.02,uniform_cvl:mistral_7b@o1,J50,377.07142857142856,363.1400204678362,385.1817166339985
0.02,uniform_cvl:mistral_7b@o1,J80,434.02857142857147,429.0041216216216,437.27268665359946
0.02,active_cvl:mistral_7b@o1,J50,378.2794117647059,368.9657258064516,385.8692540322581
0.02,active_cvl:mistral_7b@o1,J80,434.51176470588234,430.78629032258067,437.5477016129032
0.02,uniform_cvl:mistral_7b@o2,J50,377.63313609467457,367.38125,387.05777925531913
0.02,uniform_cvl:mistral_7b@o2,J80,434.2532544378698,430.15250000000003,438.02311170212766
0.02,active_cvl:mistral_7b@o2,J50,377.0208333333333,367.0976661936704,386.082823457223
0.02,active_cvl:mistral_7b@o2,J80,434.0083333333333,430.03906647746817,437.6331293828892
0.02,uniform_cvl:longer,J50,375.3454545454546,364.30325870646766,384.7060597189696
0.02,uniform_cvl:longer,J80,433.33818181818185,429.1405761904762,437.0824238875878
0.02,active_cvl:longer,J50,374.7225609756097,363.55053333333336,384.3265031075482
0.02,active_cvl:longer,J80,433.08902439024394,428.98355225311604,436.9306012430193
0.02,uniform_cvo:qwen3_8b,J50,373.55555555555554,358.346862745098,382.738668071161
0.02,uniform_cvo:qwen3_8b,J80,432.62222222222226,428.00685333018424,436.2954672284644
0.02,uniform_cvo:qwen3_8b@o1,J50,375.3454545454546,363.0471238095238,384.68251366120217
0.02,uniform_cvo:qwen3_8b@o1,J80,433.33818181818185,428.8051689189189,437.07300546448084
0.02,uniform_cvo:qwen3_8b@o2,J50,377.63313609467457,367.2677900021363,384.950422161825
0.02,uniform_cvo:qwen3_8b@o2,J80,434.2532544378698,430.10711600085455,437.18016886473
0.02,uniform_cvo:mistral_7b,J50,377.07142857142856,366.118375,384.79871081787064
0.02,uniform_cvo:mistral_7b,J80,434.02857142857147,429.64735,437.11948432714826
0.02,uniform_cvo:mistral_7b@o1,J50,378.18823529411765,368.07670613700026,386.2193691284868
0.02,uniform_cvo:mistral_7b@o1,J80,434.4752941176471,430.4306824548001,437.6877476513948
0.02,uniform_cvo:mistral_7b@o2,J50,377.63313609467457,366.2810714285714,385.79210974255574
0.02,uniform_cvo:mistral_7b@o2,J80,434.2532544378698,429.8962440076702,437.5168438970223
0.02,uniform_cvo:longer,J50,377.07142857142856,367.2495888157895,385.27262228260867
0.02,uniform_cvo:longer,J80,434.02857142857147,430.0998355263158,437.3090489130435
0.02,sel_accuracy,J50,372.944099378882,358.0810984100877,381.7727665534535
0.02,sel_accuracy,J80,432.3776397515528,428.07783110485576,435.9091066213814
0.02,sel_rho,J50,375.9277108433735,364.0075667816092,384.53275845243815
0.02,sel_rho,J80,433.5710843373494,429.095067114094,437.0131033809753
0.02,sel_pilotcost,J50,378.18823529411765,367.8686449579832,385.3024649560466
0.02,sel_pilotcost,J80,434.4752941176471,430.3474579831933,437.3209859824187
0.02,longer,HES_uniform_J50,0.007516840777588518,-0.0022096410771395123,0.020171687325350126
0.02,longer,HES_uniform_J50,0.007516840777588518,-0.0022096410771395123,0.020171687325350126
0.02,longer,inflation_J50,0.0,0.0,0.0
0.02,mistral_7b,HES_uniform_J50,0.0029530445911956082,-0.00630061036252878,0.015398830545925887
0.02,mistral_7b,HES_uniform_J50,0.0029530445911956082,-0.00630061036252878,0.015398830545925887
0.02,mistral_7b,inflation_J50,0.0,0.0,0.0
0.02,mistral_7b@o1,HES_uniform_J50,0.0029530445911956082,-0.012471681799505497,0.023692032902972154
0.02,mistral_7b@o1,HES_uniform_J50,0.0029530445911956082,-0.012471681799505497,0.023692032902972154
0.02,mistral_7b@o1,inflation_J50,0.0,0.0,0.0
0.02,mistral_7b@o2,HES_uniform_J50,0.0014677854772805476,-0.011192927888227826,0.01406398400188405
0.02,mistral_7b@o2,HES_uniform_J50,0.0014677854772805476,-0.011192927888227826,0.01406398400188405
0.02,mistral_7b@o2,inflation_J50,0.0,0.0,0.0
0.02,qwen3_8b,HES_uniform_J50,0.0044560912394088215,-0.008209018130789864,0.02321447335104478
0.02,qwen3_8b,HES_uniform_J50,0.0044560912394088215,-0.008209018130789864,0.02321447335104478
0.02,qwen3_8b,inflation_J50,0.0,0.0,0.0
0.02,qwen3_8b@o1,HES_uniform_J50,0.012249666452366692,-0.0023270704766464143,0.03147358049198364
0.02,qwen3_8b@o1,HES_uniform_J50,0.012249666452366692,-0.0023270704766464143,0.03147358049198364
0.02,qwen3_8b@o1,inflation_J50,0.0,0.0,0.0
0.02,qwen3_8b@o2,HES_uniform_J50,-0.001450618395675063,-0.013344959068590345,0.00830098806900755
0.02,qwen3_8b@o2,HES_uniform_J50,-0.001450618395675063,-0.013344959068590345,0.00830098806900755
0.02,qwen3_8b@o2,inflation_J50,0.0,0.0,0.0
0.02,longer,HES_uniform_J80,0.002617208193102294,-0.0007692680335344037,0.007031963078813549
0.02,longer,HES_uniform_J80,0.002617208193102294,-0.0007692680335344037,0.007031963078813549
0.02,longer,inflation_J80,0.0,0.0,0.0
0.02,mistral_7b,HES_uniform_J80,0.0010281889330044924,-0.0021778562365745826,0.0047554345453325025
0.02,mistral_7b,HES_uniform_J80,0.0010281889330044924,-0.0021778562365745826,0.0047554345453325025
0.02,mistral_7b,inflation_J80,0.0,0.0,0.0
0.02,mistral_7b@o1,HES_uniform_J80,0.0010281889330044924,-0.004202860891405491,0.007603020598203164
0.02,mistral_7b@o1,HES_uniform_J80,0.0010281889330044924,-0.004202860891405491,0.007603020598203164
0.02,mistral_7b@o1,inflation_J80,0.0,0.0,0.0
0.02,mistral_7b@o2,HES_uniform_J80,0.0005110524874105682,-0.0038731792930405463,0.004911330753342234
0.02,mistral_7b@o2,HES_uniform_J80,0.0005110524874105682,-0.0038731792930405463,0.004911330753342234
0.02,mistral_7b@o2,inflation_J80,0.0,0.0,0.0
0.02,qwen3_8b,HES_uniform_J80,0.0015515186294439154,-0.0028465166795893504,0.00713707880397261
0.02,qwen3_8b,HES_uniform_J80,0.0015515186294439154,-0.0028465166795893504,0.00713707880397261
0.02,qwen3_8b,inflation_J80,0.0,0.0,0.0
0.02,qwen3_8b@o1,HES_uniform_J80,0.004265080018388878,-0.0008071418244320894,0.010458947742042193
0.02,qwen3_8b@o1,HES_uniform_J80,0.004265080018388878,-0.0008071418244320894,0.010458947742042193
0.02,qwen3_8b@o1,inflation_J80,0.0,0.0,0.0
0.02,qwen3_8b@o2,HES_uniform_J80,-0.0005050752653354973,-0.004605824804956848,0.002908049012961197
0.02,qwen3_8b@o2,HES_uniform_J80,-0.0005050752653354973,-0.004605824804956848,0.002908049012961197
0.02,qwen3_8b@o2,inflation_J80,0.0,0.0,0.0
0.02,ALL,pred_corr_logratio,0.532360963902811,,
0.02,uniform,best_human,,,
0.02,ALL,max_wrong,0.0,,
0.05,uniform,J50,221.62137254901958,181.36499999999998,238.89263071034136
0.05,uniform,J80,325.31620689655176,308.43988591169534,336.7550264509502
0.05,uniform_cvl:qwen3_8b,J50,202.85060606060605,175.68592012730193,234.9449630681818
0.05,uniform_cvl:qwen3_8b,J80,318.56352201257863,300.96357986111116,331.06907200867636
0.05,active_cvl:qwen3_8b,J50,229.0386440677966,176.62880407258578,243.69700540996624
0.05,active_cvl:qwen3_8b,J80,329.9355737704918,316.0289971861472,342.3978666415284
0.05,uniform_cvl:qwen3_8b@o1,J50,210.6182456140351,179.36453156525434,237.3113149836372
0.05,uniform_cvl:qwen3_8b@o1,J80,325.4792929292929,313.4994271103896,334.9775512820513
0.05,active_cvl:qwen3_8b@o1,J50,231.60794871794872,180.46604463768116,245.10002240896358
0.05,active_cvl:qwen3_8b@o1,J80,329.59797619047623,316.93605601851857,341.70177889784947
0.05,uniform_cvl:qwen3_8b@o2,J50,230.36333333333332,199.44491060606057,241.60438705738707
0.05,uniform_cvl:qwen3_8b@o2,J80,323.8746428571429,309.50174637681164,335.7633057575758
0.05,active_cvl:qwen3_8b@o2,J50,235.80883333333333,217.21095227038182,248.30341361531984
0.05,active_cvl:qwen3_8b@o2,J80,340.1541954022989,329.8944975944405,354.66143055555557
0.05,uniform_cvl:mistral_7b,J50,198.2635,177.90434650537637,231.93486513017498
0.05,uniform_cvl:mistral_7b,J80,325.4792929292929,313.25727178160923,334.4447592035956
0.05,active_cvl:mistral_7b,J50,208.19543859649124,179.4656242937853,235.4094012345679
0.05,active_cvl:mistral_7b,J80,338.69246376811594,324.6363835365854,354.91021841803047
0.05,uniform_cvl:mistral_7b@o1,J50,231.20951515151515,180.09259169278997,243.54725897435895
0.05,uniform_cvl:mistral_7b@o1,J80,335.1969270833333,322.5663580156403,346.3329261363636
0.05,active_cvl:mistral_7b@o1,J50,222.95777777777775,197.75116666666668,238.60600793650795
0.05,active_cvl:mistral_7b@o1,J80,347.94140350877194,335.8589655612245,365.8215833333333
0.05,uniform_cvl:mistral_7b@o2,J50,227.7810382513661,180.74965886939572,241.92269047619047
0.05,uniform_cvl:mistral_7b@o2,J80,328.0071264367816,314.62875488709136,338.58519989583334
0.05,active_cvl:mistral_7b@o2,J50,228.75333333333333,209.93893590194696,242.87212586390217
0.05,active_cvl:mistral_7b@o2,J80,335.3016666666667,318.1117120158888,351.88349041608234
0.05,uniform_cvl:longer,J50,211.52188405797102,181.17809748427672,234.53270833333332
0.05,uniform_cvl:longer,J80,323.9707471264368,308.49175583333334,334.27713038088797
0.05,active_cvl:longer,J50,212.84439393939394,180.82866595420597,234.5288233974359
0.05,active_cvl:longer,J80,322.0404519774011,305.99327964933025,331.78298611111114
0.05,uniform_cvo:qwen3_8b,J50,202.40740740740742,176.72633012885382,232.97051575665657
0.05,uniform_cvo:qwen3_8b,J80,314.1200595238095,296.19801679586567,326.29012803030304
0.05,uniform_cvo:qwen3_8b@o1,J50,211.29745098039214,179.2475519754507,237.34063879703982
0.05,uniform_cvo:qwen3_8b@o1,J80,322.2024285714286,308.0089880952381,330.7137579908676
0.05,uniform_cvo:qwen3_8b@o2,J50,223.40820512820517,179.9627426900585,239.12992408675797
0.05,uniform_cvo:qwen3_8b@o2,J80,321.8699415204679,305.6975976190476,334.0950274926008
0.05,uniform_cvo:mistral_7b,J50,203.690350877193,179.41341904761904,234.14041223628692
0.05,uniform_cvo:mistral_7b,J80,323.56497354497355,311.1100600750939,332.65024280518656
0.05,uniform_cvo:mistral_7b@o1,J50,228.95690476190475,181.009922228145,244.0959503856577
0.05,uniform_cvo:mistral_7b@o1,J80,330.20878787878786,317.8736663978495,339.12118975903616
0.05,uniform_cvo:mistral_7b@o2,J50,214.59537037037035,180.32444166666667,236.97062537202382
0.05,uniform_cvo:mistral_7b@o2,J80,325.977134502924,312.5568072916667,336.2163440588304
0.05,uniform_cvo:longer,J50,208.83378787878786,179.87959182389937,233.9653226190476
0.05,uniform_cvo:longer,J80,326.6616666666667,313.08237877736667,336.75847502853884
0.05,sel_accuracy,J50,215.81416666666667,176.26999616509704,239.49794510954615
0.05,sel_accuracy,J80,329.10031250000003,314.9235085403727,339.56562974683544
0.05,sel_rho,J50,213.62033333333332,177.04154895264116,238.52441369685167
0.05,sel_rho,J80,326.0613846153846,312.9991898016156,336.35491343390805
0.05,sel_pilotcost,J50,202.85060606060605,179.3335595959596,231.55523082191783
0.05,sel_pilotcost,J80,323.9707471264368,308.10945925925927,334.82090145687647
0.05,longer,HES_uniform_J50,0.045570913919029565,-0.017063852624811155,0.09288628216032947
0.05,longer,HES_uniform_J50,0.045570913919029565,-0.017063852624811155,0.09288628216032947
0.05,longer,inflation_J50,0.0,0.0,0.0
0.05,mistral_7b,HES_uniform_J50,0.10539539702495593,0.016995145941398462,0.20372143034416892
0.05,mistral_7b,HES_uniform_J50,0.10539539702495593,0.016995145941398462,0.20372143034416892
0.05,mistral_7b,inflation_J50,0.0,0.0,0.0
0.05,mistral_7b@o1,HES_uniform_J50,-0.043263618901984824,-0.1401006216675785,0.08628404165163679
0.05,mistral_7b@o1,HES_uniform_J50,-0.043263618901984824,-0.1401006216675785,0.08628404165163679
0.05,mistral_7b@o1,inflation_J50,0.0,0.0,0.0
0.05,mistral_7b@o2,HES_uniform_J50,-0.027793644771260118,-0.09808848089163377,0.05848546663313352
0.05,mistral_7b@o2,HES_uniform_J50,-0.027793644771260118,-0.09808848089163377,0.05848546663313352
0.05,mistral_7b@o2,inflation_J50,0.0,0.0,0.0
0.05,qwen3_8b,HES_uniform_J50,0.08469745617274205,-0.009683704637758011,0.22746827169040543
0.05,qwen3_8b,HES_uniform_J50,0.08469745617274205,-0.009683704637758011,0.22746827169040543
0.05,qwen3_8b,inflation_J50,0.0,0.0,0.0
0.05,qwen3_8b@o1,HES_uniform_J50,0.04964831148020599,-0.034273381769425945,0.12500044652409473
0.05,qwen3_8b@o1,HES_uniform_J50,0.04964831148020599,-0.034273381769425945,0.12500044652409473
0.05,qwen3_8b@o1,inflation_J50,0.0,0.0,0.0
0.05,qwen3_8b@o2,HES_uniform_J50,-0.039445477138628116,-0.13877178628726503,0.01377740383398149
0.05,qwen3_8b@o2,HES_uniform_J50,-0.039445477138628116,-0.13877178628726503,0.01377740383398149
0.05,qwen3_8b@o2,inflation_J50,0.0,0.0,0.0
0.05,longer,HES_uniform_J80,0.004135852261866635,-0.018851697212334727,0.02212050129568677
0.05,longer,HES_uniform_J80,0.004135852261866635,-0.018851697212334727,0.02212050129568677
0.05,longer,inflation_J80,0.0,0.0,0.0
0.05,mistral_7b,HES_uniform_J80,-0.0005013154256805485,-0.02388069381856256,0.023347420008475457
0.05,mistral_7b,HES_uniform_J80,-0.0005013154256805485,-0.02388069381856256,0.023347420008475457
0.05,mistral_7b,inflation_J80,0.0,0.0,0.0
0.05,mistral_7b@o1,HES_uniform_J80,-0.030372665048082226,-0.07633038696104119,-0.009839539635966675
0.05,mistral_7b@o1,HES_uniform_J80,-0.030372665048082226,-0.07633038696104119,-0.009839539635966675
0.05,mistral_7b@o1,inflation_J80,0.0,0.0,0.0
0.05,mistral_7b@o2,HES_uniform_J80,-0.008271704523733048,-0.0423683692375682,0.01588619804987344
0.05,mistral_7b@o2,HES_uniform_J80,-0.008271704523733048,-0.0423683692375682,0.01588619804987344
0.05,mistral_7b@o2,inflation_J80,0.0,0.0,0.0
0.05,qwen3_8b,HES_uniform_J80,0.020757296257669755,-0.003231853334741902,0.04824596676259939
0.05,qwen3_8b,HES_uniform_J80,0.020757296257669755,-0.003231853334741902,0.04824596676259939
0.05,qwen3_8b,inflation_J80,0.0,0.0,0.0
0.05,qwen3_8b@o1,HES_uniform_J80,-0.0005013154256805485,-0.030476503818026846,0.024102153608982192
0.05,qwen3_8b@o1,HES_uniform_J80,-0.0005013154256805485,-0.030476503818026846,0.024102153608982192
0.05,qwen3_8b@o1,inflation_J80,0.0,0.0,0.0
0.05,qwen3_8b@o2,HES_uniform_J80,0.004431270280571331,-0.01703642238010284,0.023534492376889156
0.05,qwen3_8b@o2,HES_uniform_J80,0.004431270280571331,-0.01703642238010284,0.023534492376889156
0.05,qwen3_8b@o2,inflation_J80,0.0,0.0,0.0
0.05,ALL,pred_corr_logratio,0.2725377891320012,,
0.05,uniform,best_human,,,
0.05,ALL,max_wrong,0.0,,
0.1,uniform,J50,120.39538461538461,113.8212337398374,129.3949487179487
0.1,uniform,J80,181.78436781609196,175.97884264728154,193.39023576604558
0.1,uniform_cvl:qwen3_8b,J50,116.61946666666668,103.48623214285715,128.09364568592767
0.1,uniform_cvl:qwen3_8b,J80,186.56305555555556,177.30265454545457,198.512231884058
0.1,active_cvl:qwen3_8b,J50,116.09734848484848,109.94459782608695,121.62775972222222
0.1,active_cvl:qwen3_8b,J80,180.95083333333335,172.17496979166668,193.94325178197067
0.1,uniform_cvl:qwen3_8b@o1,J50,115.53666666666666,92.34515454545455,129.17475
0.1,uniform_cvl:qwen3_8b@o1,J80,188.22505050505055,178.04175845125786,200.44712703175796
0.1,active_cvl:qwen3_8b@o1,J50,118.30205128205128,105.82916145833333,129.46631532147742
0.1,active_cvl:qwen3_8b@o1,J80,178.90796019900498,174.14939204545456,190.06575000000004
0.1,uniform_cvl:qwen3_8b@o2,J50,120.82620689655172,91.7573909841954,129.458393800813
0.1,uniform_cvl:qwen3_8b@o2,J80,182.3356725146199,176.15023509643484,197.20082063492063
0.1,active_cvl:qwen3_8b@o2,J50,121.74166666666667,111.25562083333334,135.6337291666667
0.1,active_cvl:qwen3_8b@o2,J80,182.96,177.06904365727507,194.06646666666668
0.1,uniform_cvl:mistral_7b,J50,116.53925925925925,90.89205141727093,126.61396428571427
0.1,uniform_cvl:mistral_7b,J80,184.23626262626266,177.39453199873898,197.4989964539007
0.1,active_cvl:mistral_7b,J50,117.87705882352941,91.4661412109784,127.53469539925963
0.1,active_cvl:mistral_7b,J80,186.9589247311828,175.393196969697,200.0897494563529
0.1,uniform_cvl:mistral_7b@o1,J50,122.20608695652174,110.27533627136752,132.3930161064426
0.1,uniform_cvl:mistral_7b@o1,J80,195.81156862745098,181.11577856964243,206.23000386996904
0.1,active_cvl:mistral_7b@o1,J50,118.27033333333334,103.06786425287356,130.17012919765608
0.1,active_cvl:mistral_7b@o1,J80,188.53130434782608,176.24464166666667,205.5224813895782
0.1,uniform_cvl:mistral_7b@o2,J50,117.71471264367817,105.8795032488629,127.15037903225806
0.1,uniform_cvl:mistral_7b@o2,J80,189.1747619047619,178.1782806010929,200.15363023317437
0.1,active_cvl:mistral_7b@o2,J50,118.11166666666666,109.46638960784314,129.9053464539007
0.1,active_cvl:mistral_7b@o2,J80,189.3613580246914,179.12436995187275,203.844625
0.1,uniform_cvl:longer,J50,118.54444444444444,104.22641319444445,127.53334615384614
0.1,uniform_cvl:longer,J80,184.23626262626266,176.45506709956712,197.48823339470815
0.1,active_cvl:longer,J50,118.56333333333333,104.12140277777777,127.57151999999999
0.1,active_cvl:longer,J80,184.18852941176473,176.61199048678034,197.19802201257863
0.1,uniform_cvo:qwen3_8b,J50,115.20246913580247,102.50264430014431,125.79474222222221
0.1,uniform_cvo:qwen3_8b,J80,182.90666666666667,174.69922444444444,195.6593527131783
0.1,uniform_cvo:qwen3_8b@o1,J50,117.17727272727272,96.21739255765199,127.70028327728738
0.1,uniform_cvo:qwen3_8b@o1,J80,184.19715686274512,175.97361969339624,196.72535897435898
0.1,uniform_cvo:qwen3_8b@o2,J50,119.58160919540231,91.95420454545454,128.22502804217993
0.1,uniform_cvo:qwen3_8b@o2,J80,182.25573333333335,175.58961398467434,195.65324410569107
0.1,uniform_cvo:mistral_7b,J50,118.24366666666667,91.20468699186992,129.0519851551957
0.1,uniform_cvo:mistral_7b,J80,180.10091954022988,174.63632526881722,192.1373938250097
0.1,uniform_cvo:mistral_7b@o1,J50,119.25215686274508,101.79811363636364,129.9795106104651
0.1,uniform_cvo:mistral_7b@o1,J80,189.55464646464648,178.30430273833673,201.97192283950616
0.1,uniform_cvo:mistral_7b@o2,J50,119.32064516129032,107.97122709209911,128.09445567375886
0.1,uniform_cvo:mistral_7b@o2,J80,185.41390476190477,177.28654789959018,196.2270701388889
0.1,uniform_cvo:longer,J50,117.34133333333334,96.05282870370371,128.1753316916823
0.1,uniform_cvo:longer,J80,182.90666666666667,174.8379425729196,196.83713062817722
0.1,sel_accuracy,J50,118.92041666666667,108.94756818181818,128.5715051085568
0.1,sel_accuracy,J80,187.96935897435898,176.93018093983312,201.89661734006737
0.1,sel_rho,J50,120.95066666666666,102.42841911764705,131.95025505050504
0.1,sel_rho,J80,184.73486111111114,176.53251090203108,199.85497602339183
0.1,sel_pilotcost,J50,117.61897435897436,104.55533333333334,128.6154994047619
0.1,sel_pilotcost,J80,181.3568253968254,176.23111353691021,193.11305451936875
0.1,longer,HES_uniform_J50,0.015373846571055783,-0.010156734461648253,0.13776440961335243
0.1,longer,HES_uniform_J50,0.015373846571055783,-0.010156734461648253,0.13776440961335243
0.1,longer,inflation_J50,0.0,0.0,0.0
0.1,mistral_7b,HES_uniform_J50,0.03202884702303288,-0.005764225567251774,0.25367077888429573
0.1,mistral_7b,HES_uniform_J50,0.03202884702303288,-0.005764225567251774,0.25367077888429573
0.1,mistral_7b,inflation_J50,0.0,0.0,0.0
0.1,mistral_7b@o1,HES_uniform_J50,-0.015039632515163381,-0.06150989591109209,0.05663822240653777
0.1,mistral_7b@o1,HES_uniform_J50,-0.015039632515163381,-0.06150989591109209,0.05663822240653777
0.1,mistral_7b@o1,inflation_J50,0.0,0.0,0.0
0.1,mistral_7b@o2,HES_uniform_J50,0.022265570896011777,-0.017143920726245754,0.10323223790753455
0.1,mistral_7b@o2,HES_uniform_J50,0.022265570896011777,-0.017143920726245754,0.10323223790753455
0.1,mistral_7b@o2,inflation_J50,0.0,0.0,0.0
0.1,qwen3_8b,HES_uniform_J50,0.031362647004953614,-0.011926498846652011,0.1447231229169687
0.1,qwen3_8b,HES_uniform_J50,0.031362647004953614,-0.011926498846652011,0.1447231229169687
0.1,qwen3_8b,inflation_J50,0.0,0.0,0.0
0.1,qwen3_8b@o1,HES_uniform_J50,0.040356347249021374,-0.010180581472270644,0.21659518974178996
0.1,qwen3_8b@o1,HES_uniform_J50,0.040356347249021374,-0.010180581472270644,0.21659518974178996
0.1,qwen3_8b@o1,inflation_J50,0.0,0.0,0.0
0.1,qwen3_8b@o2,HES_uniform_J50,-0.0035783953225734244,-0.039581982344826336,0.21807828375974736
0.1,qwen3_8b@o2,HES_uniform_J50,-0.0035783953225734244,-0.039581982344826336,0.21807828375974736
0.1,qwen3_8b@o2,inflation_J50,0.0,0.0,0.0
0.1,longer,HES_uniform_J80,-0.013487929900833029,-0.05872944758051485,0.017328226864365772
0.1,longer,HES_uniform_J80,-0.013487929900833029,-0.05872944758051485,0.017328226864365772
0.1,longer,inflation_J80,0.0,0.0,0.0
0.1,mistral_7b,HES_uniform_J80,-0.013487929900833029,-0.04666727067286118,0.016080557745284756
0.1,mistral_7b,HES_uniform_J80,-0.013487929900833029,-0.04666727067286118,0.016080557745284756
0.1,mistral_7b,inflation_J80,0.0,0.0,0.0
0.1,mistral_7b@o1,HES_uniform_J80,-0.0771639551842549,-0.1217399884974909,-0.023297928664520236
0.1,mistral_7b@o1,HES_uniform_J80,-0.0771639551842549,-0.1217399884974909,-0.023297928664520236
0.1,mistral_7b@o1,inflation_J80,0.0,0.0,0.0
0.1,mistral_7b@o2,HES_uniform_J80,-0.04065472833256312,-0.08029643625002064,0.0029436378211177582
0.1,mistral_7b@o2,HES_uniform_J80,-0.04065472833256312,-0.08029643625002064,0.0029436378211177582
0.1,mistral_7b@o2,inflation_J80,0.0,0.0,0.0
0.1,qwen3_8b,HES_uniform_J80,-0.02628767146962896,-0.047279547243290546,0.004256341434020626
0.1,qwen3_8b,HES_uniform_J80,-0.02628767146962896,-0.047279547243290546,0.004256341434020626
0.1,qwen3_8b,inflation_J80,0.0,0.0,0.0
0.1,qwen3_8b@o1,HES_uniform_J80,-0.0354303440187691,-0.06878561651287292,0.001453418716093698
0.1,qwen3_8b@o1,HES_uniform_J80,-0.0354303440187691,-0.06878561651287292,0.001453418716093698
0.1,qwen3_8b@o1,inflation_J80,0.0,0.0,0.0
0.1,qwen3_8b@o2,HES_uniform_J80,-0.003032739861799749,-0.04007130808010981,0.018219870237112475
0.1,qwen3_8b@o2,HES_uniform_J80,-0.003032739861799749,-0.04007130808010981,0.018219870237112475
0.1,qwen3_8b@o2,inflation_J80,0.0,0.0,0.0
0.1,ALL,pred_corr_logratio,0.47648522763086576,,
0.1,uniform,best_human,,,
0.1,ALL,max_wrong,0.0,,
