mode,year,evaluator,cells,s_D,s_B,h,s_total,s_D_mean,h_mean,comp_mean,s_total_mean,design_gt_judge
cvl,22,COMET-22,33,0.05244863098676755,0.021126841512247863,0.014191888943271724,0.06378751509041425,0.07232243116717359,0.02244627503730969,0.020866908750872295,0.09318933991804589,0.7575757575757576
cvl,22,best post hoc,33,0.05244863098676755,0.033067021147376696,0.0535297684575764,0.11016423872674475,0.07232243116717359,0.0615669772690202,0.05677052147746558,0.12909295264463916,0.45454545454545453
cvl,22,mean,33,0.05244863098676755,0.008640284041134816,0.002409513134790209,0.050294971644807895,0.07232243116717359,-0.0013526108453516203,-0.0005968713113194761,0.07172555985585412,0.9090909090909091
cvl,22,strongest,33,0.05244863098676755,0.021140535797134263,0.011835296835832843,0.07531540618070742,0.07232243116717359,0.017677266455465992,0.01671563804168099,0.08903806920885458,0.7878787878787878
cvl,23,COMET-22,26,0.03797507159298741,0.011603381321126593,0.008164434426323586,0.05504111634985698,0.07749707609610512,0.0035671450851145928,0.005003032855888199,0.08250010895199335,0.8076923076923077
cvl,23,best post hoc,26,0.03797507159298741,0.039210836209128686,0.03398820430475713,0.08761349052267658,0.07749707609610512,0.03511775216618454,0.03424989872661609,0.11174697482272121,0.5769230769230769
cvl,23,mean,26,0.03797507159298741,0.00517719825247509,0.002903795524249686,0.04716371555650789,0.07749707609610512,0.00016464737238853095,0.0017489225510308563,0.07924599864713598,0.9230769230769231
cvl,23,strongest,26,0.03797507159298741,0.026202679708614618,0.02273608487112211,0.06986708163260125,0.07749707609610512,0.02288487089336488,0.023015986889083687,0.10051306298518883,0.6538461538461539
cvq,22,COMET-22,33,0.05244863098676755,0.045551736919664965,0.02948033288564267,0.08977675302845045,0.07232243116717359,0.044084968969539104,0.040479438767964795,0.11280186993513838,0.6060606060606061
cvq,22,best post hoc,33,0.05244863098676755,0.048623212878531996,0.06838129634058832,0.12243759240304808,0.07232243116717359,0.07745112407879859,0.07161256766295711,0.1439349988301307,0.3939393939393939
cvq,22,mean,33,0.05244863098676755,0.02113492359130975,0.01812345048340691,0.07143584614361287,0.07232243116717359,0.019703303945239538,0.01842450524605062,0.09074693641322422,0.7878787878787878
cvq,22,strongest,33,0.05244863098676755,0.050344552245763285,0.03744839553141943,0.09598168591899425,0.07232243116717359,0.05117978152736567,0.047190047204691596,0.11951247837186518,0.6666666666666666
cvq,23,COMET-22,26,0.03797507159298741,0.03280415461278485,0.03147993150735995,0.0734331017609095,0.07749707609610512,0.033669021207551324,0.031846694249352166,0.10934377034545731,0.6153846153846154
cvq,23,best post hoc,26,0.03797507159298741,0.0694032970598003,0.062406018687438614,0.11228505189084992,0.07749707609610512,0.07043682009960772,0.06561416964427516,0.1431112457403803,0.3076923076923077
cvq,23,mean,26,0.03797507159298741,0.029417948100511404,0.025045246015274858,0.07301897987953404,0.07749707609610512,0.027620068000640655,0.025781380900826545,0.10327845699693168,0.6923076923076923
cvq,23,strongest,26,0.03797507159298741,0.054820283096136624,0.047421596770276686,0.0929511245485789,0.07749707609610512,0.05379891175871261,0.050007540093497775,0.1275046161896029,0.4230769230769231
