mode,year,evaluator,cells,s_D,s_B,h,s_total,s_D_mean,h_mean,s_total_mean,design_gt_judge
cvl,22,COMET-22,33,0.05244863098676755,0.021126841512247863,0.014191888943271724,0.06378751509041425,0.07232243116717359,0.02244627503730969,0.09318933991804589,0.7575757575757576
cvl,22,best post hoc,33,0.05244863098676755,0.033067021147376696,0.0535297684575764,0.11016423872674475,0.07232243116717359,0.0615669772690202,0.12909295264463916,0.45454545454545453
cvl,22,mean,33,0.05244863098676755,0.008669063990473291,0.0024991928605894165,0.050294971644807895,0.07232243116717359,-0.0013529432012180712,0.07172559189829655,0.9090909090909091
cvl,22,strongest,33,0.05244863098676755,0.02418303219823137,0.011835296835832843,0.07531540618070742,0.07232243116717359,0.017606202423567686,0.0889737484327448,0.7878787878787878
cvl,23,COMET-22,26,0.04053529792759325,0.006880626501292009,0.01047803168003636,0.052231692952886155,0.07517485495315814,0.0026078386084053507,0.0795310982328409,0.7692307692307693
cvl,23,best post hoc,26,0.04053529792759325,0.02533791943348407,0.04819868691008755,0.10101525142466344,0.07517485495315814,0.055224450067774086,0.12798506802943505,0.46153846153846156
cvl,23,mean,26,0.04053529792759325,0.003232544518285363,0.003203276840517244,0.04481137229019888,0.07517485495315814,-0.0003405685402125355,0.07632750178442921,0.8461538461538461
cvl,23,strongest,26,0.04053529792759325,0.01727360000196332,0.015039581358662402,0.0646616033840483,0.07517485495315814,0.017178195517167868,0.09369224257287886,0.6923076923076923
cvq,22,COMET-22,33,0.05244863098676755,0.045551736919664965,0.02948033288564267,0.08977675302845045,0.07232243116717359,0.044084968969539104,0.11280186993513838,0.6060606060606061
cvq,22,best post hoc,33,0.05244863098676755,0.048623212878531996,0.06838129634058832,0.12243759240304808,0.07232243116717359,0.07745112407879859,0.1439349988301307,0.3939393939393939
cvq,22,mean,33,0.05244863098676755,0.02113492359130975,0.01812345048340691,0.07143584614361287,0.07232243116717359,0.019707954254948305,0.09075139171806014,0.7878787878787878
cvq,22,strongest,33,0.05244863098676755,0.050344552245763285,0.03744839553141943,0.09598168591899425,0.07232243116717359,0.05117978152736567,0.11951247837186518,0.6666666666666666
cvq,23,COMET-22,26,0.04053529792759325,0.03071547553963183,0.030886178674991382,0.07122138163694175,0.07517485495315814,0.03126268776285371,0.10458396689578474,0.5
cvq,23,best post hoc,26,0.04053529792759325,0.04835744549812948,0.06995241894542964,0.12318354070714699,0.07517485495315814,0.07897185996541486,0.14915106491373284,0.2692307692307692
cvq,23,mean,26,0.04053529792759325,0.03281942938224597,0.023577670454245248,0.0671856355298377,0.07517485495315814,0.025411216837777376,0.099210149548619,0.6538461538461539
cvq,23,strongest,26,0.04053529792759325,0.05343777359260554,0.055530192369007636,0.09054501260205261,0.07517485495315814,0.05596168956332758,0.12742229001380628,0.4230769230769231
