lp,pair,eps,informative,strategy,cover_all,cover_min_budget,cover_at_J50,wrong_at_J50,wrong_max,wrong_mean
ende23,01,0.0028092857142856978,False,S1_design,0.8864285714285715,0.8166666666666667,,,0.18,0.11023809523809523
ende23,01,0.0028092857142856978,False,S2_fixed,0.8861904761904762,0.82,,,0.17666666666666667,0.11047619047619048
ende23,01,0.0028092857142856978,False,S3_select,0.8973809523809524,0.86,,,0.13666666666666666,0.1
ende23,01,0.0028092857142856978,False,S4_select_or_abstain,0.8976190476190476,0.86,,,0.13666666666666666,0.09976190476190476
ende23,02,0.02693711180124225,False,S1_design,0.8795238095238095,0.83,,,0.16333333333333333,0.09357142857142857
ende23,02,0.02693711180124225,False,S2_fixed,0.8785714285714286,0.8166666666666667,,,0.16333333333333333,0.08833333333333333
ende23,02,0.02693711180124225,False,S3_select,0.8847619047619047,0.83,,,0.14,0.08428571428571428
ende23,02,0.02693711180124225,False,S4_select_or_abstain,0.8847619047619047,0.83,,,0.14,0.08428571428571428
ende23,03,0.04864863354037272,False,S1_design,0.8692857142857143,0.7833333333333333,,,0.18666666666666668,0.08571428571428572
ende23,03,0.04864863354037272,False,S2_fixed,0.8740476190476191,0.8133333333333334,,,0.15666666666666668,0.07714285714285714
ende23,03,0.04864863354037272,False,S3_select,0.878095238095238,0.8233333333333334,,,0.14666666666666667,0.0769047619047619
ende23,03,0.04864863354037272,False,S4_select_or_abstain,0.8783333333333333,0.8266666666666667,,,0.14333333333333334,0.07666666666666666
ende23,04,0.04973962732919243,False,S1_design,0.8678571428571429,0.7633333333333333,,,0.20333333333333334,0.08761904761904762
ende23,04,0.04973962732919243,False,S2_fixed,0.8752380952380953,0.79,,,0.18,0.07809523809523809
ende23,04,0.04973962732919243,False,S3_select,0.8871428571428571,0.8366666666666667,,,0.12666666666666668,0.06714285714285714
ende23,04,0.04973962732919243,False,S4_select_or_abstain,0.8871428571428571,0.8366666666666667,,,0.12666666666666668,0.06714285714285714
ende23,05,0.07813136645962748,False,S1_design,0.8666666666666667,0.78,,,0.19666666666666666,0.08095238095238096
ende23,05,0.07813136645962748,False,S2_fixed,0.8764285714285714,0.7966666666666666,,,0.17666666666666667,0.06928571428571428
ende23,05,0.07813136645962748,False,S3_select,0.8926190476190476,0.8533333333333334,,,0.11,0.051666666666666666
ende23,05,0.07813136645962748,False,S4_select_or_abstain,0.8926190476190476,0.8533333333333334,,,0.11,0.051666666666666666
ende23,12,0.024127826086956503,False,S1_design,0.8892857142857142,0.8166666666666667,,,0.17333333333333334,0.09071428571428572
ende23,12,0.024127826086956503,False,S2_fixed,0.8869047619047619,0.82,,,0.16,0.08714285714285715
ende23,12,0.024127826086956503,False,S3_select,0.8864285714285715,0.8266666666666667,,,0.14666666666666667,0.09023809523809524
ende23,12,0.024127826086956503,False,S4_select_or_abstain,0.8864285714285715,0.8266666666666667,,,0.14666666666666667,0.09023809523809524
ende23,13,0.04583934782608703,False,S1_design,0.8761904761904762,0.8066666666666666,,,0.17666666666666667,0.08333333333333333
ende23,13,0.04583934782608703,False,S2_fixed,0.8809523809523809,0.8166666666666667,,,0.15666666666666668,0.07571428571428572
ende23,13,0.04583934782608703,False,S3_select,0.8766666666666667,0.82,,,0.15333333333333332,0.07880952380952382
ende23,13,0.04583934782608703,False,S4_select_or_abstain,0.8764285714285714,0.82,,,0.15333333333333332,0.07785714285714286
ende23,14,0.046930341614906855,False,S1_design,0.87,0.7766666666666666,,,0.19,0.08785714285714286
ende23,14,0.046930341614906855,False,S2_fixed,0.8823809523809524,0.7933333333333333,,,0.19,0.07761904761904762
ende23,14,0.046930341614906855,False,S3_select,0.8847619047619047,0.8,,,0.17,0.075
ende23,14,0.046930341614906855,False,S4_select_or_abstain,0.8847619047619047,0.8,,,0.17,0.075
ende23,15,0.07532208074534161,False,S1_design,0.8571428571428571,0.76,,,0.21666666666666667,0.0880952380952381
ende23,15,0.07532208074534161,False,S2_fixed,0.8590476190476191,0.77,,,0.18333333333333332,0.08
ende23,15,0.07532208074534161,False,S3_select,0.8816666666666667,0.8466666666666667,,,0.13,0.05880952380952381
ende23,15,0.07532208074534161,False,S4_select_or_abstain,0.8816666666666667,0.8466666666666667,,,0.13,0.05880952380952381
ende23,23,0.021711521739130473,False,S1_design,0.8895238095238095,0.8333333333333334,,,0.15666666666666668,0.08738095238095238
ende23,23,0.021711521739130473,False,S2_fixed,0.8952380952380953,0.8566666666666667,,,0.13333333333333333,0.08095238095238096
ende23,23,0.021711521739130473,False,S3_select,0.9002380952380953,0.8766666666666667,,,0.11333333333333333,0.07857142857142857
ende23,23,0.021711521739130473,False,S4_select_or_abstain,0.9004761904761904,0.8766666666666667,,,0.11333333333333333,0.07857142857142857
ende23,24,0.022802515527950356,False,S1_design,0.8885714285714286,0.8066666666666666,,,0.16666666666666666,0.08333333333333333
ende23,24,0.022802515527950356,False,S2_fixed,0.895,0.86,,,0.13,0.07357142857142857
ende23,24,0.022802515527950356,False,S3_select,0.8983333333333333,0.8633333333333333,,,0.11333333333333333,0.07285714285714286
ende23,24,0.022802515527950356,False,S4_select_or_abstain,0.8985714285714286,0.8633333333333333,,,0.11,0.07261904761904762
ende23,25,0.05119425465838523,False,S1_design,0.871904761904762,0.78,,,0.2,0.08166666666666667
ende23,25,0.05119425465838523,False,S2_fixed,0.8814285714285715,0.8,,,0.17666666666666667,0.07238095238095238
ende23,25,0.05119425465838523,False,S3_select,0.8961904761904762,0.8666666666666667,,,0.10333333333333333,0.05785714285714286
ende23,25,0.05119425465838523,False,S4_select_or_abstain,0.8961904761904762,0.8666666666666667,,,0.10333333333333333,0.05785714285714286
ende23,34,0.0010909937888199078,False,S1_design,0.9033333333333333,0.8566666666666667,,,0.14,0.09452380952380952
ende23,34,0.0010909937888199078,False,S2_fixed,0.9026190476190477,0.86,,,0.13666666666666666,0.09523809523809523
ende23,34,0.0010909937888199078,False,S3_select,0.9011904761904762,0.8666666666666667,,,0.13333333333333333,0.09714285714285714
ende23,34,0.0010909937888199078,False,S4_select_or_abstain,0.9021428571428571,0.8633333333333333,,,0.13666666666666666,0.09619047619047619
ende23,35,0.02948273291925466,False,S1_design,0.8788095238095238,0.8066666666666666,,,0.18333333333333332,0.09380952380952381
ende23,35,0.02948273291925466,False,S2_fixed,0.8852380952380953,0.84,,,0.14333333333333334,0.08428571428571428
ende23,35,0.02948273291925466,False,S3_select,0.8992857142857142,0.8733333333333333,,,0.11,0.07285714285714286
ende23,35,0.02948273291925466,False,S4_select_or_abstain,0.8995238095238095,0.8733333333333333,,,0.11,0.07285714285714286
ende23,45,0.02839173913043505,False,S1_design,0.8723809523809524,0.8033333333333333,,,0.17666666666666667,0.09857142857142857
ende23,45,0.02839173913043505,False,S2_fixed,0.8759523809523809,0.81,,,0.16,0.09595238095238096
ende23,45,0.02839173913043505,False,S3_select,0.8911904761904762,0.8566666666666667,,,0.13,0.07809523809523809
ende23,45,0.02839173913043505,False,S4_select_or_abstain,0.8909523809523809,0.8566666666666667,,,0.13,0.07833333333333334
zhen23,01,0.006383087753368134,False,S1_design,0.8914285714285715,0.84,,,0.15,0.08976190476190476
zhen23,01,0.006383087753368134,False,S2_fixed,0.8859523809523809,0.8333333333333334,,,0.16333333333333333,0.095
zhen23,01,0.006383087753368134,False,S3_select,0.8807142857142857,0.81,,,0.18333333333333332,0.10142857142857142
zhen23,01,0.006383087753368134,False,S4_select_or_abstain,0.8807142857142857,0.81,,,0.18333333333333332,0.10119047619047619
zhen23,02,0.042668769433625055,False,S1_design,0.8659523809523809,0.7733333333333333,,,0.18666666666666668,0.0769047619047619
zhen23,02,0.042668769433625055,False,S2_fixed,0.8595238095238096,0.7633333333333333,,,0.21,0.08095238095238096
zhen23,02,0.042668769433625055,False,S3_select,0.8788095238095238,0.8233333333333334,,,0.12,0.05880952380952381
zhen23,02,0.042668769433625055,False,S4_select_or_abstain,0.8790476190476191,0.8233333333333334,,,0.12,0.05880952380952381
zhen23,03,0.0440723044500104,False,S1_design,0.8642857142857143,0.7566666666666667,,,0.19666666666666666,0.08
zhen23,03,0.0440723044500104,False,S2_fixed,0.8614285714285714,0.7566666666666667,,,0.21,0.08023809523809523
zhen23,03,0.0440723044500104,False,S3_select,0.8821428571428571,0.81,,,0.13666666666666666,0.055
zhen23,03,0.0440723044500104,False,S4_select_or_abstain,0.8821428571428571,0.81,,,0.13666666666666666,0.055
zhen23,04,0.04291410563947523,False,S1_design,0.8609523809523809,0.74,,,0.22,0.08666666666666667
zhen23,04,0.04291410563947523,False,S2_fixed,0.8580952380952381,0.7266666666666667,,,0.24,0.08785714285714286
zhen23,04,0.04291410563947523,False,S3_select,0.8747619047619047,0.7966666666666666,,,0.15333333333333332,0.06595238095238096
zhen23,04,0.04291410563947523,False,S4_select_or_abstain,0.8745238095238095,0.7966666666666666,,,0.15,0.06595238095238096
zhen23,05,0.057511206015734305,False,S1_design,0.8535714285714285,0.73,,,0.21666666666666667,0.07809523809523809
zhen23,05,0.057511206015734305,False,S2_fixed,0.8547619047619047,0.75,,,0.21333333333333335,0.07785714285714286
zhen23,05,0.057511206015734305,False,S3_select,0.8761904761904762,0.8233333333333334,,,0.12333333333333334,0.056666666666666664
zhen23,05,0.057511206015734305,False,S4_select_or_abstain,0.8759523809523809,0.8233333333333334,,,0.12333333333333334,0.056666666666666664
zhen23,12,0.03628568168025678,False,S1_design,0.8676190476190476,0.7733333333333333,,,0.19,0.08285714285714285
zhen23,12,0.03628568168025678,False,S2_fixed,0.8633333333333333,0.7633333333333333,,,0.20666666666666667,0.08761904761904762
zhen23,12,0.03628568168025678,False,S3_select,0.8857142857142857,0.84,,,0.13666666666666666,0.06428571428571428
zhen23,12,0.03628568168025678,False,S4_select_or_abstain,0.8854761904761905,0.84,,,0.13666666666666666,0.06428571428571428
zhen23,13,0.037689216696642124,False,S1_design,0.8673809523809524,0.7766666666666666,,,0.19,0.07952380952380952
zhen23,13,0.037689216696642124,False,S2_fixed,0.8630952380952381,0.76,,,0.20666666666666667,0.08666666666666667
zhen23,13,0.037689216696642124,False,S3_select,0.8907142857142857,0.84,,,0.11666666666666667,0.056428571428571425
zhen23,13,0.037689216696642124,False,S4_select_or_abstain,0.8909523809523809,0.84,,,0.11666666666666667,0.056428571428571425
zhen23,14,0.0365310178861068,False,S1_design,0.8680952380952381,0.75,,,0.21666666666666667,0.08833333333333333
zhen23,14,0.0365310178861068,False,S2_fixed,0.8633333333333333,0.7366666666666667,,,0.23666666666666666,0.0919047619047619
zhen23,14,0.0365310178861068,False,S3_select,0.8785714285714286,0.8266666666666667,,,0.12666666666666668,0.06928571428571428
zhen23,14,0.0365310178861068,False,S4_select_or_abstain,0.8783333333333333,0.8266666666666667,,,0.12666666666666668,0.06904761904761905
zhen23,15,0.05112811826236603,False,S1_design,0.8585714285714285,0.7333333333333333,,,0.24333333333333335,0.08428571428571428
zhen23,15,0.05112811826236603,False,S2_fixed,0.861904761904762,0.76,,,0.19666666666666666,0.07714285714285714
zhen23,15,0.05112811826236603,False,S3_select,0.8902380952380953,0.8466666666666667,,,0.12666666666666668,0.051904761904761905
zhen23,15,0.05112811826236603,False,S4_select_or_abstain,0.8902380952380953,0.8466666666666667,,,0.12666666666666668,0.051904761904761905
zhen23,23,0.0014035350163854683,False,S1_design,0.9342857142857143,0.8633333333333333,,,0.12,0.058333333333333334
zhen23,23,0.0014035350163854683,False,S2_fixed,0.9333333333333333,0.8666666666666667,,,0.13,0.05785714285714286
zhen23,23,0.0014035350163854683,False,S3_select,0.9364285714285714,0.87,,,0.12,0.05476190476190476
zhen23,23,0.0014035350163854683,False,S4_select_or_abstain,0.9366666666666666,0.8733333333333333,,,0.11666666666666667,0.05452380952380952
zhen23,24,0.00024533620585021624,False,S1_design,0.9166666666666666,0.8366666666666667,,,0.16333333333333333,0.08214285714285714
zhen23,24,0.00024533620585021624,False,S2_fixed,0.9176190476190477,0.8333333333333334,,,0.16333333333333333,0.08142857142857143
zhen23,24,0.00024533620585021624,False,S3_select,0.9080952380952381,0.7966666666666666,,,0.2,0.09071428571428572
zhen23,24,0.00024533620585021624,False,S4_select_or_abstain,0.9080952380952381,0.7966666666666666,,,0.2,0.09071428571428572
zhen23,25,0.01484243658210945,False,S1_design,0.8783333333333333,0.7633333333333333,,,0.19333333333333333,0.09547619047619048
zhen23,25,0.01484243658210945,False,S2_fixed,0.8878571428571429,0.81,,,0.17666666666666667,0.08666666666666667
zhen23,25,0.01484243658210945,False,S3_select,0.8969047619047619,0.8666666666666667,,,0.11666666666666667,0.07547619047619047
zhen23,25,0.01484243658210945,False,S4_select_or_abstain,0.8971428571428571,0.8666666666666667,,,0.11666666666666667,0.07547619047619047
zhen23,34,0.001158198810535252,False,S1_design,0.9276190476190476,0.8566666666666667,,,0.14,0.0688095238095238
zhen23,34,0.001158198810535252,False,S2_fixed,0.9254761904761905,0.8533333333333334,,,0.14,0.07071428571428572
zhen23,34,0.001158198810535252,False,S3_select,0.9333333333333333,0.86,,,0.13333333333333333,0.062380952380952384
zhen23,34,0.001158198810535252,False,S4_select_or_abstain,0.9330952380952381,0.86,,,0.13333333333333333,0.06285714285714286
zhen23,35,0.013438901565723983,False,S1_design,0.875,0.77,,,0.21666666666666667,0.09785714285714285
zhen23,35,0.013438901565723983,False,S2_fixed,0.8885714285714286,0.8066666666666666,,,0.18,0.0869047619047619
zhen23,35,0.013438901565723983,False,S3_select,0.8938095238095238,0.8633333333333333,,,0.13,0.07928571428571428
zhen23,35,0.013438901565723983,False,S4_select_or_abstain,0.8940476190476191,0.8633333333333333,,,0.13,0.07904761904761905
zhen23,45,0.014597100376259234,False,S1_design,0.8914285714285715,0.8066666666666666,,,0.17333333333333334,0.08261904761904762
zhen23,45,0.014597100376259234,False,S2_fixed,0.8966666666666666,0.8233333333333334,,,0.15,0.07428571428571429
zhen23,45,0.014597100376259234,False,S3_select,0.9057142857142857,0.87,,,0.10666666666666667,0.06571428571428571
zhen23,45,0.014597100376259234,False,S4_select_or_abstain,0.905952380952381,0.8733333333333333,,,0.11,0.06642857142857143
