lp,pair,eps,informative,J_uniform,J_S1,J_S2,J_S3,G,G_lo,G_hi,G_sd,D2,D2_lo,D2_hi,D3,D3_lo,D3_hi,n_audits
ende,01,0.01,False,112.46,112.12666666666667,112.12666666666667,112.12666666666667,0.0,0.0,0.0,0.009399713770881831,0.0,0.0,0.0,0.0,0.0,0.0,300
ende,01,0.02,False,112.46,112.12666666666667,112.12666666666667,112.12666666666667,0.0,0.0,0.0,0.0,0.0,0.0,0.0,0.0,0.0,0.0,300
ende,02,0.01,False,112.44,112.12,112.12,112.12,0.0,-0.02835694837447243,0.0,0.00837722120229712,0.0,0.0,0.0,0.0,-0.02748452622235648,0.0,300
ende,02,0.02,False,112.44,112.12,112.12,112.12,0.0,0.0,0.0,0.0,0.0,0.0,0.0,0.0,0.0,0.0,300
ende,03,0.01,False,112.82333333333334,112.55,112.55,112.55,0.0,0.0,0.0,0.0,0.0,0.0,0.0,0.0,0.0,0.0,300
ende,03,0.02,False,112.82333333333334,112.55,112.55,112.55,0.0,0.0,0.0,0.0,0.0,0.0,0.0,0.0,0.0,0.0,300
ende,04,0.01,False,113.22,112.78666666666666,112.78666666666666,112.78666666666666,0.0,0.0,0.0,0.0,0.0,0.0,0.0,0.0,0.0,0.0,300
ende,04,0.02,False,113.22,112.78666666666666,112.78666666666666,112.78666666666666,0.0,0.0,0.0,0.0,0.0,0.0,0.0,0.0,0.0,0.0,300
ende,05,0.01,False,115.94,115.84,115.84,115.84,0.0,0.0,0.0,0.0,0.0,0.0,0.0,0.0,0.0,0.0,300
ende,05,0.02,False,115.94,115.84,115.84,115.84,0.0,0.0,0.0,0.0,0.0,0.0,0.0,0.0,0.0,0.0,300
ende,12,0.01,True,196.95263565891474,178.9629292929293,148.54333333333332,147.59070175438598,0.00641315606409365,-0.6687403722183166,0.07810406496695867,0.2069356911163168,0.1699770789390953,-0.13784405095885766,0.4178137024728327,0.1753001454686337,-0.5507481569276473,0.26215738291857993,300
ende,12,0.02,False,107.94333333333333,107.71666666666667,107.71666666666667,107.71666666666667,0.0,0.0,0.0,0.0,0.0,0.0,0.0,0.0,0.0,0.0,300
ende,13,0.01,False,107.88333333333334,124.1012,123.89484848484848,130.34333333333333,-0.05204804660843876,-0.3921020269418751,0.0,0.10878062061033544,0.0016627680888784413,-0.1639029236949428,0.16693654906535227,-0.05029873468857127,-0.3917863229591835,0.02240037642516381,300
ende,13,0.02,False,107.88333333333334,107.53,107.53,107.53,0.0,0.0,0.0,0.0,0.0,0.0,0.0,0.0,0.0,0.0,300
ende,14,0.01,False,107.90666666666667,107.68666666666667,107.68666666666667,122.73333333333332,-0.13972636661920368,-0.19695412891682235,0.0,0.06328592788012545,0.0,-0.13155752240677307,0.10830870273924648,-0.13972636661920368,-0.19626254870199927,0.00025575352260928186,300
ende,14,0.02,False,107.90666666666667,107.68666666666667,107.68666666666667,107.68666666666667,0.0,0.0,0.0,0.0,0.0,0.0,0.0,0.0,0.0,0.0,300
ende,15,0.01,False,109.58666666666667,109.12666666666667,109.12666666666667,109.12666666666667,0.0,0.0,0.0,0.0,0.0,0.0,0.0,0.0,0.0,0.0,300
ende,15,0.02,False,109.58666666666667,109.12666666666667,109.12666666666667,109.12666666666667,0.0,0.0,0.0,0.0,0.0,0.0,0.0,0.0,0.0,0.0,300
ende,23,0.01,False,109.39,109.21,109.21,136.70087719298246,-0.25172490791120294,-0.36308822592572265,0.0,0.12147036914897887,0.0,-0.23389259627195927,0.17641441051562318,-0.25172490791120294,-0.3590046077292145,0.055794232563761835,300
ende,23,0.02,False,109.39,109.21,109.21,109.21,0.0,0.0,0.0,0.0,0.0,0.0,0.0,0.0,0.0,0.0,300
ende,24,0.01,False,109.77,109.54333333333334,109.54333333333334,121.0709090909091,-0.10523301972652299,-0.16481742317905626,0.02947706467288597,0.062055756691817766,0.0,-0.12685421293114846,0.0724385279434338,-0.10523301972652299,-0.16481742317905626,0.02459989764989642,300
ende,24,0.02,False,109.77,109.54333333333334,109.54333333333334,109.54333333333334,0.0,0.0,0.0,0.0,0.0,0.0,0.0,0.0,0.0,0.0,300
ende,25,0.01,False,112.73333333333333,112.62,112.62,112.62,0.0,-0.12924226932614571,0.0,0.03631646998498217,0.0,0.0,0.07793644130124158,0.0,-0.11802484179495487,0.0,300
ende,25,0.02,False,112.73333333333333,112.62,112.62,112.62,0.0,0.0,0.0,0.0,0.0,0.0,0.0,0.0,0.0,0.0,300
ende,34,0.01,True,230.93696969696973,188.88,144.89818181818185,189.14453333333333,-0.3053616750738237,-0.5544318954979331,0.1821993740028497,0.19886069832780795,0.23285587770975302,-0.319648734094967,0.38164292186094373,-0.0014005364958351585,-0.7008765112928619,0.3648217978192114,300
ende,34,0.02,False,106.47333333333333,106.44,106.44,106.44,0.0,0.0,0.0,0.0,0.0,0.0,0.0,0.0,0.0,0.0,300
ende,35,0.01,True,171.27499999999998,149.47333333333333,144.54190476190476,148.68878787878788,-0.028689833053701763,-0.23232504100353316,0.11679232295165907,0.08323981970235617,0.032992029156339364,-0.09422721120854416,0.2396606000651296,0.00524873191123576,-0.10347314905175554,0.19945583114577292,300
ende,35,0.02,False,109.73333333333333,109.35333333333334,109.35333333333334,109.35333333333334,0.0,0.0,0.0,0.0,0.0,0.0,0.0,0.0,0.0,0.0,300
ende,45,0.01,True,203.62666666666667,148.19333333333333,145.5537254901961,146.43487179487178,-0.006053753015995866,-0.1051051631621973,0.045929842525678284,0.04314561901888717,0.017811920305483175,-0.009703931128452244,0.25591125839316425,0.01186599625575746,-0.06185161542583541,0.2642122238514541,300
ende,45,0.02,False,109.54666666666667,109.12666666666667,109.12666666666667,109.12666666666667,0.0,0.0,0.0,0.0,0.0,0.0,0.0,0.0,0.0,0.0,300
zhen,01,0.01,True,527.6545098039217,528.9058333333332,494.6877235772358,493.97564102564104,0.0014394587083047528,-0.062138833939942725,0.04981523879860537,0.028662666312923787,0.06469603396212142,0.0010422898411062932,0.1815452817177708,0.06604236540094666,-0.0023621824022033236,0.18940818216725577,300
zhen,01,0.02,True,253.22891156462583,251.73857142857142,253.6990909090909,245.91,0.03070208443073219,-0.16742618757458205,0.13130150440011307,0.0663347304700396,-0.007787918511628522,-0.09090381656758335,0.2025633546011045,0.023153271250787366,-0.06122336727078736,0.16344022289140175,300
zhen,02,0.01,True,465.91362962962967,462.5585185185185,450.6514893617021,442.7006666666666,0.017642952220788044,-0.05161695017636973,0.07833271798172355,0.035017573736682565,0.025741670902423852,-0.020686001246184596,0.11394355807459795,0.042930464053397066,0.00818815194040324,0.10694014571892026,300
zhen,02,0.02,True,220.68705882352944,206.4383333333333,204.3097222222222,209.92151515151514,-0.027467087068862694,-0.13877359996737304,0.04253732653793245,0.05958360493926551,0.010311123310969839,-0.055788284017721186,0.08999321015351093,-0.016872747236132746,-0.14013523009943993,0.07036956380706512,300
zhen,03,0.01,True,316.9633333333333,309.38931623931626,303.9914814814815,306.497619047619,-0.008244104584523404,-0.12379590353779732,0.03958363712986043,0.04103027307610078,0.017446739349135987,-0.03959308917713474,0.17211633496670645,0.009346467508465794,-0.08809505552449565,0.13272962160036542,300
zhen,03,0.02,True,205.96647058823527,195.74382716049382,196.77190476190475,195.35392156862744,0.007206227916495944,-0.059459808597438074,0.07349495209116792,0.03548494883981256,-0.0052521584783769,-0.05270891920575531,0.06171174543961188,0.0019919176891677326,-0.07029515348246305,0.0807360064041948,300
zhen,04,0.01,True,276.501,271.32235294117646,257.9788888888889,263.9483333333333,-0.023139274962206136,-0.08199345565545678,0.022070349779201814,0.026454766710809877,0.04917937614664747,-0.009910316257996798,0.11471545515610533,0.02717807629156843,-0.029098071247495208,0.08754918518178119,300
zhen,04,0.02,True,197.9850505050505,162.965,162.64000000000001,159.07137254901963,0.021941880539722014,-0.08043733567427007,0.17995470589109075,0.06413536723809711,0.0019942932531524793,-0.14850420140500173,0.17924942578860587,0.023892415248552568,-0.1123163896654561,0.20519351195383162,300
zhen,05,0.01,True,196.00666666666666,189.96266666666662,178.40982456140352,177.42925925925925,0.005496139601924188,-0.05698151356322112,0.08598174101658965,0.0357110469184881,0.06081638201855333,-0.0443447281109319,0.15111532670556924,0.06597826629481951,-0.04180900633740615,0.19293291837234064,300
zhen,05,0.02,False,125.53763888888888,125.65451851851853,124.55383333333333,151.2238596491228,-0.21412449221385788,-0.27381348137215805,-0.004552489131898582,0.0988399929945569,0.008759614840456287,-0.005190853968902437,0.20376097216771663,-0.20348922929369984,-0.2558846364692984,0.045530189870259516,300
zhen,12,0.01,True,687.7427777777777,548.9707070707071,540.0563963963964,544.0478787878787,-0.007390862173128676,-0.09813798213528248,0.048777379271341015,0.038152531250202196,0.01623822648366302,-0.040637167754790565,0.1169641619169096,0.008967378804411008,-0.06873639900068924,0.10498513005035254,300
zhen,12,0.02,True,298.22333333333336,256.15666666666664,250.1783333333333,264.69714285714286,-0.05803384062226091,-0.2613959416215992,0.05046390216083184,0.08156001769973088,0.023338581857456964,-0.06578273979846651,0.157413169726065,-0.033340831224938805,-0.14681026768388317,0.05674293099634632,300
zhen,13,0.01,True,647.4015315315316,594.4825203252033,533.5372727272727,548.2233333333334,-0.027525838131214675,-0.09757776879687796,0.022795533090417534,0.03215328450955268,0.1025181490022471,0.04793122878428451,0.1754613434529598,0.07781420884598,0.029760994114656266,0.14983551275006032,300
zhen,13,0.02,True,243.9324761904762,232.50548387096774,213.1391111111111,222.36575757575756,-0.0432893166183681,-0.14714600021145172,0.010182668302320744,0.043361416201537446,0.0832942623005154,0.02683253658812808,0.24439711973447856,0.0436106973753676,-0.0014626696189738483,0.15901571568005765,300
zhen,14,0.01,True,537.1475438596491,512.3774509803922,497.27239316239314,507.62666666666667,-0.02082213621075102,-0.09088752532667436,0.041493629196445475,0.03097557121774855,0.02948033288564267,-0.02624154693525338,0.08663331255786542,0.009272040181774743,-0.04208983572898541,0.07487159519265107,300
zhen,14,0.02,True,262.5733333333333,241.7988888888889,238.25999999999996,238.25999999999996,0.0,-0.09513198663484533,0.14163663148681288,0.06005950697320888,0.014635670598615258,-0.05900255217101901,0.151599879766978,0.014635670598615258,-0.08795172815039394,0.1675187516234159,300
zhen,15,0.01,True,321.1912903225807,294.39480000000003,269.5411111111111,285.7916,-0.06028946316166994,-0.17243729791978038,0.013928076255253233,0.05055267725806859,0.08442298875146215,0.013480585585244915,0.1815681593194785,0.029223342260121465,-0.03213908444595194,0.11052891798487337,300
zhen,15,0.02,True,187.35426666666666,183.2261403508772,169.233768115942,177.81363636363636,-0.050698323054629846,-0.2156084441245127,0.014129775475413931,0.05168590014212939,0.07636668113043177,0.00937165765127249,0.20629408458590595,0.029540020746362416,-0.04952514677758267,0.1354846980743829,300
zhen,23,0.01,True,606.453125,548.906875,553.9754166666667,532.2530952380952,0.03921170646754901,-0.1877925091442571,0.11990991729830436,0.07631188566433549,-0.009233882644786862,-0.0889869939589353,0.22701888533732512,0.03033990011858545,-0.024744334942317318,0.12012687840352047,300
zhen,23,0.02,True,280.44117647058823,249.37333333333333,235.3326984126984,244.95733333333334,-0.040897992440287245,-0.15728033298872784,0.01780632735864439,0.050803626821678126,0.05630367422593274,0.00020583371450675933,0.16709075084973787,0.01770838902849814,-0.029611440800759385,0.07588873682109053,300
zhen,24,0.01,True,622.8565432098765,558.9070588235294,520.5698039215687,511.62444444444446,0.017183784786856338,-0.1340487609176027,0.17158003709789058,0.07991869190527223,0.06859325588526055,-0.03488229360347774,0.2586082598218957,0.08459834892515472,-0.0436669043242543,0.2997087715123383,300
zhen,24,0.02,True,271.8804761904762,257.02456140350876,246.00888888888892,248.95238095238093,-0.011964982553217762,-0.23503599161736619,0.03880674563405774,0.06249690338337421,0.04285844300041852,-0.007169828411892313,0.23351250624564285,0.03140626096995891,-0.03839127889946789,0.08889175630701888,300
zhen,25,0.01,True,360.8296899224806,341.9046666666667,317.01666666666665,322.5473333333333,-0.017445980758109547,-0.07523898927672919,0.039792945237379786,0.0325096510207705,0.0727922208334878,0.010986824765085411,0.13873044274581559,0.056616171759379386,0.0,0.11880890102879878,300
zhen,25,0.02,True,208.53866666666667,198.7115238095238,194.33666666666667,197.17222222222222,-0.014590944695059394,-0.12017868733162243,0.03219159886565598,0.036977500153279004,0.022016121959039903,-0.025482305239202713,0.11132693337035073,0.007746413281884412,-0.047663732514082804,0.0626366994940005,300
zhen,34,0.01,True,697.5415238095238,654.0488333333333,671.5576811594203,617.0751515151514,0.08112859278179463,0.014695298144005697,0.1556978959305561,0.03847353473622268,-0.02676993969525787,-0.1009421760844614,0.034479457041645775,0.056530460622866596,-0.01872268732228493,0.14328354744569163,300
zhen,34,0.02,True,262.3433333333333,251.55533333333332,256.6730081300813,252.83215686274508,0.014963985871820573,-0.050155274632463685,0.07072617418489102,0.03079847086967038,-0.020344131563160284,-0.08494392529570813,0.04819204643168701,-0.005075716394054242,-0.07159298475915826,0.0631832609549966,300
zhen,35,0.01,True,447.91749999999996,455.49209523809526,424.4356565656566,407.730606060606,0.03935826372416573,-0.01588669238324957,0.11288966203015842,0.030936386587093218,0.0681821682464211,-0.005470705665410794,0.12879183726078092,0.10485690021145877,0.03306098733954571,0.17335537467158116,300
zhen,35,0.02,True,223.57078431372548,217.7188888888889,206.94799999999998,210.98708333333332,-0.019517382788591053,-0.10778685843683851,0.03216701493487046,0.04502167606160552,0.0494715407737808,0.0,0.16340136320484466,0.030919712983613068,-0.018551450063719853,0.11602927520928696,300
zhen,45,0.01,True,585.4282882882884,572.1263063063063,556.3409803921569,563.5402150537634,-0.012940327812148267,-0.09218659469798393,0.057862730524114225,0.03945002316107837,0.02759063119481564,-0.05535141254589101,0.11392476456750861,0.015007335194872296,-0.06312386369070994,0.09051965759906273,300
zhen,45,0.02,True,282.0,271.20612612612615,270.59142857142854,264.82385964912277,0.021314677086245126,-0.035306952536132405,0.0846656465872446,0.030946240793612127,0.0022665327051342166,-0.08031207282028678,0.07931265415722676,0.023532899378663985,-0.03767662197363806,0.09526497913808057,300
