lp,strategy,budget,cost,rate,mc_lo,mc_hi,from_here_on
ende23,S1_design,10,116.2,0.18,0.16,0.201,
ende23,S1_design,13,123.4,0.141,0.126,0.161,
ende23,S1_design,17,130.6,0.124,0.111,0.14,
ende23,S1_design,23,143.9,0.114,0.099,0.128,
ende23,S1_design,31,158.4,0.107,0.093,0.123,
ende23,S1_design,41,178.7,0.124,0.11,0.138,
ende23,S1_design,55,206.3,0.092,0.078,0.105,*
ende23,S1_design,73,244.4,0.094,0.081,0.107,
ende23,S1_design,98,291.0,0.083,0.071,0.094,
ende23,S1_design,130,357.7,0.067,0.056,0.077,
ende23,S1_design,174,443.3,0.048,0.04,0.057,
ende23,S1_design,231,558.7,0.05,0.044,0.057,
ende23,S1_design,308,713.5,0.034,0.028,0.04,
ende23,S1_design,410,867.1,0.0,0.0,0.0,
ende23,S2_fixed,10,116.2,0.16,0.14,0.175,
ende23,S2_fixed,13,123.4,0.13,0.115,0.146,
ende23,S2_fixed,17,130.6,0.114,0.103,0.128,
ende23,S2_fixed,23,143.9,0.112,0.099,0.124,
ende23,S2_fixed,31,158.4,0.096,0.082,0.108,
ende23,S2_fixed,41,178.7,0.112,0.1,0.127,
ende23,S2_fixed,55,206.3,0.088,0.075,0.101,*
ende23,S2_fixed,73,244.4,0.084,0.072,0.097,
ende23,S2_fixed,98,291.0,0.076,0.066,0.086,
ende23,S2_fixed,130,357.7,0.063,0.054,0.073,
ende23,S2_fixed,174,443.3,0.05,0.042,0.058,
ende23,S2_fixed,231,558.7,0.051,0.043,0.058,
ende23,S2_fixed,308,713.5,0.028,0.024,0.034,
ende23,S2_fixed,410,867.1,0.0,0.0,0.0,
ende23,S3_select,10,116.2,0.119,0.104,0.132,
ende23,S3_select,13,123.4,0.116,0.103,0.131,
ende23,S3_select,17,130.6,0.104,0.092,0.12,
ende23,S3_select,23,143.9,0.097,0.087,0.108,
ende23,S3_select,31,158.4,0.088,0.075,0.1,
ende23,S3_select,41,178.7,0.103,0.09,0.116,
ende23,S3_select,55,206.3,0.082,0.07,0.096,*
ende23,S3_select,73,244.4,0.086,0.075,0.099,
ende23,S3_select,98,291.0,0.075,0.065,0.084,
ende23,S3_select,130,357.7,0.067,0.058,0.078,
ende23,S3_select,174,443.3,0.048,0.04,0.054,
ende23,S3_select,231,558.7,0.048,0.041,0.056,
ende23,S3_select,308,713.5,0.031,0.026,0.037,
ende23,S3_select,410,867.1,0.0,0.0,0.0,
ende23,S4_select_or_abstain,10,116.2,0.118,0.103,0.131,
ende23,S4_select_or_abstain,13,123.4,0.116,0.104,0.131,
ende23,S4_select_or_abstain,17,130.6,0.104,0.092,0.119,
ende23,S4_select_or_abstain,23,143.9,0.097,0.087,0.108,
ende23,S4_select_or_abstain,31,158.4,0.088,0.075,0.1,
ende23,S4_select_or_abstain,41,178.7,0.103,0.09,0.116,
ende23,S4_select_or_abstain,55,206.3,0.082,0.07,0.096,*
ende23,S4_select_or_abstain,73,244.4,0.086,0.075,0.098,
ende23,S4_select_or_abstain,98,291.0,0.074,0.064,0.084,
ende23,S4_select_or_abstain,130,357.7,0.068,0.058,0.078,
ende23,S4_select_or_abstain,174,443.3,0.048,0.04,0.054,
ende23,S4_select_or_abstain,231,558.7,0.047,0.041,0.055,
ende23,S4_select_or_abstain,308,713.5,0.031,0.026,0.037,
ende23,S4_select_or_abstain,410,867.1,0.0,0.0,0.0,
zhen23,S1_design,10,110.2,0.184,0.165,0.203,
zhen23,S1_design,14,118.6,0.146,0.128,0.167,
zhen23,S1_design,20,130.8,0.139,0.124,0.159,
zhen23,S1_design,29,148.4,0.121,0.108,0.138,
zhen23,S1_design,42,174.6,0.108,0.092,0.124,
zhen23,S1_design,61,211.0,0.101,0.087,0.116,
zhen23,S1_design,88,265.3,0.087,0.076,0.099,*
zhen23,S1_design,127,342.7,0.085,0.073,0.098,
zhen23,S1_design,183,459.3,0.055,0.046,0.064,
zhen23,S1_design,263,607.0,0.052,0.043,0.062,
zhen23,S1_design,378,809.3,0.035,0.028,0.044,
zhen23,S1_design,544,1076.1,0.024,0.018,0.029,
zhen23,S1_design,783,1461.3,0.012,0.008,0.016,
zhen23,S1_design,1127,1924.5,0.0,0.0,0.0,
zhen23,S2_fixed,10,110.2,0.185,0.164,0.206,
zhen23,S2_fixed,14,118.6,0.141,0.126,0.157,
zhen23,S2_fixed,20,130.8,0.143,0.128,0.163,
zhen23,S2_fixed,29,148.4,0.118,0.106,0.135,
zhen23,S2_fixed,42,174.6,0.107,0.091,0.122,
zhen23,S2_fixed,61,211.0,0.103,0.089,0.116,
zhen23,S2_fixed,88,265.3,0.086,0.075,0.098,*
zhen23,S2_fixed,127,342.7,0.085,0.072,0.099,
zhen23,S2_fixed,183,459.3,0.054,0.045,0.063,
zhen23,S2_fixed,263,607.0,0.05,0.041,0.06,
zhen23,S2_fixed,378,809.3,0.036,0.029,0.043,
zhen23,S2_fixed,544,1076.1,0.024,0.018,0.029,
zhen23,S2_fixed,783,1461.3,0.011,0.007,0.015,
zhen23,S2_fixed,1127,1924.5,0.0,0.0,0.0,
zhen23,S3_select,10,110.2,0.126,0.112,0.14,
zhen23,S3_select,14,118.6,0.106,0.093,0.12,
zhen23,S3_select,20,130.8,0.108,0.094,0.123,
zhen23,S3_select,29,148.4,0.109,0.096,0.124,
zhen23,S3_select,42,174.6,0.095,0.083,0.108,*
zhen23,S3_select,61,211.0,0.085,0.074,0.095,
zhen23,S3_select,88,265.3,0.08,0.07,0.092,
zhen23,S3_select,127,342.7,0.076,0.064,0.089,
zhen23,S3_select,183,459.3,0.052,0.043,0.06,
zhen23,S3_select,263,607.0,0.045,0.038,0.052,
zhen23,S3_select,378,809.3,0.027,0.02,0.034,
zhen23,S3_select,544,1076.1,0.022,0.017,0.028,
zhen23,S3_select,783,1461.3,0.01,0.007,0.014,
zhen23,S3_select,1127,1924.5,0.0,0.0,0.0,
zhen23,S4_select_or_abstain,10,110.2,0.126,0.112,0.14,
zhen23,S4_select_or_abstain,14,118.6,0.106,0.093,0.12,
zhen23,S4_select_or_abstain,20,130.8,0.108,0.094,0.123,
zhen23,S4_select_or_abstain,29,148.4,0.109,0.095,0.124,
zhen23,S4_select_or_abstain,42,174.6,0.095,0.083,0.108,*
zhen23,S4_select_or_abstain,61,211.0,0.085,0.074,0.095,
zhen23,S4_select_or_abstain,88,265.3,0.08,0.07,0.092,
zhen23,S4_select_or_abstain,127,342.7,0.076,0.064,0.088,
zhen23,S4_select_or_abstain,183,459.3,0.052,0.043,0.06,
zhen23,S4_select_or_abstain,263,607.0,0.045,0.038,0.052,
zhen23,S4_select_or_abstain,378,809.3,0.026,0.02,0.034,
zhen23,S4_select_or_abstain,544,1076.1,0.022,0.017,0.028,
zhen23,S4_select_or_abstain,783,1461.3,0.011,0.007,0.014,
zhen23,S4_select_or_abstain,1127,1924.5,0.0,0.0,0.0,
