lp,strategy,budget,cost,rate,p_above,from_here_on
ende,S1_design,10,110.3,0.005,1.0,*
ende,S1_design,14,118.8,0.005,1.0,
ende,S1_design,21,133.0,0.003,1.0,
ende,S1_design,30,150.5,0.005,1.0,
ende,S1_design,44,179.2,0.002,1.0,
ende,S1_design,64,219.0,0.003,1.0,
ende,S1_design,93,277.8,0.001,1.0,
ende,S1_design,135,361.8,0.002,1.0,
ende,S1_design,196,482.5,0.002,1.0,
ende,S1_design,285,661.3,0.002,1.0,
ende,S1_design,413,915.1,0.001,1.0,
ende,S1_design,600,1291.5,0.002,1.0,
ende,S1_design,871,1832.4,0.001,1.0,
ende,S1_design,1265,2153.8,0.0,1.0,
ende,S2_fixed,10,110.3,0.004,1.0,*
ende,S2_fixed,14,118.8,0.005,1.0,
ende,S2_fixed,21,133.0,0.003,1.0,
ende,S2_fixed,30,150.5,0.003,1.0,
ende,S2_fixed,44,179.2,0.002,1.0,
ende,S2_fixed,64,219.0,0.002,1.0,
ende,S2_fixed,93,277.8,0.001,1.0,
ende,S2_fixed,135,361.8,0.002,1.0,
ende,S2_fixed,196,482.5,0.002,1.0,
ende,S2_fixed,285,661.3,0.002,1.0,
ende,S2_fixed,413,915.1,0.001,1.0,
ende,S2_fixed,600,1291.5,0.002,1.0,
ende,S2_fixed,871,1832.4,0.001,1.0,
ende,S2_fixed,1265,2153.8,0.0,1.0,
ende,S3_select,10,110.3,0.003,1.0,*
ende,S3_select,14,118.8,0.004,1.0,
ende,S3_select,21,133.0,0.003,1.0,
ende,S3_select,30,150.5,0.004,1.0,
ende,S3_select,44,179.2,0.002,1.0,
ende,S3_select,64,219.0,0.002,1.0,
ende,S3_select,93,277.8,0.001,1.0,
ende,S3_select,135,361.8,0.002,1.0,
ende,S3_select,196,482.5,0.002,1.0,
ende,S3_select,285,661.3,0.002,1.0,
ende,S3_select,413,915.1,0.001,1.0,
ende,S3_select,600,1291.5,0.002,1.0,
ende,S3_select,871,1832.4,0.001,1.0,
ende,S3_select,1265,2153.8,0.0,1.0,
ende,S4_select_or_abstain,10,110.3,0.003,1.0,*
ende,S4_select_or_abstain,14,118.8,0.004,1.0,
ende,S4_select_or_abstain,21,133.0,0.003,1.0,
ende,S4_select_or_abstain,30,150.5,0.004,1.0,
ende,S4_select_or_abstain,44,179.2,0.002,1.0,
ende,S4_select_or_abstain,64,219.0,0.002,1.0,
ende,S4_select_or_abstain,93,277.8,0.001,1.0,
ende,S4_select_or_abstain,135,361.8,0.002,1.0,
ende,S4_select_or_abstain,196,482.5,0.002,1.0,
ende,S4_select_or_abstain,285,661.3,0.002,1.0,
ende,S4_select_or_abstain,413,915.1,0.001,1.0,
ende,S4_select_or_abstain,600,1291.5,0.002,1.0,
ende,S4_select_or_abstain,871,1832.4,0.001,1.0,
ende,S4_select_or_abstain,1265,2153.8,0.0,1.0,
zhen,S1_design,10,116.3,0.007,1.0,*
zhen,S1_design,14,124.3,0.007,1.0,
zhen,S1_design,22,140.9,0.006,1.0,
zhen,S1_design,33,163.3,0.004,1.0,
zhen,S1_design,49,193.8,0.004,1.0,
zhen,S1_design,74,245.0,0.005,1.0,
zhen,S1_design,110,316.7,0.003,1.0,
zhen,S1_design,165,426.7,0.004,1.0,
zhen,S1_design,246,588.7,0.005,1.0,
zhen,S1_design,367,828.7,0.002,1.0,
zhen,S1_design,548,1192.4,0.003,1.0,
zhen,S1_design,819,1732.7,0.001,1.0,
zhen,S1_design,1222,2541.6,0.001,1.0,
zhen,S1_design,1825,3512.0,0.0,1.0,
zhen,S2_fixed,10,116.3,0.007,1.0,*
zhen,S2_fixed,14,124.3,0.006,1.0,
zhen,S2_fixed,22,140.9,0.007,1.0,
zhen,S2_fixed,33,163.3,0.004,1.0,
zhen,S2_fixed,49,193.8,0.004,1.0,
zhen,S2_fixed,74,245.0,0.005,1.0,
zhen,S2_fixed,110,316.7,0.002,1.0,
zhen,S2_fixed,165,426.7,0.004,1.0,
zhen,S2_fixed,246,588.7,0.004,1.0,
zhen,S2_fixed,367,828.7,0.002,1.0,
zhen,S2_fixed,548,1192.4,0.002,1.0,
zhen,S2_fixed,819,1732.7,0.002,1.0,
zhen,S2_fixed,1222,2541.6,0.001,1.0,
zhen,S2_fixed,1825,3512.0,0.0,1.0,
zhen,S3_select,10,116.3,0.006,1.0,*
zhen,S3_select,14,124.3,0.006,1.0,
zhen,S3_select,22,140.9,0.007,1.0,
zhen,S3_select,33,163.3,0.004,1.0,
zhen,S3_select,49,193.8,0.004,1.0,
zhen,S3_select,74,245.0,0.004,1.0,
zhen,S3_select,110,316.7,0.003,1.0,
zhen,S3_select,165,426.7,0.004,1.0,
zhen,S3_select,246,588.7,0.004,1.0,
zhen,S3_select,367,828.7,0.002,1.0,
zhen,S3_select,548,1192.4,0.003,1.0,
zhen,S3_select,819,1732.7,0.001,1.0,
zhen,S3_select,1222,2541.6,0.001,1.0,
zhen,S3_select,1825,3512.0,0.0,1.0,
zhen,S4_select_or_abstain,10,116.3,0.006,1.0,*
zhen,S4_select_or_abstain,14,124.3,0.006,1.0,
zhen,S4_select_or_abstain,22,140.9,0.007,1.0,
zhen,S4_select_or_abstain,33,163.3,0.004,1.0,
zhen,S4_select_or_abstain,49,193.8,0.004,1.0,
zhen,S4_select_or_abstain,74,245.0,0.004,1.0,
zhen,S4_select_or_abstain,110,316.7,0.002,1.0,
zhen,S4_select_or_abstain,165,426.7,0.004,1.0,
zhen,S4_select_or_abstain,246,588.7,0.004,1.0,
zhen,S4_select_or_abstain,367,828.7,0.002,1.0,
zhen,S4_select_or_abstain,548,1192.4,0.003,1.0,
zhen,S4_select_or_abstain,819,1732.7,0.001,1.0,
zhen,S4_select_or_abstain,1222,2541.6,0.001,1.0,
zhen,S4_select_or_abstain,1825,3512.0,0.0,1.0,
