lp,pair,eps,N,pilot_cost,J_uniform,informative,abstain_share,n_judges,J_best_posthoc,best_posthoc,J_mean_judge,save_design,J_S1_design,wrong_S1_design,excess_S1_design,excess_lo_S1_design,excess_hi_S1_design,J_S2_fixed,wrong_S2_fixed,excess_S2_fixed,excess_lo_S2_fixed,excess_hi_S2_fixed,J_S3_select,wrong_S3_select,excess_S3_select,excess_lo_S3_select,excess_hi_S3_select,J_S4_select_or_abstain,wrong_S4_select_or_abstain,excess_S4_select_or_abstain,excess_lo_S4_select_or_abstain,excess_hi_S4_select_or_abstain,excess_best_posthoc,excess_mean_judge,p_best_vs_noise
ende23,01,0.01,460,97.16,551.6158333333333,True,0.023333333333333334,42,499.8147747747747,mtme_MetricX-23-QE-c-src,522.5133485545227,0.038576062144699,530.3366666666667,0.0,0.0,0.0,0.0,521.8199999999999,0.0,-0.016058981401751327,-0.07529736433683125,0.06139555057275604,559.2933333333333,0.0,0.05460053676595367,-0.025757255133644016,0.12800832628571293,559.2933333333333,0.0,0.05460053676595367,-0.025757255133644016,0.12800832628571293,-0.05755191713168106,-0.014751607052395532,0.37
ende23,01,0.02,460,97.16,313.5933333333333,True,0.023333333333333334,42,267.86333333333334,mtme_MetricX-23-QE-c-src,303.07855764019433,0.026817850049636438,305.1834343434343,0.0,0.0,0.0,0.0,297.69,0.0,-0.024553869903048864,-0.22388227395767948,0.20471121625044997,313.70477987421384,0.0,0.027922044815807734,-0.029827504438122224,0.31856324581750867,313.70477987421384,0.0,0.027922044815807734,-0.029827504438122224,0.31856324581750867,-0.12228744030746863,-0.006897087018397308,0.455
ende23,02,0.01,460,97.87666666666667,190.76770833333333,True,0.0,42,159.39,mtme_MetricX-23-refA,185.75077348697783,0.02034940526632001,186.8856989247312,0.01,0.0,0.0,0.0,182.39603174603175,0.01,-0.024023599475675672,-0.1057159581910533,0.04810842639500346,192.9572463768116,0.016666666666666666,0.03248802603416823,-0.08378940237503277,0.10780372866002108,192.9572463768116,0.016666666666666666,0.03248802603416823,-0.08378940237503277,0.10780372866002108,-0.14712575163819885,-0.0060728319196348135,0.295
ende23,02,0.02,460,97.87666666666667,153.54965811965812,True,0.0,42,149.69921985815603,mtme_XCOMET-Ensemble-refA,152.33681866802755,0.001102495123472158,153.38037037037037,0.013333333333333334,0.0,0.0,0.0,151.4825925925926,0.006666666666666667,-0.012373016007166893,-0.029390045951407432,-0.0002093659445393842,154.64555555555555,0.016666666666666666,0.008248677338111188,-0.01662669112861945,0.07804285274499626,154.64555555555555,0.016666666666666666,0.008248677338111188,-0.01662669112861945,0.07804285274499626,-0.02400014097844072,-0.006803684851085845,0.345
ende23,03,0.01,460,97.69333333333333,118.41333333333333,False,0.01,42,116.96666666666667,mtme_BLEU-refA,117.08565774135738,0.012217092669744356,116.96666666666667,0.0033333333333333335,0.0,0.0,0.0,116.96666666666667,0.0033333333333333335,0.0,-0.03522552707959434,0.0,116.96666666666667,0.0033333333333333335,0.0,-0.03377155533972105,0.008932798279997586,116.96666666666667,0.0033333333333333335,0.0,-0.03377155533972105,0.008932798279997586,0.0,0.0010173075636139561,1.0
ende23,03,0.02,460,97.69333333333333,116.94,False,0.01,42,116.96666666666667,mtme_BERTscore-refA,116.96666666666665,-0.0002280371700587036,116.96666666666667,0.006666666666666667,0.0,0.0,0.0,116.96666666666667,0.006666666666666667,0.0,0.0,0.0,116.96666666666667,0.0033333333333333335,0.0,0.0,0.0,116.96666666666667,0.0033333333333333335,0.0,0.0,0.0,0.0,-1.1102230246251565e-16,1.0
ende23,04,0.01,460,97.48333333333333,120.89376811594202,False,0.0,42,116.66333333333333,mtme_BLEURT-20-refA,118.6314788506401,0.011047409709787903,119.55820512820512,0.0,0.0,0.0,0.0,119.48583333333332,0.0,-0.000605326876513379,-0.03561120177742082,0.05453245311226653,116.66333333333333,0.0,-0.024213075060532607,-0.04918877079415158,0.0,116.66333333333333,0.0,-0.024213075060532607,-0.04918877079415158,0.0,-0.024213075060532607,-0.007751256189997724,0.77
ende23,04,0.02,460,97.48333333333333,116.73,False,0.0,42,116.66333333333333,mtme_BERTscore-refA,116.6633333333333,0.0005711185356521709,116.66333333333333,0.0,0.0,0.0,0.0,116.66333333333333,0.0,0.0,0.0,0.0050441262216853865,116.66333333333333,0.0,0.0,0.0,0.0,116.66333333333333,0.0,0.0,0.0,0.0,0.0,-2.220446049250313e-16,1.0
ende23,05,0.01,460,98.26333333333334,117.51,False,0.0,42,117.49,mtme_BERTscore-refA,117.48999999999998,0.0001701982809974023,117.49,0.0,0.0,0.0,0.0,117.49,0.0,0.0,0.0,0.0,117.49,0.0,0.0,0.0,0.0,117.49,0.0,0.0,0.0,0.0,0.0,-1.1102230246251565e-16,1.0
ende23,05,0.02,460,98.26333333333334,117.51,False,0.0,42,117.49,mtme_BERTscore-refA,117.48999999999998,0.0001701982809974023,117.49,0.0,0.0,0.0,0.0,117.49,0.0,0.0,0.0,0.0,117.49,0.0,0.0,0.0,0.0,117.49,0.0,0.0,0.0,0.0,0.0,-1.1102230246251565e-16,1.0
ende23,12,0.01,460,96.25666666666666,202.76533333333333,True,0.0033333333333333335,42,185.78733333333332,mtme_XCOMET-Ensemble-refA,192.20018494590983,0.048071717277991755,193.01805555555558,0.013333333333333334,0.0,0.0,0.0,191.86666666666667,0.013333333333333334,-0.0059651874824606654,-0.0719926684274246,0.03974132899950379,197.39333333333335,0.013333333333333334,0.022667712433350307,-0.06649033151670743,0.10291494719340924,197.39333333333335,0.013333333333333334,0.022667712433350307,-0.06649033151670743,0.10291494719340924,-0.03746137738985289,-0.004237275146574793,0.765
ende23,12,0.02,460,96.25666666666666,168.83533333333332,True,0.0033333333333333335,42,154.40777777777777,mtme_MetricX-23-QE-c-src,162.86197787623598,0.027035884743394467,164.27072072072073,0.013333333333333334,0.0,0.0,0.0,164.63333333333333,0.01,0.0022074086667525084,-0.12499307471451541,0.027056290723689654,165.39206896551724,0.013333333333333334,0.006826221008081612,-0.039074319119315505,0.0548336014612624,165.814,0.013333333333333334,0.009394731285698787,-0.036773715774898866,0.056822961106236115,-0.06004078450298589,-0.008575739111048142,0.175
ende23,13,0.01,460,97.07666666666667,116.32333333333334,False,0.056666666666666664,42,116.45666666666666,mtme_BLEURT-20-refA,119.59547938371385,-0.0011462303349858427,116.45666666666666,0.0,0.0,0.0,0.0,116.45666666666666,0.0,0.0,-0.07198960650142756,0.053604517462188826,116.45666666666666,0.0,0.0,-0.07359818921579533,0.07317724224231344,116.45666666666666,0.0,0.0,-0.07359818921579533,0.07348570386478237,0.0,0.026952623725968294,0.975
ende23,13,0.02,460,97.07666666666667,116.32333333333334,False,0.056666666666666664,42,116.45666666666666,mtme_BERTscore-refA,116.45666666666668,-0.0011462303349858427,116.45666666666666,0.0,0.0,0.0,0.0,116.45666666666666,0.0,0.0,-0.002228139159844193,0.0,116.45666666666666,0.0,0.0,-0.002228139159844193,0.0,116.45666666666666,0.0,0.0,-0.002228139159844193,0.0,0.0,2.220446049250313e-16,1.0
ende23,14,0.01,460,96.44333333333333,115.69,False,0.013333333333333334,42,115.79666666666667,mtme_BERTscore-refA,116.00962174940902,-0.0009220042066442335,115.79666666666667,0.0033333333333333335,0.0,0.0,0.0,115.79666666666667,0.0,0.0,-0.019764953491518758,0.0799472881050436,115.79666666666667,0.0,0.0,-0.08214435925071506,0.0009005396584304689,115.79666666666667,0.0,0.0,-0.08214435925071506,0.0009005396584304689,0.0,0.0018390432891766118,0.865
ende23,14,0.02,460,96.44333333333333,115.69,False,0.013333333333333334,42,115.79666666666667,mtme_BERTscore-refA,115.7966666666667,-0.0009220042066442335,115.79666666666667,0.0033333333333333335,0.0,0.0,0.0,115.79666666666667,0.0033333333333333335,0.0,0.0,0.0,115.79666666666667,0.0033333333333333335,0.0,0.0,0.0,115.79666666666667,0.0033333333333333335,0.0,0.0,0.0,0.0,2.220446049250313e-16,1.0
ende23,15,0.01,460,98.56666666666666,117.81333333333333,False,0.0,42,117.81333333333333,mtme_BERTscore-refA,117.81333333333333,0.0,117.81333333333333,0.0,0.0,0.0,0.0,117.81333333333333,0.0,0.0,0.0,0.0,117.81333333333333,0.0,0.0,0.0,0.0,117.81333333333333,0.0,0.0,0.0,0.0,0.0,0.0,1.0
ende23,15,0.02,460,98.56666666666666,117.81333333333333,False,0.0,42,117.81333333333333,mtme_BERTscore-refA,117.81333333333333,0.0,117.81333333333333,0.0,0.0,0.0,0.0,117.81333333333333,0.0,0.0,0.0,0.0,117.81333333333333,0.0,0.0,0.0,0.0,117.81333333333333,0.0,0.0,0.0,0.0,0.0,0.0,1.0
ende23,23,0.01,460,94.78333333333333,227.68529411764706,True,0.013333333333333334,42,203.07213333333334,mtme_MaTESe-refA,211.12666259089795,0.0957627898219271,205.88151515151517,0.006666666666666667,0.0,0.0,0.0,208.54538461538462,0.0033333333333333335,0.01293884719038041,-0.05499015259447387,0.05598623940802239,220.26641025641027,0.0,0.06986977482805479,-0.016777721559158743,0.13788952152168962,220.47571428571428,0.0,0.07088639853587009,-0.005929672546760468,0.1345617026437649,-0.013645624358817776,0.02547653409060402,0.56
ende23,23,0.02,460,94.78333333333333,162.97666666666666,True,0.013333333333333334,42,150.66896296296295,mtme_XCOMET-Ensemble-refA,152.7565908619677,0.06187537535583276,152.89242424242423,0.02666666666666667,0.0,0.0,0.0,153.7028735632184,0.02666666666666667,0.005300781414186551,-0.020053835843267802,0.04409580042724144,155.42925925925925,0.023333333333333334,0.016592287220278834,-0.006779706254172798,0.1584509957564382,155.42925925925925,0.023333333333333334,0.016592287220278834,-0.006779706254172798,0.1593505254184435,-0.0145426517401267,-0.0008884245320169848,0.8
ende23,24,0.01,460,94.59666666666666,191.60555555555555,True,0.006666666666666667,42,163.74076923076925,mtme_XCOMET-Ensemble-refA,173.28057961213796,0.06485314158137367,179.17933333333335,0.0,0.0,0.0,0.0,168.83315789473684,0.0033333333333333335,-0.05774201324518358,-0.13909383527006275,0.027516167407259713,172.50238095238097,0.0,-0.03726407647990859,-0.10164568340255588,0.12081474995197243,172.50238095238097,0.0,-0.03726407647990859,-0.10164568340255588,0.12081474995197243,-0.08616263837662141,-0.03292094914887167,0.47
ende23,24,0.02,460,94.59666666666666,142.9752380952381,True,0.006666666666666667,42,135.89823529411765,mtme_XCOMET-Ensemble-refA,139.3633842470646,0.028458141269883663,138.90642857142856,0.02666666666666667,0.0,0.0,0.0,136.6570588235294,0.016666666666666666,-0.016193417187617576,-0.11457409306653785,0.029675984895903472,140.135,0.013333333333333334,0.008844597339421778,-0.03511999381035239,0.11548195174642918,140.135,0.013333333333333334,0.008844597339421778,-0.03511999381035239,0.11548195174642918,-0.021656256720789857,0.0032896654268312897,0.83
ende23,25,0.01,460,97.71666666666667,126.42411764705882,False,0.0,42,116.97666666666667,mtme_BERTscore-refA,117.23071146245059,0.07472823347493573,116.97666666666667,0.0,0.0,0.0,0.0,116.97666666666667,0.0033333333333333335,0.0,-0.08509085531652225,0.0,116.97666666666667,0.0,0.0,-0.08509085531652225,0.01693218226483174,116.97666666666667,0.0,0.0,-0.08509085531652225,0.01693218226483174,0.0,0.002171756154651261,1.0
ende23,25,0.02,460,97.71666666666667,116.96333333333334,False,0.0,42,116.97666666666667,mtme_BERTscore-refA,116.97666666666666,-0.00011399583915183698,116.97666666666667,0.0,0.0,0.0,0.0,116.97666666666667,0.0033333333333333335,0.0,0.0,0.0,116.97666666666667,0.0,0.0,0.0,0.0,116.97666666666667,0.0,0.0,0.0,0.0,0.0,-1.1102230246251565e-16,1.0
ende23,34,0.01,460,94.67333333333333,536.5500952380952,True,0.09,42,449.3791111111111,mtme_tokengram_F-refA,463.892772473509,0.15055271734522013,455.7710204081633,0.0,0.0,0.0,0.0,463.77589743589743,0.0,0.01756337430266064,-0.00881802228145701,0.041316799987114766,487.14226415094345,0.0,0.0688311505955026,0.022622953992257177,0.13247139509517689,486.7561904761905,0.0,0.06798407244119775,0.020864702750591897,0.12195109786684068,-0.014024387270888616,0.017819807977418778,0.185
ende23,34,0.02,460,94.67333333333333,268.32880000000006,True,0.09,42,256.4928205128205,mtme_MetricX-23-b-refA,265.58209825070054,-0.0009104915726938501,268.57311111111113,0.0,0.0,0.0,0.0,266.47739130434786,0.0,-0.007803163161394289,-0.06228956186394896,0.03377433303309334,274.96543209876546,0.0,0.023801046058589792,-0.028729689070073287,0.10273044366227858,277.5271264367816,0.0,0.03333920990313177,-0.022711678100500617,0.1096578906602591,-0.04497952363255342,-0.011136680243366559,0.49
ende23,35,0.01,460,97.66333333333333,189.15622222222223,True,0.02,42,176.331,mtme_XCOMET-XXL-refA,184.6556427430894,0.007613929932107855,187.716,0.0,0.0,0.0,0.0,184.92733333333334,0.0,-0.014855775036047403,-0.16469387143955327,0.015780708488402934,184.23016666666666,0.0,-0.01856971879505931,-0.1759189126390092,0.034144866412544536,184.23016666666666,0.0,-0.01856971879505931,-0.17560028462976823,0.034144866412544536,-0.06065013104903161,-0.016303124171144767,0.44
ende23,35,0.02,460,97.66333333333333,151.79186666666666,True,0.02,42,135.85444444444445,mtme_XCOMET-XXL-refA,149.71365912584395,0.011546935304817763,150.03913580246913,0.006666666666666667,0.0,0.0,0.0,148.28333333333333,0.0033333333333333335,-0.011702296602450257,-0.07184032715439419,0.061558627878238056,150.24692307692305,0.006666666666666667,0.001384887171887561,-0.15120319644653574,0.047912134924971886,150.88809523809522,0.006666666666666667,0.0056582533022835335,-0.15120319644653574,0.04957882202033855,-0.09453994307657998,-0.0021692785344596954,0.225
ende23,45,0.01,460,97.03,200.78066666666666,True,0.0033333333333333335,42,178.76333333333332,mtme_XCOMET-XXL-refA,187.4628454310928,0.0424945337104875,192.24858585858584,0.0,0.0,0.0,0.0,188.9389430894309,0.0,-0.017215433623992693,-0.05343843133802043,0.01744838145509277,182.3291452991453,0.0033333333333333335,-0.05159694941390669,-0.09839913207753136,-0.0064327213701567045,182.3291452991453,0.0033333333333333335,-0.05159694941390669,-0.09839913207753136,-0.0064327213701567045,-0.070144872405834,-0.02489350132860446,0.18
ende23,45,0.02,460,97.03,152.14366666666666,True,0.0033333333333333335,42,130.30578947368423,mtme_XCOMET-Ensemble-refA,145.73779566066125,0.0065311076592079464,151.15,0.02666666666666667,0.0,0.0,0.0,147.49666666666667,0.023333333333333334,-0.024170250303230834,-0.12419571678025348,0.046247042817885164,150.10619047619048,0.013333333333333334,-0.006905785800923159,-0.18670223520719575,0.09998825328394467,150.10619047619048,0.013333333333333334,-0.006905785800923159,-0.18670223520719575,0.09998825328394467,-0.13790413844734217,-0.03580684313158289,0.275
zhen23,01,0.01,1177,95.78666666666666,311.9035897435897,True,0.013333333333333334,42,270.2733333333333,mtme_sescoreX-refA,293.1900683674522,0.11585927275357921,275.76666666666665,0.0,0.0,0.0,0.0,292.2466666666666,0.0,0.059760667230750464,-0.007724036304697376,0.24194245116806146,321.5444444444445,0.0,0.16600185341875195,-0.004577226617946029,0.370179267817882,321.5444444444445,0.0,0.16600185341875195,-0.004577226617946029,0.3702036441497071,-0.019920222410250266,0.06318168149686532,0.4
zhen23,01,0.02,1177,95.78666666666666,146.22246913580247,True,0.013333333333333334,42,139.7513888888889,mtme_XCOMET-QE-Ensemble-src,143.67894302332653,0.0235741254905939,142.77540229885057,0.0,0.0,0.0,0.0,144.55626666666666,0.0,0.01247318753190041,-0.015419956441722931,0.07444169914278972,147.23719298245615,0.0,0.03125041577026266,-0.02937231751583606,0.1894586817000564,148.1680701754386,0.0,0.03777028668636051,-0.024288508022712187,0.19381025256627,-0.021180212846691582,0.006328406083456306,0.645
zhen23,02,0.01,1177,97.98,117.31333333333333,False,0.006666666666666667,42,117.32666666666667,mtme_BERTscore-refA,117.32666666666667,-0.00011365573677335483,117.32666666666667,0.0,0.0,0.0,0.0,117.32666666666667,0.0033333333333333335,0.0,0.0,0.0,117.32666666666667,0.0,0.0,0.0,0.0,117.32666666666667,0.0,0.0,0.0,0.0,0.0,0.0,1.0
zhen23,02,0.02,1177,97.98,117.31333333333333,False,0.006666666666666667,42,117.32666666666667,mtme_BERTscore-refA,117.32666666666667,-0.00011365573677335483,117.32666666666667,0.0033333333333333335,0.0,0.0,0.0,117.32666666666667,0.0033333333333333335,0.0,0.0,0.0,117.32666666666667,0.0033333333333333335,0.0,0.0,0.0,117.32666666666667,0.0033333333333333335,0.0,0.0,0.0,0.0,0.0,1.0
zhen23,03,0.01,1177,97.98,117.31333333333333,False,0.0033333333333333335,42,117.33333333333333,mtme_BERTscore-refA,117.33333333333331,-0.00017048360515992123,117.33333333333333,0.0,0.0,0.0,0.0,117.33333333333333,0.0033333333333333335,0.0,0.0,0.0,117.33333333333333,0.0,0.0,0.0,0.0,117.33333333333333,0.0,0.0,0.0,0.0,0.0,-1.1102230246251565e-16,1.0
zhen23,03,0.02,1177,97.98,117.31333333333333,False,0.0033333333333333335,42,117.33333333333333,mtme_BERTscore-refA,117.33333333333331,-0.00017048360515992123,117.33333333333333,0.0033333333333333335,0.0,0.0,0.0,117.33333333333333,0.0033333333333333335,0.0,0.0,0.0,117.33333333333333,0.0033333333333333335,0.0,0.0,0.0,117.33333333333333,0.0033333333333333335,0.0,0.0,0.0,0.0,-1.1102230246251565e-16,1.0
zhen23,04,0.01,1177,97.79666666666667,117.13,False,0.006666666666666667,42,117.17666666666666,mtme_BERTscore-refA,117.17666666666665,-0.00039841771251314384,117.17666666666666,0.0,0.0,0.0,0.0,117.17666666666666,0.0,0.0,0.0,0.0,117.17666666666666,0.0,0.0,0.0,0.0,117.17666666666666,0.0,0.0,0.0,0.0,0.0,-1.1102230246251565e-16,1.0
zhen23,04,0.02,1177,97.79666666666667,117.13,False,0.006666666666666667,42,117.17666666666666,mtme_BERTscore-refA,117.17666666666665,-0.00039841771251314384,117.17666666666666,0.0,0.0,0.0,0.0,117.17666666666666,0.0,0.0,0.0,0.0,117.17666666666666,0.0,0.0,0.0,0.0,117.17666666666666,0.0,0.0,0.0,0.0,0.0,-1.1102230246251565e-16,1.0
zhen23,05,0.01,1177,98.30333333333333,117.63666666666667,False,0.0033333333333333335,42,117.66333333333333,mtme_BERTscore-refA,117.6633333333333,-0.00022668669065750713,117.66333333333333,0.0,0.0,0.0,0.0,117.66333333333333,0.0,0.0,0.0,0.0,117.66333333333333,0.0,0.0,0.0,0.0,117.66333333333333,0.0,0.0,0.0,0.0,0.0,-2.220446049250313e-16,1.0
zhen23,05,0.02,1177,98.30333333333333,117.63666666666667,False,0.0033333333333333335,42,117.66333333333333,mtme_BERTscore-refA,117.6633333333333,-0.00022668669065750713,117.66333333333333,0.0,0.0,0.0,0.0,117.66333333333333,0.0,0.0,0.0,0.0,117.66333333333333,0.0,0.0,0.0,0.0,117.66333333333333,0.0,0.0,0.0,0.0,0.0,-2.220446049250313e-16,1.0
zhen23,12,0.01,1177,98.74666666666667,118.08,False,0.006666666666666667,42,118.14,mtme_BERTscore-refA,118.14000000000003,-0.000508130081300795,118.14,0.0,0.0,0.0,0.0,118.14,0.0033333333333333335,0.0,0.0,0.012174641311127988,118.14,0.0033333333333333335,0.0,-0.004164931366426174,0.0,118.14,0.0033333333333333335,0.0,-0.004164931366426174,0.0,0.0,2.220446049250313e-16,1.0
zhen23,12,0.02,1177,98.74666666666667,118.08,False,0.006666666666666667,42,118.14,mtme_BERTscore-refA,118.14000000000003,-0.000508130081300795,118.14,0.0033333333333333335,0.0,0.0,0.0,118.14,0.006666666666666667,0.0,0.0,0.0,118.14,0.0033333333333333335,0.0,0.0,0.0,118.14,0.0033333333333333335,0.0,0.0,0.0,0.0,2.220446049250313e-16,1.0
zhen23,13,0.01,1177,98.74666666666667,118.08,False,0.0033333333333333335,42,118.14,mtme_BERTscore-refA,118.14000000000003,-0.000508130081300795,118.14,0.0,0.0,0.0,0.0,118.14,0.0,0.0,0.0,0.010922767568844784,118.14,0.0,0.0,-0.0013471286113808155,0.0,118.14,0.0,0.0,-0.0013471286113808155,0.0,0.0,2.220446049250313e-16,1.0
zhen23,13,0.02,1177,98.74666666666667,118.08,False,0.0033333333333333335,42,118.14,mtme_BERTscore-refA,118.14000000000003,-0.000508130081300795,118.14,0.0,0.0,0.0,0.0,118.14,0.0033333333333333335,0.0,0.0,0.0,118.14,0.0,0.0,0.0,0.0,118.14,0.0,0.0,0.0,0.0,0.0,2.220446049250313e-16,1.0
zhen23,14,0.01,1177,98.71,118.04333333333334,False,0.0033333333333333335,42,118.11666666666666,mtme_BERTscore-refA,118.11666666666666,-0.0006212407872814296,118.11666666666666,0.0,0.0,0.0,0.0,118.11666666666666,0.0,0.0,0.0,0.007925551887336443,118.11666666666666,0.0,0.0,-0.00767604831050409,0.0,118.11666666666666,0.0,0.0,-0.00767604831050409,0.0,0.0,0.0,1.0
zhen23,14,0.02,1177,98.71,118.04333333333334,False,0.0033333333333333335,42,118.11666666666666,mtme_BERTscore-refA,118.11666666666666,-0.0006212407872814296,118.11666666666666,0.0,0.0,0.0,0.0,118.11666666666666,0.0033333333333333335,0.0,0.0,0.0,118.11666666666666,0.0,0.0,0.0,0.0,118.11666666666666,0.0,0.0,0.0,0.0,0.0,0.0,1.0
zhen23,15,0.01,1177,98.84666666666666,118.18,False,0.006666666666666667,42,118.2,mtme_BERTscore-refA,118.19999999999999,-0.0001692333728211537,118.2,0.0,0.0,0.0,0.0,118.2,0.0,0.0,0.0,0.0,118.2,0.0,0.0,0.0,0.0,118.2,0.0,0.0,0.0,0.0,0.0,-1.1102230246251565e-16,1.0
zhen23,15,0.02,1177,98.84666666666666,118.18,False,0.006666666666666667,42,118.2,mtme_BERTscore-refA,118.19999999999999,-0.0001692333728211537,118.2,0.0,0.0,0.0,0.0,118.2,0.0,0.0,0.0,0.0,118.2,0.0,0.0,0.0,0.0,118.2,0.0,0.0,0.0,0.0,0.0,-1.1102230246251565e-16,1.0
zhen23,23,0.01,1177,58.413333333333334,77.74666666666667,False,0.02,42,78.08666666666667,mtme_BERTscore-refA,78.08666666666667,-0.004373177842565745,78.08666666666667,0.0,0.0,0.0,0.0,78.08666666666667,0.0,0.0,0.0,0.0,78.08666666666667,0.0,0.0,0.0,0.06335378336908223,78.08666666666667,0.0,0.0,0.0,0.06335378336908223,0.0,0.0,1.0
zhen23,23,0.02,1177,58.413333333333334,77.74666666666667,False,0.02,42,78.08666666666667,mtme_BERTscore-refA,78.08666666666667,-0.004373177842565745,78.08666666666667,0.0,0.0,0.0,0.0,78.08666666666667,0.0,0.0,0.0,0.0,78.08666666666667,0.0,0.0,0.0,0.0,78.08666666666667,0.0,0.0,0.0,0.0,0.0,0.0,1.0
zhen23,24,0.01,1177,64.98333333333333,178.17399999999998,True,0.013333333333333334,42,103.38264367816092,mtme_Calibri-COMET22-QE-src,107.21410532209063,0.41141465050677384,104.87060606060606,0.0,0.0,0.0,0.0,107.03800000000001,0.0,0.02066731585532544,-0.01052913678714785,0.05858504170523524,118.63634920634921,0.0,0.13126407544348262,0.02729072970793718,0.28837140396742816,118.63634920634921,0.0,0.13126407544348262,0.02729072970793718,0.28837140396742816,-0.014188555195201569,0.02234657879377777,0.43
zhen23,24,0.02,1177,64.98333333333333,84.31666666666666,False,0.013333333333333334,42,85.11,mtme_BERTscore-refA,85.11000000000001,-0.009408974105554524,85.11,0.0,0.0,0.0,0.0,85.11,0.0,0.0,0.0,0.0,85.11,0.0,0.0,0.0,0.0,85.11,0.0,0.0,0.0,0.0,0.0,2.220446049250313e-16,1.0
zhen23,25,0.01,1177,96.08666666666667,218.09925925925927,True,0.0033333333333333335,42,202.01428571428573,mtme_BLEURT-20-refA,207.74244476924642,0.04982101251893456,207.23333333333335,0.02,0.0,0.0,0.0,203.58,0.01,-0.017629081550587067,-0.09814678523071231,0.043049636722048916,207.66825396825396,0.006666666666666667,0.0020987001845935715,-0.06396549684039851,0.11860239677080796,207.66825396825396,0.006666666666666667,0.0020987001845935715,-0.06396549684039851,0.11860239677080796,-0.025184402215124413,0.002456706301655398,0.9
zhen23,25,0.02,1177,96.08666666666667,149.76074074074074,True,0.0033333333333333335,42,135.22866666666667,mtme_MetricX-23-c-refA,148.54925808820818,0.011237677876316243,148.07777777777778,0.0,0.0,0.0,0.0,150.01185185185182,0.0,0.013061204071933785,-0.07532079156792101,0.17040679407395545,148.58231884057972,0.0,0.0034072706274610454,-0.0684103247045529,0.17928946574542803,148.58231884057972,0.0,0.0034072706274610454,-0.0684103247045529,0.17928946574542803,-0.0867727170405943,0.003184004497541526,0.4
zhen23,34,0.01,1177,65.67666666666666,226.17024691358026,True,0.02666666666666667,42,105.91,mtme_MaTESe-refA,112.98606224243015,0.5203834214256824,108.475,0.0,0.0,0.0,0.0,115.68142857142857,0.0,0.06643400388502951,0.01112462947268491,0.19020645588762616,131.95666666666668,0.0,0.2164707689943921,0.06431021492146076,0.4358665027358966,130.83833333333334,0.0,0.20616117384958144,0.05966718576655335,0.4358665027358966,-0.023646001382807036,0.04158619260133811,0.43
zhen23,34,0.02,1177,65.67666666666666,85.01,False,0.02666666666666667,42,85.65666666666667,mtme_BERTscore-refA,85.65666666666667,-0.007606948202172337,85.65666666666667,0.0,0.0,0.0,0.0,85.65666666666667,0.0,0.0,0.0,0.0,85.65666666666667,0.0,0.0,0.0,0.0,85.65666666666667,0.0,0.0,0.0,0.0,0.0,0.0,1.0
zhen23,35,0.01,1177,96.14666666666666,216.66,True,0.01,42,197.57402298850576,mtme_docWMT22CometDA-refA,204.5618571416832,0.04972055820341015,205.88754385964916,0.013333333333333334,0.0,0.0,0.0,202.76583333333335,0.006666666666666667,-0.01516221169962495,-0.0703699355978926,0.03154022099506756,205.22256410256412,0.01,-0.0032298202437071044,-0.05512154668797165,0.047214324018737375,206.15846153846155,0.01,0.0013158526918806146,-0.0506788356767673,0.051312943588482644,-0.0403789404414413,-0.006438887429099038,0.44
zhen23,35,0.02,1177,96.14666666666666,157.105376344086,True,0.01,42,145.24,mtme_docWMT22CometDA-refA,151.30032710959279,0.025413828376020575,153.11272727272728,0.0,0.0,0.0,0.0,150.31655172413792,0.0,-0.01826220196318995,-0.05326073995067748,0.027738250745079004,153.30275862068967,0.0,0.001241120521770167,-0.04615273399075893,0.08116841516184203,153.3226666666667,0.0,0.0013711426716700448,-0.04615273399075893,0.08116841516184203,-0.05141785018762168,-0.011837031417422428,0.48
zhen23,45,0.01,1177,95.84333333333333,209.49166666666665,True,0.01,42,185.75666666666666,mtme_MetricX-23-QE-src,196.4940322254783,0.06117188432316312,196.67666666666668,0.023333333333333334,0.0,0.0,0.0,194.85666666666668,0.02,-0.009253766757622461,-0.09411665321593722,0.11321999615671463,206.0486206896552,0.01,0.04765158054499863,-0.04918233142342652,0.22995544447522398,206.0486206896552,0.01,0.04765158054499863,-0.04918233142342652,0.22995544447522398,-0.05552260054573499,-0.0009286024838823792,0.53
zhen23,45,0.02,1177,95.84333333333333,155.7978787878788,True,0.01,42,133.814,mtme_MetricX-23-c-refA,149.23317270415447,0.05521820229395913,147.195,0.0,0.0,0.0,0.0,149.36666666666665,0.0,0.014753671433585636,-0.08958263273738039,0.15972366521341888,157.769375,0.0,0.07183922687591293,-0.16827485266102707,0.1792640879017558,158.43363636363637,0.0,0.076352025297302,-0.16882616371431106,0.1793506977527036,-0.09090662046944531,0.013846752295624709,0.575
