lp,pair,eps,dedup,uniform,weighted,P,inf
ende,01,0.01,112.12666666666667,112.46,112.37333333333333,92.80666666666667,False
ende,01,0.02,112.12666666666667,112.46,112.37333333333333,92.80666666666667,False
ende,02,0.01,112.12,112.44,112.52666666666667,92.78666666666666,False
ende,02,0.02,112.12,112.44,112.52666666666667,92.78666666666666,False
ende,03,0.01,112.55,112.82333333333334,112.60333333333334,93.17,False
ende,03,0.02,112.55,112.82333333333334,112.60333333333334,93.17,False
ende,04,0.01,112.78666666666666,113.22,112.94666666666667,93.56666666666666,False
ende,04,0.02,112.78666666666666,113.22,112.94666666666667,93.56666666666666,False
ende,05,0.01,115.84,115.94,115.80666666666667,96.28666666666666,False
ende,05,0.02,115.84,115.94,115.80666666666667,96.28666666666666,False
ende,12,0.01,178.9629292929293,196.95263565891474,155.08333333333334,88.29,True
ende,12,0.02,107.71666666666667,107.94333333333333,107.46333333333334,88.29,False
ende,13,0.01,124.1012,107.88333333333334,107.79666666666667,88.23,False
ende,13,0.02,107.53,107.88333333333334,107.79666666666667,88.23,False
ende,14,0.01,107.68666666666667,107.90666666666667,107.9,88.25333333333333,False
ende,14,0.02,107.68666666666667,107.90666666666667,107.9,88.25333333333333,False
ende,15,0.01,109.12666666666667,109.58666666666667,109.29333333333334,89.93333333333334,False
ende,15,0.02,109.12666666666667,109.58666666666667,109.29333333333334,89.93333333333334,False
ende,23,0.01,109.21,109.39,109.07,89.73666666666666,False
ende,23,0.02,109.21,109.39,109.07,89.73666666666666,False
ende,24,0.01,109.54333333333334,109.77,109.72333333333333,90.11666666666666,False
ende,24,0.02,109.54333333333334,109.77,109.72333333333333,90.11666666666666,False
ende,25,0.01,112.62,112.73333333333333,112.52666666666667,93.08,False
ende,25,0.02,112.62,112.73333333333333,112.52666666666667,93.08,False
ende,34,0.01,188.88,230.93696969696973,196.1167741935484,86.82,True
ende,34,0.02,106.44,106.47333333333333,106.48666666666666,86.82,False
ende,35,0.01,149.47333333333333,171.27499999999998,173.35372549019607,90.08,True
ende,35,0.02,109.35333333333334,109.73333333333333,109.32,90.08,False
ende,45,0.01,148.19333333333333,203.62666666666667,185.13846153846154,89.89333333333333,True
ende,45,0.02,109.12666666666667,109.54666666666667,109.42,89.89333333333333,False
zhen,01,0.01,528.9058333333332,527.6545098039217,547.2654285714286,97.63,True
zhen,01,0.02,251.73857142857142,253.22891156462583,261.3382269503546,97.63,True
zhen,02,0.01,462.5585185185185,465.91362962962967,485.8832558139535,96.44,True
zhen,02,0.02,206.4383333333333,220.68705882352944,214.78266666666664,96.44,True
zhen,03,0.01,309.38931623931626,316.9633333333333,304.7282456140351,96.72333333333333,True
zhen,03,0.02,195.74382716049382,205.96647058823527,197.6051851851852,96.72333333333333,True
zhen,04,0.01,271.32235294117646,276.501,273.59103448275863,97.65333333333334,True
zhen,04,0.02,162.965,197.9850505050505,202.95063063063063,97.65333333333334,True
zhen,05,0.01,189.96266666666662,196.00666666666666,191.41333333333338,98.76666666666667,True
zhen,05,0.02,125.65451851851853,125.53763888888888,147.78444444444443,98.76666666666667,False
zhen,12,0.01,548.9707070707071,687.7427777777777,577.0427272727272,95.98,True
zhen,12,0.02,256.15666666666664,298.22333333333336,269.0350724637681,95.98,True
zhen,13,0.01,594.4825203252033,647.4015315315316,653.8921621621621,97.13666666666667,True
zhen,13,0.02,232.50548387096774,243.9324761904762,243.85740740740744,97.13666666666667,True
zhen,14,0.01,512.3774509803922,537.1475438596491,514.5372727272727,96.32333333333334,True
zhen,14,0.02,241.7988888888889,262.5733333333333,263.23494623655915,96.32333333333334,True
zhen,15,0.01,294.39480000000003,321.1912903225807,290.35634920634925,97.41666666666667,True
zhen,15,0.02,183.2261403508772,187.35426666666666,184.25324324324325,97.41666666666667,True
zhen,23,0.01,548.906875,606.453125,625.9975757575758,91.96,True
zhen,23,0.02,249.37333333333333,280.44117647058823,246.3182857142857,91.96,True
zhen,24,0.01,558.9070588235294,622.8565432098765,648.37,95.34666666666666,True
zhen,24,0.02,257.02456140350876,271.8804761904762,266.4305882352941,95.34666666666666,True
zhen,25,0.01,341.9046666666667,360.8296899224806,354.0877777777778,97.27,True
zhen,25,0.02,198.7115238095238,208.53866666666667,194.86333333333334,97.27,True
zhen,34,0.01,654.0488333333333,697.5415238095238,687.3622988505747,96.09333333333333,True
zhen,34,0.02,251.55533333333332,262.3433333333333,255.15400000000002,96.09333333333333,True
zhen,35,0.01,455.49209523809526,447.91749999999996,445.93039215686275,97.82333333333334,True
zhen,35,0.02,217.7188888888889,223.57078431372548,219.1861111111111,97.82333333333334,True
zhen,45,0.01,572.1263063063063,585.4282882882884,597.3296,97.75333333333333,True
zhen,45,0.02,271.20612612612615,282.0,278.05999999999995,97.75333333333333,True
