pair,eps,judge,order,rho,acc,hes_pilot,hes_oracle
10,0.02,qwen3_8b,x shown first,0.209629596181271,0.6086956521739131,0.012249666452366803,0.00751684077758874
10,0.02,qwen3_8b,y shown first,0.12185134715406465,0.5714285714285714,-0.0014506183956748409,0.0014677854772807697
10,0.02,qwen3_8b,both orders,0.2220624230382099,0.6296296296296297,0.0044560912394089325,0.012249666452366803
10,0.02,mistral_7b,x shown first,0.1583762508436054,0.5757575757575758,0.0029530445911957193,0.0
10,0.02,mistral_7b,y shown first,0.16858279830498135,0.5652173913043478,0.0014677854772807697,0.0014677854772807697
10,0.02,mistral_7b,both orders,0.2303840726962002,0.6,0.0029530445911957193,0.0029530445911957193
10,0.05,qwen3_8b,x shown first,0.209629596181271,0.6086956521739131,0.0496483114802061,0.04658360089500835
10,0.05,qwen3_8b,y shown first,0.12185134715406465,0.5714285714285714,-0.039445477138627894,-0.008062546308751806
10,0.05,qwen3_8b,both orders,0.2220624230382099,0.6296296296296297,0.08469745617274227,0.08669725722126509
10,0.05,mistral_7b,x shown first,0.1583762508436054,0.5757575757575758,-0.0432636189019846,-0.033099389867115026
10,0.05,mistral_7b,y shown first,0.16858279830498135,0.5652173913043478,-0.027793644771259896,0.03170272838688071
10,0.05,mistral_7b,both orders,0.2303840726962002,0.6,0.10539539702495604,0.0809083594492247
10,0.1,qwen3_8b,x shown first,0.209629596181271,0.6086956521739131,0.04035634724902126,0.026729528697403748
10,0.1,qwen3_8b,y shown first,0.12185134715406465,0.5714285714285714,-0.0035783953225734244,0.006759191164860456
10,0.1,qwen3_8b,both orders,0.2220624230382099,0.6296296296296297,0.0313626470049535,0.043132180657684094
10,0.1,mistral_7b,x shown first,0.1583762508436054,0.5757575757575758,-0.015039632515163381,0.009495611117416813
10,0.1,mistral_7b,y shown first,0.16858279830498135,0.5652173913043478,0.022265570896011777,0.008926749621903318
10,0.1,mistral_7b,both orders,0.2303840726962002,0.6,0.03202884702303288,0.01787209663885203
11,0.02,qwen3_8b,x shown first,0.1907739301959861,0.5941722972972974,-0.02792737057224448,-0.0032809594314306967
11,0.02,qwen3_8b,y shown first,0.12381218177522285,0.5571895424836601,0.0,0.0
11,0.02,qwen3_8b,both orders,0.18656781776681605,0.6,0.0070988031334588975,-0.0034323883282658674
11,0.02,mistral_7b,x shown first,0.010058886026383,0.5161290322580645,-0.061704533534468586,0.0
11,0.02,mistral_7b,y shown first,-0.02444084616165795,0.4852813852813853,-0.003984022166737322,0.0
11,0.02,mistral_7b,both orders,-0.01089561964333213,0.5384615384615384,-0.011155262066864235,0.0
11,0.05,qwen3_8b,x shown first,0.1907739301959861,0.5941722972972974,0.009048279961043737,0.013069737721507546
11,0.05,qwen3_8b,y shown first,0.12381218177522285,0.5571895424836601,0.024503294099296746,0.01548261237778581
11,0.05,qwen3_8b,both orders,0.18656781776681605,0.6,0.008601451320992326,0.016793309721937044
11,0.05,mistral_7b,x shown first,0.010058886026383,0.5161290322580645,0.0010053644401158968,0.0
11,0.05,mistral_7b,y shown first,-0.02444084616165795,0.4852813852813853,-0.0049574867219510654,0.0
11,0.05,mistral_7b,both orders,-0.01089561964333213,0.5384615384615384,-0.0030160933203478013,0.0
11,0.1,qwen3_8b,x shown first,0.1907739301959861,0.5941722972972974,-0.006756084684422792,-0.004242192708823644
11,0.1,qwen3_8b,y shown first,0.12381218177522285,0.5571895424836601,0.006756084684422903,0.009827032268251212
11,0.1,qwen3_8b,both orders,0.18656781776681605,0.6,-0.003378042342211396,0.008403910217208876
11,0.1,mistral_7b,x shown first,0.010058886026383,0.5161290322580645,-0.013512169368845584,0.0
11,0.1,mistral_7b,y shown first,-0.02444084616165795,0.4852813852813853,-0.004778694045079801,0.0
11,0.1,mistral_7b,both orders,-0.01089561964333213,0.5384615384615384,-0.006756084684422792,0.0
12,0.02,qwen3_8b,x shown first,0.17175119428675745,0.5666666666666667,-0.019493825553331234,-0.005331824718911138
12,0.02,qwen3_8b,y shown first,0.21451445703728633,0.6285714285714286,-0.016964896832899035,-0.0178881565244855
12,0.02,qwen3_8b,both orders,0.24989093875544016,0.6857142857142857,-0.01106406315189079,-0.0178881565244855
12,0.02,mistral_7b,x shown first,0.09433271475107718,0.5151515151515151,0.0035640539564912865,-0.010502078991794672
12,0.02,mistral_7b,y shown first,0.1816369080799226,0.5757575757575758,-0.00403926115069031,-0.0004488067945211949
12,0.02,mistral_7b,both orders,0.1667283451709462,0.6111111111111112,0.01652425016191461,0.0009321371886208407
12,0.05,qwen3_8b,x shown first,0.17175119428675745,0.5666666666666667,-0.014212352990458532,0.007106176495229377
12,0.05,qwen3_8b,y shown first,0.21451445703728633,0.6285714285714286,-0.00812134456597624,0.02653347965043229
12,0.05,qwen3_8b,both orders,0.24989093875544016,0.6857142857142857,0.029308808672603992,0.03818986154355397
12,0.05,mistral_7b,x shown first,0.09433271475107718,0.5151515151515151,-0.00024504056880081393,0.01713317167210826
12,0.05,mistral_7b,y shown first,0.1816369080799226,0.5757575757575758,-0.03857638668838792,-0.0030455042122412568
12,0.05,mistral_7b,both orders,0.1667283451709462,0.6111111111111112,0.00044413603095183607,0.03536407199370628
12,0.1,qwen3_8b,x shown first,0.17175119428675745,0.5666666666666667,0.06915821395073507,0.05296546028060922
12,0.1,qwen3_8b,y shown first,0.21451445703728633,0.6285714285714286,0.04068130232396194,0.05713462904165312
12,0.1,qwen3_8b,both orders,0.24989093875544016,0.6857142857142857,0.021696694572779673,0.04068130232396183
12,0.1,mistral_7b,x shown first,0.09433271475107718,0.5151515151515151,0.0,0.021696694572779673
12,0.1,mistral_7b,y shown first,0.1816369080799226,0.5757575757575758,-0.054241736431949183,-0.006780217053993676
12,0.1,mistral_7b,both orders,0.1667283451709462,0.6111111111111112,-0.02386636403005782,0.08075991868756838
13,0.02,qwen3_8b,x shown first,0.2101676929346199,0.6267857142857143,-0.041734727213328826,-0.03134363186633693
13,0.02,qwen3_8b,y shown first,0.2512710338584071,0.6470588235294118,0.016924682003562008,0.016447183138257992
13,0.02,qwen3_8b,both orders,0.2865565217818935,0.6566964285714285,-0.0014028479735570532,0.03722600457366887
13,0.02,mistral_7b,x shown first,0.15732522123988602,0.5917467948717949,-0.02384841555047368,-0.010770252184084672
13,0.02,mistral_7b,y shown first,0.2528934044676733,0.6333333333333333,0.02384841555047379,0.009045950726041863
13,0.02,mistral_7b,both orders,0.26450370223083086,0.6571428571428571,0.02942241097680498,0.016693890885331686
13,0.05,qwen3_8b,x shown first,0.2101676929346199,0.6267857142857143,-0.007224149299085436,-0.003702376515781536
13,0.05,qwen3_8b,y shown first,0.2512710338584071,0.6470588235294118,-0.038255614145437544,-0.002679926352886719
13,0.05,qwen3_8b,both orders,0.2865565217818935,0.6566964285714285,0.001313481690742857,0.0010623748969241786
13,0.05,mistral_7b,x shown first,0.15732522123988602,0.5917467948717949,-0.07316601209758344,-0.0248086460453516
13,0.05,mistral_7b,y shown first,0.2528934044676733,0.6333333333333333,-0.0034168273711892017,-0.007224149299085436
13,0.05,mistral_7b,both orders,0.26450370223083086,0.6571428571428571,-0.034277221216417963,0.00985111268057115
13,0.1,qwen3_8b,x shown first,0.2101676929346199,0.6267857142857143,0.0027970066630622625,0.006792730467436892
13,0.1,qwen3_8b,y shown first,0.2512710338584071,0.6470588235294118,0.01258652998377996,0.005651095094758363
13,0.1,qwen3_8b,both orders,0.2865565217818935,0.6566964285714285,0.00719230284787431,0.01478417807618615
13,0.1,mistral_7b,x shown first,0.15732522123988602,0.5917467948717949,0.0027970066630622625,0.01078845427181141
13,0.1,mistral_7b,y shown first,0.2528934044676733,0.6333333333333333,0.008022183945705974,0.009730762676535831
13,0.1,mistral_7b,both orders,0.26450370223083086,0.6571428571428571,0.01946881977786674,0.023865368540674003
14,0.02,qwen3_8b,x shown first,0.1938559054048979,0.6129032258064516,-0.0053891632817979485,-0.0022291539029255514
14,0.02,qwen3_8b,y shown first,0.17597327781064886,0.5763403263403264,0.0011106934080779007,-0.0012510557618459206
14,0.02,qwen3_8b,both orders,0.23851149353108436,0.6420250896057347,-0.006396702504047003,-0.004359234299054382
14,0.02,mistral_7b,x shown first,0.12434861968533446,0.6060606060606061,-0.021232203501043045,-0.022769214865596688
14,0.02,mistral_7b,y shown first,0.08478658472175338,0.47058823529411764,-0.029615901853153437,0.0036923051133401774
14,0.02,mistral_7b,both orders,0.14051677408919744,0.6538461538461539,-0.00834746993435953,-0.003940825649815016
14,0.05,qwen3_8b,x shown first,0.1938559054048979,0.6129032258064516,-0.03130314782935173,-0.021132688176274117
14,0.05,qwen3_8b,y shown first,0.17597327781064886,0.5763403263403264,-0.0025072680887106014,0.007736712959449665
14,0.05,qwen3_8b,both orders,0.23851149353108436,0.6420250896057347,-0.014760833935791862,-0.019029818166387935
14,0.05,mistral_7b,x shown first,0.12434861968533446,0.6060606060606061,-0.062230082499920236,-0.04374926971117299
14,0.05,mistral_7b,y shown first,0.08478658472175338,0.47058823529411764,-0.017407604158761636,0.008829944138502133
14,0.05,mistral_7b,both orders,0.14051677408919744,0.6538461538461539,-0.027285728740915838,-0.016264680653388153
14,0.1,qwen3_8b,x shown first,0.1938559054048979,0.6129032258064516,0.018783191151758416,0.027898563328347392
14,0.1,qwen3_8b,y shown first,0.17597327781064886,0.5763403263403264,-0.00939159557587943,0.01800055818710189
14,0.1,qwen3_8b,both orders,0.23851149353108436,0.6420250896057347,0.032041914317705866,0.04573298715210783
14,0.1,mistral_7b,x shown first,0.12434861968533446,0.6060606060606061,-0.00939159557587943,0.02026607466373942
14,0.1,mistral_7b,y shown first,0.08478658472175338,0.47058823529411764,-0.04717121718848616,0.002347898893969802
14,0.1,mistral_7b,both orders,0.14051677408919744,0.6538461538461539,0.0006708282554198641,0.03022919825986148
15,0.02,qwen3_8b,x shown first,0.20510953931818138,0.5666666666666667,-0.019564459431620662,0.0014736865545896816
15,0.02,qwen3_8b,y shown first,0.2353773073429386,0.6571428571428571,0.02068242854199931,0.03242110420097166
15,0.02,qwen3_8b,both orders,0.2883392794367884,0.65625,0.02068242854199931,0.037284269831117434
15,0.02,mistral_7b,x shown first,0.17057063823057683,0.5151515151515151,-0.04863165630145749,-0.010807034733657295
15,0.02,mistral_7b,y shown first,0.07061802618297833,0.5714285714285714,-0.008728758823338456,0.008105276050243027
15,0.02,mistral_7b,both orders,0.14620532689467913,0.5671171171171171,-0.011347386470339949,-0.0016210552100486275
15,0.05,qwen3_8b,x shown first,0.20510953931818138,0.5666666666666667,-0.0007941022596102965,0.004446972653817105
15,0.05,qwen3_8b,y shown first,0.2353773073429386,0.6571428571428571,0.04355185301518272,0.052463015468066754
15,0.05,qwen3_8b,both orders,0.2883392794367884,0.65625,0.05704100277215818,0.04825496653198258
15,0.05,mistral_7b,x shown first,0.17057063823057683,0.5151515151515151,-0.03049352676903161,0.0
15,0.05,mistral_7b,y shown first,0.07061802618297833,0.5714285714285714,0.005082254461505342,0.0014520727032871772
15,0.05,mistral_7b,both orders,0.14620532689467913,0.5671171171171171,0.014929122480671575,0.014929122480671575
15,0.1,qwen3_8b,x shown first,0.20510953931818138,0.5666666666666667,0.005785519994563337,0.02848255997323479
15,0.1,qwen3_8b,y shown first,0.2353773073429386,0.6571428571428571,-0.003461422218969723,0.0546263343526191
15,0.1,qwen3_8b,both orders,0.2883392794367884,0.65625,0.029491317305620157,0.07045668004342354
15,0.1,mistral_7b,x shown first,0.17057063823057683,0.5151515151515151,-0.03786263381057431,0.0012461119988289582
15,0.1,mistral_7b,y shown first,0.07061802618297833,0.5714285714285714,-0.004531316359378312,0.005785519994563337
15,0.1,mistral_7b,both orders,0.14620532689467913,0.5671171171171171,-0.00934583999121763,0.005785519994563337
