domain,run,eps,judge,rho,P_eff,share,pred,ceil,real
mt,mt_ende_m2_p50_pair01,0.01,comet22,0.31180239155815204,23.34600760456274,0.17240151874703358,0.010094315103483376,0.016761001743847845,0.0
mt,mt_ende_m2_p50_pair01,0.01,qwen3_8b,0.18195289132456555,23.34600760456274,0.17240151874703358,-0.0014324715728386164,0.005707672024557351,0.0
mt,mt_ende_m2_p50_pair01,0.01,mistral_7b,0.03793848471883582,23.34600760456274,0.17240151874703358,-0.0071258539712852394,0.000248142440540131,0.0
mt,mt_ende_m2_p50_pair01,0.01,chrf,0.19222035863535913,23.34600760456274,0.17240151874703358,-0.0007417670768101321,0.006370006181298707,0.0
mt,mt_ende_m2_p50_pair01,0.02,comet22,0.31180239155815204,23.34600760456274,0.17240151874703358,0.010094315103483376,0.016761001743847845,0.0
mt,mt_ende_m2_p50_pair01,0.02,qwen3_8b,0.18195289132456555,23.34600760456274,0.17240151874703358,-0.0014324715728386164,0.005707672024557351,0.0
mt,mt_ende_m2_p50_pair01,0.02,mistral_7b,0.03793848471883582,23.34600760456274,0.17240151874703358,-0.0071258539712852394,0.000248142440540131,0.0
mt,mt_ende_m2_p50_pair01,0.02,chrf,0.19222035863535913,23.34600760456274,0.17240151874703358,-0.0007417670768101321,0.006370006181298707,0.0
mt,mt_ende_m2_p50_pair02,0.01,comet22,0.32551041351722254,22.623574144486692,0.1735292375140709,0.011529079061846215,0.01838664250509989,0.0
mt,mt_ende_m2_p50_pair02,0.01,qwen3_8b,0.19704792105539762,22.623574144486692,0.1735292375140709,-0.0006346900902368422,0.006737772964637283,0.0
mt,mt_ende_m2_p50_pair02,0.01,mistral_7b,0.04024726958918654,22.623574144486692,0.1735292375140709,-0.007376769220121587,0.00028109007025224674,0.0
mt,mt_ende_m2_p50_pair02,0.01,chrf,0.1692112846334894,22.623574144486692,0.1735292375140709,-0.002482096102600628,0.004968568751927718,0.0
mt,mt_ende_m2_p50_pair02,0.02,comet22,0.32551041351722254,22.623574144486692,0.1735292375140709,0.011529079061846215,0.01838664250509989,0.0
mt,mt_ende_m2_p50_pair02,0.02,qwen3_8b,0.19704792105539762,22.623574144486692,0.1735292375140709,-0.0006346900902368422,0.006737772964637283,0.0
mt,mt_ende_m2_p50_pair02,0.02,mistral_7b,0.04024726958918654,22.623574144486692,0.1735292375140709,-0.007376769220121587,0.00028109007025224674,0.0
mt,mt_ende_m2_p50_pair02,0.02,chrf,0.1692112846334894,22.623574144486692,0.1735292375140709,-0.002482096102600628,0.004968568751927718,0.0
mt,mt_ende_m2_p50_pair03,0.01,comet22,0.29780857816226564,23.460076045627375,0.16521121340398448,0.0082349206229531,0.01465257412853545,0.0
mt,mt_ende_m2_p50_pair03,0.01,qwen3_8b,0.13752148693015903,23.460076045627375,0.16521121340398448,-0.003784543840667232,0.0031245007971912164,0.0
mt,mt_ende_m2_p50_pair03,0.01,mistral_7b,0.07854890720441951,23.460076045627375,0.16521121340398448,-0.005979436563493548,0.00101934175788788,0.0
mt,mt_ende_m2_p50_pair03,0.01,chrf,0.17635572013239842,23.460076045627375,0.16521121340398448,-0.0016849155201148834,0.0051382901237586025,0.0
mt,mt_ende_m2_p50_pair03,0.02,comet22,0.29780857816226564,23.460076045627375,0.16521121340398448,0.0082349206229531,0.01465257412853545,0.0
mt,mt_ende_m2_p50_pair03,0.02,qwen3_8b,0.13752148693015903,23.460076045627375,0.16521121340398448,-0.003784543840667232,0.0031245007971912164,0.0
mt,mt_ende_m2_p50_pair03,0.02,mistral_7b,0.07854890720441951,23.460076045627375,0.16521121340398448,-0.005979436563493548,0.00101934175788788,0.0
mt,mt_ende_m2_p50_pair03,0.02,chrf,0.17635572013239842,23.460076045627375,0.16521121340398448,-0.0016849155201148834,0.0051382901237586025,0.0
mt,mt_ende_m2_p50_pair04,0.01,comet22,0.35033318019856063,23.726235741444867,0.1677487899893757,0.014385934379135682,0.02058836879794133,0.0
mt,mt_ende_m2_p50_pair04,0.01,qwen3_8b,0.21786095005524822,23.726235741444867,0.1677487899893757,0.0012273202663956417,0.007961926838307645,0.0
mt,mt_ende_m2_p50_pair04,0.01,mistral_7b,0.0,23.726235741444867,0.1677487899893757,-0.007070181372949649,0.0,0.0
mt,mt_ende_m2_p50_pair04,0.01,chrf,0.1547232319761978,23.726235741444867,0.1677487899893757,-0.0028851413281227446,0.004015785003801304,0.0
mt,mt_ende_m2_p50_pair04,0.02,comet22,0.35033318019856063,23.726235741444867,0.1677487899893757,0.014385934379135682,0.02058836879794133,0.0
mt,mt_ende_m2_p50_pair04,0.02,qwen3_8b,0.21786095005524822,23.726235741444867,0.1677487899893757,0.0012273202663956417,0.007961926838307645,0.0
mt,mt_ende_m2_p50_pair04,0.02,mistral_7b,0.0,23.726235741444867,0.1677487899893757,-0.007070181372949649,0.0,0.0
mt,mt_ende_m2_p50_pair04,0.02,chrf,0.1547232319761978,23.726235741444867,0.1677487899893757,-0.0028851413281227446,0.004015785003801304,0.0
mt,mt_ende_m2_p50_pair05,0.01,comet22,0.3569954601174545,27.452471482889734,0.17103218007023213,0.01636120866136477,0.02179732592456564,0.0
mt,mt_ende_m2_p50_pair05,0.01,qwen3_8b,0.20219650330952676,27.452471482889734,0.17103218007023213,0.0010169705227959444,0.0069923814690709294,0.0
mt,mt_ende_m2_p50_pair05,0.01,mistral_7b,0.06225515325002118,27.452471482889734,0.17103218007023213,-0.005543103356114546,0.0006628701225877354,0.0
mt,mt_ende_m2_p50_pair05,0.01,chrf,0.1546809164671,27.452471482889734,0.17103218007023213,-0.0019889088408868365,0.0040921477385097,0.0
mt,mt_ende_m2_p50_pair05,0.02,comet22,0.3569954601174545,27.452471482889734,0.17103218007023213,0.01636120866136477,0.02179732592456564,0.0
mt,mt_ende_m2_p50_pair05,0.02,qwen3_8b,0.20219650330952676,27.452471482889734,0.17103218007023213,0.0010169705227959444,0.0069923814690709294,0.0
mt,mt_ende_m2_p50_pair05,0.02,mistral_7b,0.06225515325002118,27.452471482889734,0.17103218007023213,-0.005543103356114546,0.0006628701225877354,0.0
mt,mt_ende_m2_p50_pair05,0.02,chrf,0.1546809164671,27.452471482889734,0.17103218007023213,-0.0019889088408868365,0.0040921477385097,0.0
mt,mt_ende_m2_p50_pair12,0.01,comet22,0.2486896109820117,20.49429657794677,0.4325631380977969,0.006951377290800084,0.02675252590078419,-0.006459609528927102
mt,mt_ende_m2_p50_pair12,0.01,qwen3_8b,0.2113085494671607,20.49429657794677,0.4325631380977969,-0.0008495719558417254,0.01931450777953895,0.0158194519075765
mt,mt_ende_m2_p50_pair12,0.01,mistral_7b,0.03511506956272874,20.49429657794677,0.4325631380977969,-0.020547107466850373,0.0005333798113209021,0.041526061257388336
mt,mt_ende_m2_p50_pair12,0.01,chrf,0.15415085384554206,20.49429657794677,0.4325631380977969,-0.010326194429753091,0.010278775401265065,-0.0741536808167651
mt,mt_ende_m2_p50_pair12,0.02,comet22,0.2486896109820117,20.49429657794677,0.18111603957939149,0.002910571460315202,0.011201397236950095,0.0
mt,mt_ende_m2_p50_pair12,0.02,qwen3_8b,0.2113085494671607,20.49429657794677,0.18111603957939149,-0.00035571941857186803,0.008087067175531149,0.0
mt,mt_ende_m2_p50_pair12,0.02,mistral_7b,0.03511506956272874,20.49429657794677,0.18111603957939149,-0.008603161946653715,0.00022332841268643666,0.0
mt,mt_ende_m2_p50_pair12,0.02,chrf,0.15415085384554206,20.49429657794677,0.18111603957939149,-0.004323621858459923,0.004303767308027768,0.0
mt,mt_ende_m2_p50_pair13,0.01,comet22,0.2540989684578823,22.015209125475284,0.183648226599462,0.004054208347172486,0.01185748388002432,-0.039395157549708015
mt,mt_ende_m2_p50_pair13,0.01,qwen3_8b,0.22032919950994828,22.015209125475284,0.183648226599462,0.0009782715710271042,0.008915195108525597,-0.10949445488328591
mt,mt_ende_m2_p50_pair13,0.01,mistral_7b,0.17243583583143363,22.015209125475284,0.183648226599462,-0.002633223346738555,0.005460617944497321,-0.12228784645989843
mt,mt_ende_m2_p50_pair13,0.01,chrf,0.14515769356046232,22.015209125475284,0.183648226599462,-0.004296503038218592,0.0038696069724719743,-0.10626244016919406
mt,mt_ende_m2_p50_pair13,0.02,comet22,0.2540989684578823,22.015209125475284,0.183648226599462,0.004054208347172486,0.01185748388002432,0.0
mt,mt_ende_m2_p50_pair13,0.02,qwen3_8b,0.22032919950994828,22.015209125475284,0.183648226599462,0.0009782715710271042,0.008915195108525597,0.0
mt,mt_ende_m2_p50_pair13,0.02,mistral_7b,0.17243583583143363,22.015209125475284,0.183648226599462,-0.002633223346738555,0.005460617944497321,0.0
mt,mt_ende_m2_p50_pair13,0.02,chrf,0.14515769356046232,22.015209125475284,0.183648226599462,-0.004296503038218592,0.0038696069724719743,0.0
mt,mt_ende_m2_p50_pair14,0.01,comet22,0.2472501035327542,22.395437262357415,0.1844300278035218,0.003542965715818542,0.011274689643831862,-0.05304735425217344
mt,mt_ende_m2_p50_pair14,0.01,qwen3_8b,0.20172720990084453,22.395437262357415,0.1844300278035218,-0.0003948692307621194,0.007505171061780814,-0.10120481927710823
mt,mt_ende_m2_p50_pair14,0.01,mistral_7b,0.0,22.395437262357415,0.1844300278035218,-0.008235160834011244,0.0,-0.0337574072513831
mt,mt_ende_m2_p50_pair14,0.01,chrf,0.10670098330469577,22.395437262357415,0.1844300278035218,-0.006041648426029422,0.0020997542797030625,0.0
mt,mt_ende_m2_p50_pair14,0.02,comet22,0.2472501035327542,22.395437262357415,0.1844300278035218,0.003542965715818542,0.011274689643831862,0.0
mt,mt_ende_m2_p50_pair14,0.02,qwen3_8b,0.20172720990084453,22.395437262357415,0.1844300278035218,-0.0003948692307621194,0.007505171061780814,0.0
mt,mt_ende_m2_p50_pair14,0.02,mistral_7b,0.0,22.395437262357415,0.1844300278035218,-0.008235160834011244,0.0,0.0
mt,mt_ende_m2_p50_pair14,0.02,chrf,0.10670098330469577,22.395437262357415,0.1844300278035218,-0.006041648426029422,0.0020997542797030625,0.0
mt,mt_ende_m2_p50_pair15,0.01,comet22,0.28980799799564066,22.281368821292777,0.1765279980480664,0.007569094639573442,0.014826352780424929,0.0
mt,mt_ende_m2_p50_pair15,0.01,qwen3_8b,0.1732154651257428,22.281368821292777,0.1765279980480664,-0.0023884892847675673,0.005296474975976404,0.0
mt,mt_ende_m2_p50_pair15,0.01,mistral_7b,0.009302593967918094,22.281368821292777,0.1765279980480664,-0.007906710910823402,1.5276424827098458e-05,0.0
mt,mt_ende_m2_p50_pair15,0.01,chrf,0.15751010785117933,22.281368821292777,0.1765279980480664,-0.003346556187670774,0.004379559730016451,0.0
mt,mt_ende_m2_p50_pair15,0.02,comet22,0.28980799799564066,22.281368821292777,0.1765279980480664,0.007569094639573442,0.014826352780424929,0.0
mt,mt_ende_m2_p50_pair15,0.02,qwen3_8b,0.1732154651257428,22.281368821292777,0.1765279980480664,-0.0023884892847675673,0.005296474975976404,0.0
mt,mt_ende_m2_p50_pair15,0.02,mistral_7b,0.009302593967918094,22.281368821292777,0.1765279980480664,-0.007906710910823402,1.5276424827098458e-05,0.0
mt,mt_ende_m2_p50_pair15,0.02,chrf,0.15751010785117933,22.281368821292777,0.1765279980480664,-0.003346556187670774,0.004379559730016451,0.0
mt,mt_ende_m2_p50_pair23,0.01,comet22,0.24628072619148153,22.167300380228134,0.17484184468689823,0.003195917488463336,0.010604891532971523,0.0
mt,mt_ende_m2_p50_pair23,0.01,qwen3_8b,0.2023277379582639,22.167300380228134,0.17484184468689823,-0.0004070792873284116,0.007157415543661514,0.0
mt,mt_ende_m2_p50_pair23,0.01,mistral_7b,0.16062025674891617,22.167300380228134,0.17484184468689823,-0.003173169674206805,0.0045107214757965815,0.0
mt,mt_ende_m2_p50_pair23,0.01,chrf,0.14636617042539887,22.167300380228134,0.17484184468689823,-0.0039727582164628605,0.003745646602769697,0.0
mt,mt_ende_m2_p50_pair23,0.02,comet22,0.24628072619148153,22.167300380228134,0.17484184468689823,0.003195917488463336,0.010604891532971523,0.0
mt,mt_ende_m2_p50_pair23,0.02,qwen3_8b,0.2023277379582639,22.167300380228134,0.17484184468689823,-0.0004070792873284116,0.007157415543661514,0.0
mt,mt_ende_m2_p50_pair23,0.02,mistral_7b,0.16062025674891617,22.167300380228134,0.17484184468689823,-0.003173169674206805,0.0045107214757965815,0.0
mt,mt_ende_m2_p50_pair23,0.02,chrf,0.14636617042539887,22.167300380228134,0.17484184468689823,-0.0039727582164628605,0.003745646602769697,0.0
mt,mt_ende_m2_p50_pair24,0.01,comet22,0.3267208555752742,23.34600760456274,0.17975514172008367,0.012310532383926433,0.01918823537555682,-0.17593601222121436
mt,mt_ende_m2_p50_pair24,0.01,qwen3_8b,0.24878823645457493,23.34600760456274,0.17975514172008367,0.0039030122961857144,0.011126049940803106,0.0
mt,mt_ende_m2_p50_pair24,0.01,mistral_7b,0.0,23.34600760456274,0.17975514172008367,-0.007699609490615961,0.0,0.0
mt,mt_ende_m2_p50_pair24,0.01,chrf,0.14780846917509538,23.34600760456274,0.17975514172008367,-0.003604221138983014,0.003927172337814508,0.0
mt,mt_ende_m2_p50_pair24,0.02,comet22,0.3267208555752742,23.34600760456274,0.17975514172008367,0.012310532383926433,0.01918823537555682,0.0
mt,mt_ende_m2_p50_pair24,0.02,qwen3_8b,0.24878823645457493,23.34600760456274,0.17975514172008367,0.0039030122961857144,0.011126049940803106,0.0
mt,mt_ende_m2_p50_pair24,0.02,mistral_7b,0.0,23.34600760456274,0.17975514172008367,-0.007699609490615961,0.0,0.0
mt,mt_ende_m2_p50_pair24,0.02,chrf,0.14780846917509538,23.34600760456274,0.17975514172008367,-0.003604221138983014,0.003927172337814508,0.0
mt,mt_ende_m2_p50_pair25,0.01,comet22,0.31133095015463347,23.840304182509506,0.1735292375140709,0.010246357171955782,0.016819661554318598,0.0
mt,mt_ende_m2_p50_pair25,0.01,qwen3_8b,0.17657465506965606,23.840304182509506,0.1735292375140709,-0.0016414744605616662,0.00541040021406383,0.0
mt,mt_ende_m2_p50_pair25,0.01,mistral_7b,0.0,23.840304182509506,0.1735292375140709,-0.0072788180966827185,0.0,0.0
mt,mt_ende_m2_p50_pair25,0.01,chrf,0.1790969037204984,23.840304182509506,0.1735292375140709,-0.0014792729805751183,0.005566071923770803,0.0
mt,mt_ende_m2_p50_pair25,0.02,comet22,0.31133095015463347,23.840304182509506,0.1735292375140709,0.010246357171955782,0.016819661554318598,0.0
mt,mt_ende_m2_p50_pair25,0.02,qwen3_8b,0.17657465506965606,23.840304182509506,0.1735292375140709,-0.0016414744605616662,0.00541040021406383,0.0
mt,mt_ende_m2_p50_pair25,0.02,mistral_7b,0.0,23.840304182509506,0.1735292375140709,-0.0072788180966827185,0.0,0.0
mt,mt_ende_m2_p50_pair25,0.02,chrf,0.1790969037204984,23.840304182509506,0.1735292375140709,-0.0014792729805751183,0.005566071923770803,0.0
mt,mt_ende_m2_p50_pair34,0.01,comet22,0.25977098735790327,20.11406844106464,0.5563867478559515,0.011750572950781529,0.03754551514420125,-0.013882903500182175
mt,mt_ende_m2_p50_pair34,0.01,qwen3_8b,0.1920653976349752,20.11406844106464,0.5563867478559515,-0.006116544996110407,0.0205246158214823,-0.010626049381760927
mt,mt_ende_m2_p50_pair34,0.01,mistral_7b,0.0017634536901593293,20.11406844106464,0.5563867478559515,-0.027659755519002297,1.7302342145004097e-06,-0.04585324698917326
mt,mt_ende_m2_p50_pair34,0.01,chrf,0.12135709337941393,20.11406844106464,0.5563867478559515,-0.019059974382542755,0.008194210373215213,-0.012976861377012483
mt,mt_ende_m2_p50_pair34,0.02,comet22,0.25977098735790327,20.11406844106464,0.18299630626682528,0.003864778330537457,0.012348767498058381,0.0
mt,mt_ende_m2_p50_pair34,0.02,qwen3_8b,0.1920653976349752,20.11406844106464,0.18299630626682528,-0.002011739398388449,0.006750572146713515,0.0
mt,mt_ende_m2_p50_pair34,0.02,mistral_7b,0.0017634536901593293,20.11406844106464,0.18299630626682528,-0.009097328632872671,5.690762252159741e-07,0.0
mt,mt_ende_m2_p50_pair34,0.02,chrf,0.12135709337941393,20.11406844106464,0.18299630626682528,-0.006268849721864073,0.0026950861731521876,0.0
mt,mt_ende_m2_p50_pair35,0.01,comet22,0.2218992574698634,23.5361216730038,0.48083030955634176,0.00425220822695227,0.02367573846864287,0.04683940926735897
mt,mt_ende_m2_p50_pair35,0.01,qwen3_8b,0.13923663419992185,23.5361216730038,0.48083030955634176,-0.010711619117105579,0.009321780424366087,-0.029725009727362472
mt,mt_ende_m2_p50_pair35,0.01,mistral_7b,0.04742151818782678,23.5361216730038,0.48083030955634176,-0.019302229094887654,0.0010812913863262543,-0.14952087084777377
mt,mt_ende_m2_p50_pair35,0.01,chrf,0.13091009781089066,23.5361216730038,0.48083030955634176,-0.011839146128182976,0.008240207171837169,-0.0016513894292979892
mt,mt_ende_m2_p50_pair35,0.02,comet22,0.2218992574698634,23.5361216730038,0.17672886937431387,0.0015628963843540196,0.008702002365503786,0.0
mt,mt_ende_m2_p50_pair35,0.02,qwen3_8b,0.13923663419992185,23.5361216730038,0.17672886937431387,-0.0039370486803984115,0.003426214367546627,0.0
mt,mt_ende_m2_p50_pair35,0.02,mistral_7b,0.04742151818782678,23.5361216730038,0.17672886937431387,-0.007094521823075222,0.00039742794988515914,0.0
mt,mt_ende_m2_p50_pair35,0.02,chrf,0.13091009781089066,23.5361216730038,0.17672886937431387,-0.004351470504265068,0.0030286828179209324,0.0
mt,mt_ende_m2_p50_pair45,0.01,comet22,0.286780576732398,23.76425855513308,0.5138773475153732,0.022417328267379258,0.04226286566369776,-0.010370742492231466
mt,mt_ende_m2_p50_pair45,0.01,qwen3_8b,0.22995128413298843,23.76425855513308,0.5138773475153732,0.0066920613818372944,0.02717259727207527,0.01549116841621423
mt,mt_ende_m2_p50_pair45,0.01,mistral_7b,0.027847288678327916,23.76425855513308,0.5138773475153732,-0.021208692789303287,0.0003984972306767377,-0.027360210883976777
mt,mt_ende_m2_p50_pair45,0.01,chrf,0.1503936548887228,23.76425855513308,0.5138773475153732,-0.009511855596064637,0.011623007050689265,0.022259154617472743
mt,mt_ende_m2_p50_pair45,0.02,comet22,0.286780576732398,23.76425855513308,0.17748126485103277,0.007742422962818489,0.01459660926968174,0.0
mt,mt_ende_m2_p50_pair45,0.02,qwen3_8b,0.22995128413298843,23.76425855513308,0.17748126485103277,0.002311282107008427,0.009384782101124563,0.0
mt,mt_ende_m2_p50_pair45,0.02,mistral_7b,0.027847288678327916,23.76425855513308,0.17748126485103277,-0.007324988424343646,0.0001376316603214843,0.0
mt,mt_ende_m2_p50_pair45,0.02,chrf,0.1503936548887228,23.76425855513308,0.17748126485103277,-0.003285173340355156,0.004014315872654982,0.0
mt,mt_zhen_m2_p50_pair01,0.01,comet22,0.1890884243966301,28.4,0.8209278443628033,0.0014794133739915946,0.02935180898585594,0.0017765980197758102
mt,mt_zhen_m2_p50_pair01,0.01,qwen3_8b,0.1927908272355269,28.4,0.8209278443628033,0.0026809685257082635,0.0305124949147251,0.0052742753712091694
mt,mt_zhen_m2_p50_pair01,0.01,mistral_7b,0.07638333219917254,28.4,0.8209278443628033,-0.0239476285363081,0.004789632446654874,-0.022247852474919005
mt,mt_zhen_m2_p50_pair01,0.01,chrf,0.08499912035462216,28.4,0.8209278443628033,-0.022765988220650405,0.005931080914841217,0.006094718206730687
mt,mt_zhen_m2_p50_pair01,0.02,comet22,0.1890884243966301,28.4,0.6250070219592609,0.0011263398524907983,0.022346771216666655,0.04539251961795465
mt,mt_zhen_m2_p50_pair01,0.02,qwen3_8b,0.1927908272355269,28.4,0.6250070219592609,0.002041134511060514,0.023230450410659166,0.03858943153745775
mt,mt_zhen_m2_p50_pair01,0.02,mistral_7b,0.07638333219917254,28.4,0.6250070219592609,-0.018232340512316435,0.00364654936766919,-0.01016603303943775
mt,mt_zhen_m2_p50_pair01,0.02,chrf,0.08499912035462216,28.4,0.6250070219592609,-0.0173327078591087,0.0045155822707678185,0.010608034475935169
mt,mt_zhen_m2_p50_pair02,0.01,comet22,0.1875532715355119,28.85333333333333,0.8003635670928704,0.0013904941924651856,0.02815377265049573,0.0335388859189677
mt,mt_zhen_m2_p50_pair02,0.01,qwen3_8b,0.1693991886735802,28.85333333333333,0.8003635670928704,-0.003975730350782079,0.022967301050858806,0.04326812163702831
mt,mt_zhen_m2_p50_pair02,0.01,mistral_7b,0.07196570296849569,28.85333333333333,0.8003635670928704,-0.02345023801256131,0.004145132859661726,0.0008532094012688729
mt,mt_zhen_m2_p50_pair02,0.01,chrf,0.12883072880805196,28.85333333333333,0.8003635670928704,-0.013994718828822361,0.01328391960089044,0.018196629594333436
mt,mt_zhen_m2_p50_pair02,0.02,comet22,0.1875532715355119,28.85333333333333,0.5483806886961704,0.0009527172328217741,0.01928996504869991,0.020501787410352246
mt,mt_zhen_m2_p50_pair02,0.02,qwen3_8b,0.1693991886735802,28.85333333333333,0.5483806886961704,-0.002724029225557142,0.015736378922781208,0.0
mt,mt_zhen_m2_p50_pair02,0.02,mistral_7b,0.07196570296849569,28.85333333333333,0.5483806886961704,-0.016067270175886595,0.0028400978077687314,-0.0014949219986715168
mt,mt_zhen_m2_p50_pair02,0.02,chrf,0.12883072880805196,28.85333333333333,0.5483806886961704,-0.00958868427424104,0.009101669889573548,0.01879330512615618
mt,mt_zhen_m2_p50_pair03,0.01,comet22,0.18520343362276726,29.81333333333333,0.6816835938377075,0.0013011805192409984,0.023381959835071804,-0.022579148749734435
mt,mt_zhen_m2_p50_pair03,0.01,qwen3_8b,0.16968389094727265,29.81333333333333,0.6816835938377075,-0.002579254325043174,0.01962745861836068,-0.037372384137491554
mt,mt_zhen_m2_p50_pair03,0.01,mistral_7b,0.05002147285717871,29.81333333333333,0.6816835938377075,-0.021102173111299347,0.0017056730683525456,-0.05523529449017306
mt,mt_zhen_m2_p50_pair03,0.01,chrf,0.10797440766564134,29.81333333333333,0.6816835938377075,-0.014651096702779148,0.007947389576120246,-0.09691541864642894
mt,mt_zhen_m2_p50_pair03,0.02,comet22,0.18520343362276726,29.81333333333333,0.5091221927749685,0.0009717996518334355,0.017463049969546604,-0.06075489097227171
mt,mt_zhen_m2_p50_pair03,0.02,qwen3_8b,0.16968389094727265,29.81333333333333,0.5091221927749685,-0.0019263418242143186,0.01465896327961031,-0.03851685671687055
mt,mt_zhen_m2_p50_pair03,0.02,mistral_7b,0.05002147285717871,29.81333333333333,0.5091221927749685,-0.01576036851093631,0.0012738989474985092,-0.02347348060292309
mt,mt_zhen_m2_p50_pair03,0.02,chrf,0.10797440766564134,29.81333333333333,0.5091221927749685,-0.010942317737007013,0.005935587190902189,-0.011046343813140291
mt,mt_zhen_m2_p50_pair04,0.01,comet22,0.20040752606038337,28.933333333333334,0.6418011277844857,0.004485607602837434,0.025776771974161984,-0.0031380075602833735
mt,mt_zhen_m2_p50_pair04,0.01,qwen3_8b,0.17231844238619715,28.933333333333334,0.6418011277844857,-0.0024659849782678257,0.01905741522538764,-0.01704112438987293
mt,mt_zhen_m2_p50_pair04,0.01,mistral_7b,0.1133048654252156,28.933333333333334,0.6418011277844857,-0.01365785533922323,0.00823943808361783,-0.05170169187063256
mt,mt_zhen_m2_p50_pair04,0.01,chrf,0.13240317226899145,28.933333333333334,0.6418011277844857,-0.010542042822663843,0.011251158867998169,-0.045108858679075325
mt,mt_zhen_m2_p50_pair04,0.02,comet22,0.20040752606038337,28.933333333333334,0.5171239444022244,0.0036142272055944683,0.020769340252252484,0.01138518576390124
mt,mt_zhen_m2_p50_pair04,0.02,qwen3_8b,0.17231844238619715,28.933333333333334,0.5171239444022244,-0.001986939292550925,0.01535529512932353,0.0069124342137973915
mt,mt_zhen_m2_p50_pair04,0.02,mistral_7b,0.1133048654252156,28.933333333333334,0.5171239444022244,-0.011004661287329116,0.006638833334816327,-0.006108662793588238
mt,mt_zhen_m2_p50_pair04,0.02,chrf,0.13240317226899145,28.933333333333334,0.5171239444022244,-0.008494130861583174,0.009065493033644251,-0.0032834062515536555
mt,mt_zhen_m2_p50_pair05,0.01,comet22,0.2341194704115915,28.933333333333334,0.48279465032042357,0.01069107033134147,0.026462904852134858,0.029720442091575983
mt,mt_zhen_m2_p50_pair05,0.01,qwen3_8b,0.26271509464086334,28.933333333333334,0.48279465032042357,0.017787345448829366,0.033322110644985074,0.034448694242508515
mt,mt_zhen_m2_p50_pair05,0.01,mistral_7b,0.12794423415653802,28.933333333333334,0.48279465032042357,-0.00851008174995791,0.007903216648829892,-0.040224760843317275
mt,mt_zhen_m2_p50_pair05,0.01,chrf,0.1385036609636918,28.933333333333334,0.48279465032042357,-0.007104773167260238,0.009261577283330536,-0.022290331568681987
mt,mt_zhen_m2_p50_pair05,0.02,comet22,0.2341194704115915,28.933333333333334,0.3301054087785513,0.007309899021593247,0.018093713378729934,0.0035670905406104403
mt,mt_zhen_m2_p50_pair05,0.02,qwen3_8b,0.26271509464086334,28.933333333333334,0.3301054087785513,0.012161897271591894,0.022783618145989202,-0.008095744618255463
mt,mt_zhen_m2_p50_pair05,0.02,mistral_7b,0.12794423415653802,28.933333333333334,0.3301054087785513,-0.005818672623949551,0.005403735440721971,0.005535140494050794
mt,mt_zhen_m2_p50_pair05,0.02,chrf,0.1385036609636918,28.933333333333334,0.3301054087785513,-0.004857808695893311,0.006332499237551388,-0.013554944054320117
mt,mt_zhen_m2_p50_pair12,0.01,comet22,0.17148067143201573,27.12,0.8336345031957615,-0.005321303793925648,0.024513539982379016,-0.004749546959277762
mt,mt_zhen_m2_p50_pair12,0.01,qwen3_8b,0.19026831860514468,27.12,0.8336345031957615,0.0005533331942840384,0.030179263848675125,-0.0021291072576070658
mt,mt_zhen_m2_p50_pair12,0.01,mistral_7b,0.08150092643005664,27.12,0.8336345031957615,-0.024997221696619658,0.005537334665129315,-0.06903279574381616
mt,mt_zhen_m2_p50_pair12,0.01,chrf,0.09218641016771789,27.12,0.8336345031957615,-0.02339300269676823,0.007084504625156722,-0.0057790054135054
mt,mt_zhen_m2_p50_pair12,0.02,comet22,0.17148067143201573,27.12,0.6431692005029246,-0.004105514699370159,0.018912789539687263,-0.008375983334521608
mt,mt_zhen_m2_p50_pair12,0.02,qwen3_8b,0.19026831860514468,27.12,0.6431692005029246,0.00042690995492040225,0.02328403266288641,-0.05783417064312513
mt,mt_zhen_m2_p50_pair12,0.02,mistral_7b,0.08150092643005664,27.12,0.6431692005029246,-0.019285961691575735,0.0042721877463510185,-0.01701005018915458
mt,mt_zhen_m2_p50_pair12,0.02,chrf,0.09218641016771789,27.12,0.6431692005029246,-0.018048267896980295,0.005465866825633672,-0.004206121501318494
mt,mt_zhen_m2_p50_pair13,0.01,comet22,0.17547703139169116,28.213333333333335,0.8516574970416231,-0.003032446014145325,0.026224398225554644,0.01955712250227659
mt,mt_zhen_m2_p50_pair13,0.01,qwen3_8b,0.16940106035169553,28.213333333333335,0.8516574970416231,-0.004880322716761231,0.02443977608829528,-0.01807762387326295
mt,mt_zhen_m2_p50_pair13,0.01,mistral_7b,0.06783879696406597,28.213333333333335,0.8516574970416231,-0.026128012305369493,0.003919414988571377,-0.03453116175149451
mt,mt_zhen_m2_p50_pair13,0.01,chrf,0.09124020119468328,28.213333333333335,0.8516574970416231,-0.02284519696767573,0.0070898564557370525,-0.02332367942864111
mt,mt_zhen_m2_p50_pair13,0.02,comet22,0.17547703139169116,28.213333333333335,0.6022265592369554,-0.0021443121624763976,0.0185438737594576,0.03277036519520382
mt,mt_zhen_m2_p50_pair13,0.02,qwen3_8b,0.16940106035169553,28.213333333333335,0.6022265592369554,-0.0034509881823272747,0.017281926494279846,0.016061364759704655
mt,mt_zhen_m2_p50_pair13,0.02,mistral_7b,0.06783879696406597,28.213333333333335,0.6022265592369554,-0.018475717063516306,0.002771508277668262,0.0075832250038491145
mt,mt_zhen_m2_p50_pair13,0.02,chrf,0.09124020119468328,28.213333333333335,0.6022265592369554,-0.016154363007106234,0.005013400191572279,0.017333085723082897
mt,mt_zhen_m2_p50_pair14,0.01,comet22,0.15587317937925949,26.293333333333337,0.8134245950907346,-0.010421557485853135,0.01976332841705066,-0.014071046129859877
mt,mt_zhen_m2_p50_pair14,0.01,qwen3_8b,0.12341335113486702,26.293333333333337,0.8134245950907346,-0.01807619166610173,0.012389152255130669,0.00561607542902276
mt,mt_zhen_m2_p50_pair14,0.01,mistral_7b,0.06897936635909258,26.293333333333337,0.8134245950907346,-0.026918934364584778,0.0038703986638221294,-0.014071046129859877
mt,mt_zhen_m2_p50_pair14,0.01,chrf,0.07648254372271292,26.293333333333337,0.8134245950907346,-0.02599737624367202,0.004758191831599351,0.010147966412288545
mt,mt_zhen_m2_p50_pair14,0.02,comet22,0.15587317937925949,26.293333333333337,0.6353067806060656,-0.00813952046102056,0.0154356981906802,0.03624751591550135
mt,mt_zhen_m2_p50_pair14,0.02,qwen3_8b,0.12341335113486702,26.293333333333337,0.6353067806060656,-0.014117998401226475,0.009676265607345535,0.02671332082015143
mt,mt_zhen_m2_p50_pair14,0.02,mistral_7b,0.06897936635909258,26.293333333333337,0.6353067806060656,-0.021024421478923562,0.003022886853452685,-0.003041749587314513
mt,mt_zhen_m2_p50_pair14,0.02,chrf,0.07648254372271292,26.293333333333337,0.6353067806060656,-0.020304659467211644,0.003716277516420889,0.04003092666762442
mt,mt_zhen_m2_p50_pair15,0.01,comet22,0.22384732954936917,26.853333333333335,0.6624837022924759,0.009761217987110616,0.03319548621253062,-0.0365962670181077
mt,mt_zhen_m2_p50_pair15,0.01,qwen3_8b,0.2069701982021033,26.853333333333335,0.6624837022924759,0.0047649449127274285,0.028378591060875407,-0.00807213524895678
mt,mt_zhen_m2_p50_pair15,0.01,mistral_7b,0.11303334949380951,26.853333333333335,0.6624837022924759,-0.015890994564872207,0.008464248261504579,-0.024599832171196212
mt,mt_zhen_m2_p50_pair15,0.01,chrf,0.11087578442015683,26.853333333333335,0.6624837022924759,-0.016222957721600175,0.008144203360762534,-0.034811083261126585
mt,mt_zhen_m2_p50_pair15,0.02,comet22,0.22384732954936917,26.853333333333335,0.4681233378854309,0.006897458654667687,0.023456549579659185,-0.01366200959592545
mt,mt_zhen_m2_p50_pair15,0.02,qwen3_8b,0.2069701982021033,26.853333333333335,0.4681233378854309,0.0033669989309433623,0.020052841641133197,0.014332139813447053
mt,mt_zhen_m2_p50_pair15,0.02,mistral_7b,0.11303334949380951,26.853333333333335,0.4681233378854309,-0.011228873091194995,0.005980995660957682,-0.0012646005717746878
mt,mt_zhen_m2_p50_pair15,0.02,chrf,0.11087578442015683,26.853333333333335,0.4681233378854309,-0.011463444448112503,0.005754845965968757,0.0016236846847478281
mt,mt_zhen_m2_p50_pair23,0.01,comet22,0.12399196544909563,25.78666666666667,0.8530345746328769,-0.019457312393266483,0.013114559944693073,0.0
mt,mt_zhen_m2_p50_pair23,0.01,qwen3_8b,0.10897768703645534,25.78666666666667,0.8530345746328769,-0.022556828644244544,0.010130754852910307,0.0008961609161436401
mt,mt_zhen_m2_p50_pair23,0.01,mistral_7b,0.07421214435430569,25.78666666666667,0.8530345746328769,-0.0282002240074407,0.004698038759121674,-0.026212706797199337
mt,mt_zhen_m2_p50_pair23,0.01,chrf,0.07030329679878387,25.78666666666667,0.8530345746328769,-0.028700780486781312,0.004216169057257691,-0.014491577741541084
mt,mt_zhen_m2_p50_pair23,0.02,comet22,0.12399196544909563,25.78666666666667,0.6264995116655105,-0.014290155493346777,0.009631808188541872,-0.05485266449680659
mt,mt_zhen_m2_p50_pair23,0.02,qwen3_8b,0.10897768703645534,25.78666666666667,0.6264995116655105,-0.01656655257663357,0.007440393574765535,0.0067272135703631
mt,mt_zhen_m2_p50_pair23,0.02,mistral_7b,0.07421214435430569,25.78666666666667,0.6264995116655105,-0.020711266688250227,0.0034504099551206295,0.0006899706226014546
mt,mt_zhen_m2_p50_pair23,0.02,chrf,0.07030329679878387,25.78666666666667,0.6264995116655105,-0.021078893510413754,0.0030965073796779914,-0.006489453423385694
mt,mt_zhen_m2_p50_pair24,0.01,comet22,0.17186503401432535,26.106666666666666,0.8519363943427364,-0.006504860569009986,0.02516414785124628,0.0028059486547695744
mt,mt_zhen_m2_p50_pair24,0.01,qwen3_8b,0.16271952941495763,26.106666666666666,0.8519363943427364,-0.009211593678702402,0.02255726962754841,0.033334670018662194
mt,mt_zhen_m2_p50_pair24,0.01,mistral_7b,0.0877945419361792,26.106666666666666,0.8519363943427364,-0.025814750382787494,0.0065666248530286825,-0.013228043658199296
mt,mt_zhen_m2_p50_pair24,0.01,chrf,0.08312396613025222,26.106666666666666,0.8519363943427364,-0.026520891306308726,0.005886534381678678,0.039684130974597887
mt,mt_zhen_m2_p50_pair24,0.02,comet22,0.17186503401432535,26.106666666666666,0.6396810117191984,-0.0048842094521467675,0.01889463540169037,0.017612556239304467
mt,mt_zhen_m2_p50_pair24,0.02,qwen3_8b,0.16271952941495763,26.106666666666666,0.6396810117191984,-0.006916574527238666,0.01693724690339723,0.05714863256392666
mt,mt_zhen_m2_p50_pair24,0.02,mistral_7b,0.0877945419361792,26.106666666666666,0.6396810117191984,-0.019383143802513454,0.004930585496123235,0.0005652062561266602
mt,mt_zhen_m2_p50_pair24,0.02,chrf,0.08312396613025222,26.106666666666666,0.6396810117191984,-0.019913353502878324,0.0044199359175130975,0.006330310068619505
mt,mt_zhen_m2_p50_pair25,0.01,comet22,0.1688952920349751,26.986666666666665,0.7260566275154623,-0.005425596009956085,0.02071121521653576,0.0
mt,mt_zhen_m2_p50_pair25,0.01,qwen3_8b,0.16186617354323776,26.986666666666665,0.7260566275154623,-0.007176201138588504,0.01902316148602027,-0.03435222695355944
mt,mt_zhen_m2_p50_pair25,0.01,mistral_7b,0.09367403431323772,26.986666666666665,0.7260566275154623,-0.020297172359727594,0.0063710196320014385,0.0030310788488433493
mt,mt_zhen_m2_p50_pair25,0.01,chrf,0.07223818301975503,26.986666666666665,0.7260566275154623,-0.02297505492373058,0.0037888212949161427,-0.008244534468854203
mt,mt_zhen_m2_p50_pair25,0.02,comet22,0.1688952920349751,26.986666666666665,0.5022152277664688,-0.0037528986481855523,0.014326000580541974,-0.06072028359745363
mt,mt_zhen_m2_p50_pair25,0.02,qwen3_8b,0.16186617354323776,26.986666666666665,0.5022152277664688,-0.00496379669674934,0.013158369494170794,-0.049947330055970074
mt,mt_zhen_m2_p50_pair25,0.02,mistral_7b,0.09367403431323772,26.986666666666665,0.5022152277664688,-0.01403960607664694,0.004406850587590163,-0.008324555009328494
mt,mt_zhen_m2_p50_pair25,0.02,chrf,0.07223818301975503,26.986666666666665,0.5022152277664688,-0.015891904300842922,0.002620737388079603,-0.032257650661147164
mt,mt_zhen_m2_p50_pair34,0.01,comet22,0.14169492657726568,26.93333333333333,0.860335662633034,-0.01402847044902676,0.01727334815772959,0.028104326406080182
mt,mt_zhen_m2_p50_pair34,0.01,qwen3_8b,0.1484942000835682,26.93333333333333,0.860335662633034,-0.012267937204573887,0.01897085515238105,0.03706065020582028
mt,mt_zhen_m2_p50_pair34,0.01,mistral_7b,0.0911595057810125,26.93333333333333,0.860335662633034,-0.02452826929339464,0.007149437100152924,-0.005162019135810603
mt,mt_zhen_m2_p50_pair34,0.01,chrf,0.08139452432644108,26.93333333333333,0.860335662633034,-0.0260317474170759,0.0056997827756488035,-0.03930379482354085
mt,mt_zhen_m2_p50_pair34,0.02,comet22,0.14169492657726568,26.93333333333333,0.6237566332489399,-0.010170857581489721,0.012523443999551914,-0.06503090898721586
mt,mt_zhen_m2_p50_pair34,0.02,qwen3_8b,0.1484942000835682,26.93333333333333,0.6237566332489399,-0.008894443808379449,0.013754162768851556,-0.048210884407064114
mt,mt_zhen_m2_p50_pair34,0.02,mistral_7b,0.0911595057810125,26.93333333333333,0.6237566332489399,-0.017783373790465653,0.005183452237198033,-0.028359343768861178
mt,mt_zhen_m2_p50_pair34,0.02,chrf,0.08139452432644108,26.93333333333333,0.6237566332489399,-0.01887341863380125,0.00413243047894605,-0.02552340939197517
mt,mt_zhen_m2_p50_pair35,0.01,comet22,0.1609143936737486,26.88,0.7802347592277877,-0.008072028842758693,0.020202963555754454,-0.013936740544664206
mt,mt_zhen_m2_p50_pair35,0.01,qwen3_8b,0.2153693161039358,26.88,0.7802347592277877,0.008510141033118581,0.036190364067360654,-0.03775455639612746
mt,mt_zhen_m2_p50_pair35,0.01,mistral_7b,0.10215464486976947,26.88,0.7802347592277877,-0.020581486090770037,0.00814219559210506,-0.027402500610092417
mt,mt_zhen_m2_p50_pair35,0.01,chrf,0.06519230614736211,26.88,0.7802347592277877,-0.02558720024240762,0.0033160264243856158,0.006371081391846722
mt,mt_zhen_m2_p50_pair35,0.02,comet22,0.1609143936737486,26.88,0.5528913784581849,-0.005720015804274277,0.014316260890935883,0.006359385098913761
mt,mt_zhen_m2_p50_pair35,0.02,qwen3_8b,0.2153693161039358,26.88,0.5528913784581849,0.0060304716638506315,0.025645281807119436,0.029412156082476826
mt,mt_zhen_m2_p50_pair35,0.02,mistral_7b,0.10215464486976947,26.88,0.5528913784581849,-0.014584490220233367,0.005769737494200574,0.003452237625124699
mt,mt_zhen_m2_p50_pair35,0.02,chrf,0.06519230614736211,26.88,0.5528913784581849,-0.01813164851423927,0.002349808694240795,-0.006359385098914094
mt,mt_zhen_m2_p50_pair45,0.01,comet22,0.18570165000686178,26.21333333333333,0.8359364746029663,-0.0019626670811612973,0.028827355273718457,-0.05623467863510889
mt,mt_zhen_m2_p50_pair45,0.01,qwen3_8b,0.20091066359665988,26.21333333333333,0.8359364746029663,0.0031401440789208947,0.0337426549996967,0.025518078207200645
mt,mt_zhen_m2_p50_pair45,0.01,mistral_7b,0.12405752275221672,26.21333333333333,0.8359364746029663,-0.018533664537312734,0.012865287170438826,0.03207246936049668
mt,mt_zhen_m2_p50_pair45,0.01,chrf,0.06843553215037924,26.21333333333333,0.8359364746029663,-0.02782534698160113,0.003915043326503991,-0.028858116871167017
mt,mt_zhen_m2_p50_pair45,0.02,comet22,0.18570165000686178,26.21333333333333,0.6475580809897143,-0.0015203797983598403,0.022331107001789877,-0.029154379150782894
mt,mt_zhen_m2_p50_pair45,0.02,qwen3_8b,0.20091066359665988,26.21333333333333,0.6475580809897143,0.002432512201053337,0.026138743293238335,-0.03331929045803772
mt,mt_zhen_m2_p50_pair45,0.02,mistral_7b,0.12405752275221672,26.21333333333333,0.6475580809897143,-0.01435710081581212,0.009966093028095027,-0.014577189575391447
mt,mt_zhen_m2_p50_pair45,0.02,chrf,0.06843553215037924,26.21333333333333,0.6475580809897143,-0.021554901409029426,0.003032787802095406,0.00971812638359415
arena,arena_0_m2_p25,0.02,qwen3_8b,0.24655553444968129,19.25162689804772,0.277456647398844,0.0033304801857531405,0.016866487371403838,0.0
arena,arena_0_m2_p25,0.02,mistral_7b,0.1877832132717964,19.25162689804772,0.277456647398844,-0.004120081824872121,0.009783824791680272,0.0
arena,arena_0_m2_p25,0.02,longer,0.06578362214351892,19.25162689804772,0.277456647398844,-0.01314905663291864,0.0012006894637654401,0.0
arena,arena_0_m2_p25,0.05,qwen3_8b,0.24655553444968129,19.25162689804772,0.277456647398844,0.0033304801857531405,0.016866487371403838,0.0
arena,arena_0_m2_p25,0.05,mistral_7b,0.1877832132717964,19.25162689804772,0.277456647398844,-0.004120081824872121,0.009783824791680272,0.0
arena,arena_0_m2_p25,0.05,longer,0.06578362214351892,19.25162689804772,0.277456647398844,-0.01314905663291864,0.0012006894637654401,0.0
arena,arena_0_m2_p50,0.02,qwen3_8b,0.24655553444968129,38.50325379609544,0.16154276131917267,0.0058796102743337575,0.009820124943032386,0.0
arena,arena_0_m2_p50,0.02,mistral_7b,0.1877832132717964,38.50325379609544,0.16154276131917267,0.0016487921389481256,0.005696407305170932,0.0
arena,arena_0_m2_p50,0.02,longer,0.06578362214351892,38.50325379609544,0.16154276131917267,-0.0034783311985056376,0.000699073867149719,0.0
arena,arena_0_m2_p50,0.05,qwen3_8b,0.24655553444968129,38.50325379609544,0.16154276131917267,0.0058796102743337575,0.009820124943032386,0.0
arena,arena_0_m2_p50,0.05,mistral_7b,0.1877832132717964,38.50325379609544,0.16154276131917267,0.0016487921389481256,0.005696407305170932,0.0
arena,arena_0_m2_p50,0.05,longer,0.06578362214351892,38.50325379609544,0.16154276131917267,-0.0034783311985056376,0.000699073867149719,0.0
arena,arena_10_m2_p25,0.02,qwen3_8b,0.2337807537835164,14.565677966101696,0.9333777481678881,-0.009566092847900751,0.05101230554048258,0.00441991053583346
arena,arena_10_m2_p25,0.02,mistral_7b,0.22260261257491548,14.565677966101696,0.9333777481678881,-0.014654644408197602,0.046250662423966866,-0.0028647568287807346
arena,arena_10_m2_p25,0.02,longer,0.1638574244052367,14.565677966101696,0.9333777481678881,-0.03729961029240354,0.02506049766911241,0.0
arena,arena_10_m2_p25,0.05,qwen3_8b,0.2337807537835164,14.565677966101696,0.8800637778498963,-0.009019683432041826,0.04809851361778461,-0.011020404017723529
arena,arena_10_m2_p25,0.05,mistral_7b,0.22260261257491548,14.565677966101696,0.8800637778498963,-0.013817580016494493,0.04360885266527172,-0.03728520833627291
arena,arena_10_m2_p25,0.05,longer,0.1638574244052367,14.565677966101696,0.8800637778498963,-0.035169079197243804,0.02362905725658091,0.018955513404300683
arena,arena_10_m2_p25,0.1,qwen3_8b,0.2337807537835164,14.565677966101696,0.7239352203894713,-0.007419537853462437,0.03956555073925088,-0.019525635420323484
arena,arena_10_m2_p25,0.1,mistral_7b,0.22260261257491548,14.565677966101696,0.7239352203894713,-0.011366258998783851,0.03587238238834782,-0.013172055640694014
arena,arena_10_m2_p25,0.1,longer,0.1638574244052367,14.565677966101696,0.7239352203894713,-0.028929875016278583,0.01943712172137134,-0.01625808010508556
arena,arena_10_m2_p50,0.02,qwen3_8b,0.2337807537835164,29.13135593220339,0.8677907049088533,0.01926692499306748,0.04742774795188136,0.0044560912394089325
arena,arena_10_m2_p50,0.02,mistral_7b,0.22260261257491548,29.13135593220339,0.8677907049088533,0.014687906798740926,0.04300069829838746,0.0029530445911957193
arena,arena_10_m2_p50,0.02,longer,0.1638574244052367,29.13135593220339,0.8677907049088533,-0.005689544341330409,0.023299534385015166,0.00751684077758874
arena,arena_10_m2_p50,0.05,qwen3_8b,0.2337807537835164,29.13135593220339,0.7743899903474306,0.01719321695312846,0.04232307752422329,0.08469745617274227
arena,arena_10_m2_p50,0.05,mistral_7b,0.22260261257491548,29.13135593220339,0.7743899903474306,0.0131070406029477,0.038372513270603155,0.10539539702495604
arena,arena_10_m2_p50,0.05,longer,0.1638574244052367,29.13135593220339,0.7743899903474306,-0.005077176054826378,0.020791794732817084,0.045570913919029565
arena,arena_10_m2_p50,0.1,qwen3_8b,0.2337807537835164,29.13135593220339,0.584701688027908,0.012981705730227755,0.03195595911544116,0.0313626470049535
arena,arena_10_m2_p50,0.1,mistral_7b,0.22260261257491548,29.13135593220339,0.584701688027908,0.009896446055759994,0.02897309309632066,0.03202884702303288
arena,arena_10_m2_p50,0.1,longer,0.1638574244052367,29.13135593220339,0.584701688027908,-0.003833512114922842,0.01569880503227278,0.015373846571055672
arena,arena_11_m2_p25,0.02,qwen3_8b,0.18086836340242315,16.578249336870027,0.924210591622697,-0.023690627386251592,0.03023403830959474,-0.003247824507493835
arena,arena_11_m2_p25,0.02,mistral_7b,0.0,16.578249336870027,0.924210591622697,-0.05574838288668108,0.0,-0.006351301259098996
arena,arena_11_m2_p25,0.02,longer,0.08433240910900636,16.578249336870027,0.924210591622697,-0.04877895853652728,0.006572944347134647,-0.003247824507493835
arena,arena_11_m2_p25,0.05,qwen3_8b,0.18086836340242315,16.578249336870027,0.8669618340109411,-0.022223149089422432,0.028361238812922074,-0.021501960982566626
arena,arena_11_m2_p25,0.05,mistral_7b,0.0,16.578249336870027,0.8669618340109411,-0.052295137827539966,0.0,-0.021501960982566626
arena,arena_11_m2_p25,0.05,longer,0.08433240910900636,16.578249336870027,0.8669618340109411,-0.04575742340251793,0.006165793746248338,-0.00756112913672724
arena,arena_11_m2_p25,0.1,qwen3_8b,0.18086836340242315,16.578249336870027,0.7302454766162791,-0.018718648805611797,0.02388878672842365,-0.026886233527489756
arena,arena_11_m2_p25,0.1,mistral_7b,0.0,16.578249336870027,0.7302454766162791,-0.04404840714949396,0.0,0.0013440269354887402
arena,arena_11_m2_p25,0.1,longer,0.08433240910900636,16.578249336870027,0.7302454766162791,-0.03854166371628639,0.005193473133778076,-0.051727499404113475
arena,arena_11_m2_p50,0.02,qwen3_8b,0.18086836340242315,33.15649867374005,0.8314160551856421,0.0029432128059648796,0.027198416780270875,0.0070988031334588975
arena,arena_11_m2_p50,0.02,mistral_7b,0.0,33.15649867374005,0.8314160551856421,-0.025075508224398965,0.0,-0.011155262066864235
arena,arena_11_m2_p50,0.02,longer,0.08433240910900636,33.15649867374005,0.8314160551856421,-0.018984178573869685,0.005912993758764934,-0.02792737057224448
arena,arena_11_m2_p50,0.05,qwen3_8b,0.18086836340242315,33.15649867374005,0.7528529013421735,0.0026650992441363723,0.02462835166247605,0.008601451320992326
arena,arena_11_m2_p50,0.05,mistral_7b,0.0,33.15649867374005,0.7528529013421735,-0.022706043504479953,0.0,-0.0030160933203478013
arena,arena_11_m2_p50,0.05,longer,0.08433240910900636,33.15649867374005,0.7528529013421735,-0.017190303013506845,0.005354256126206715,-0.0030160933203478013
arena,arena_11_m2_p50,0.1,qwen3_8b,0.18086836340242315,33.15649867374005,0.5409228980007192,0.0019148670397997924,0.017695408134174775,-0.003378042342211396
arena,arena_11_m2_p50,0.1,mistral_7b,0.0,33.15649867374005,0.5409228980007192,-0.016314234603701693,0.0,-0.006756084684422792
arena,arena_11_m2_p50,0.1,longer,0.08433240910900636,33.15649867374005,0.5409228980007192,-0.012351189066282645,0.003847019431368961,-0.004778694045079801
arena,arena_12_m2_p25,0.02,qwen3_8b,0.23659513055990236,16.400000000000002,0.9120174853671186,-0.0014456449775774208,0.05105223607671545,0.024613273849215078
arena,arena_12_m2_p25,0.02,mistral_7b,0.18015060284456505,16.400000000000002,0.9120174853671186,-0.024207181236557216,0.02959883408549311,-0.009654344483959632
arena,arena_12_m2_p25,0.02,longer,0.07728561328114454,16.400000000000002,0.9120174853671186,-0.04983111451386001,0.005447540651713462,-0.004950945889209857
arena,arena_12_m2_p25,0.05,qwen3_8b,0.23659513055990236,16.400000000000002,0.8646798979655322,-0.0013706098531683873,0.04840240783756153,-0.027557978842742248
arena,arena_12_m2_p25,0.05,mistral_7b,0.18015060284456505,16.400000000000002,0.8646798979655322,-0.02295072554802368,0.028062528676893322,0.005349490010649882
arena,arena_12_m2_p25,0.05,longer,0.07728561328114454,16.400000000000002,0.8646798979655322,-0.047244667678722006,0.005164790116924781,-0.01307281621352585
arena,arena_12_m2_p25,0.1,qwen3_8b,0.23659513055990236,16.400000000000002,0.726113630672491,-0.0011509675419322156,0.04064584844740245,0.036066052697476425
arena,arena_12_m2_p25,0.1,mistral_7b,0.18015060284456505,16.400000000000002,0.726113630672491,-0.019272836911617044,0.023565465823101803,0.018245179599899797
arena,arena_12_m2_p25,0.1,longer,0.07728561328114454,16.400000000000002,0.726113630672491,-0.03967363790788575,0.004337124654204859,-0.008486130046464924
arena,arena_12_m2_p50,0.02,qwen3_8b,0.23659513055990236,32.800000000000004,0.7841410206711955,0.021325557678775597,0.043894062501036536,-0.01106406315189079
arena,arena_12_m2_p50,0.02,mistral_7b,0.18015060284456505,32.800000000000004,0.7841410206711955,0.0023178372322365665,0.02544870064759038,0.01652425016191461
arena,arena_12_m2_p50,0.02,longer,0.07728561328114454,32.800000000000004,0.7841410206711955,-0.019080215822446425,0.0046837260856494875,-0.021439155338279114
arena,arena_12_m2_p50,0.05,qwen3_8b,0.23659513055990236,32.800000000000004,0.6909760897899874,0.018791837270365225,0.038678945333075934,0.029308808672603992
arena,arena_12_m2_p50,0.05,mistral_7b,0.18015060284456505,32.800000000000004,0.6909760897899874,0.0020424516321433934,0.02242510364864765,0.00044413603095183607
arena,arena_12_m2_p50,0.05,longer,0.07728561328114454,32.800000000000004,0.6909760897899874,-0.016813267733472338,0.00412724580272469,0.007106176495229377
arena,arena_12_m2_p50,0.1,qwen3_8b,0.23659513055990236,32.800000000000004,0.5429984091992244,0.014767425232963356,0.030395560853266935,0.021696694572779673
arena,arena_12_m2_p50,0.1,mistral_7b,0.18015060284456505,32.800000000000004,0.5429984091992244,0.001605045389424838,0.017622600531726595,-0.02386636403005782
arena,arena_12_m2_p50,0.1,longer,0.07728561328114454,32.800000000000004,0.5429984091992244,-0.013212581111874563,0.0032433653470336876,0.004172441263996185
arena,arena_13_m2_p25,0.02,qwen3_8b,0.2702039317750033,16.70886075949367,0.8525295013822173,0.014945888755829726,0.06224331934731265,0.016432472221719174
arena,arena_13_m2_p25,0.02,mistral_7b,0.26404371820956546,16.70886075949367,0.8525295013822173,0.011972226852163119,0.05943757687923552,0.02651603472141051
arena,arena_13_m2_p25,0.02,longer,0.213809769464062,16.70886075949367,0.8525295013822173,-0.009717060272004719,0.03897306007873405,-0.009448671527488628
arena,arena_13_m2_p25,0.05,qwen3_8b,0.2702039317750033,16.70886075949367,0.7737946486276875,0.013565570129239169,0.056494874776399584,-0.0033132533628030814
arena,arena_13_m2_p25,0.05,mistral_7b,0.26404371820956546,16.70886075949367,0.7737946486276875,0.010866538994064848,0.0539482549776647,-0.014366059502779027
arena,arena_13_m2_p25,0.05,longer,0.213809769464062,16.70886075949367,0.7737946486276875,-0.008819646976062745,0.035373726399702994,0.002484940022102422
arena,arena_13_m2_p25,0.1,qwen3_8b,0.2702039317750033,16.70886075949367,0.6490242875193037,0.01137819252632082,0.047385370156374895,-0.017867854453562648
arena,arena_13_m2_p25,0.1,mistral_7b,0.26404371820956546,16.70886075949367,0.6490242875193037,0.00911436611888106,0.04524937955035597,0.008254948757546066
arena,arena_13_m2_p25,0.1,longer,0.213809769464062,16.70886075949367,0.6490242875193037,-0.0073975247889897155,0.029669897064016133,-0.022930413215405565
arena,arena_13_m2_p50,0.02,qwen3_8b,0.2702039317750033,33.41772151898734,0.7059784384188175,0.03196013540357834,0.05154360209655513,-0.0014028479735570532
arena,arena_13_m2_p50,0.02,mistral_7b,0.26404371820956546,33.41772151898734,0.7059784384188175,0.02956717723219579,0.04922017084519436,0.02942241097680498
arena,arena_13_m2_p50,0.02,longer,0.213809769464062,33.41772151898734,0.7059784384188175,0.012113425414867889,0.03227353428846554,0.04176482942082427
arena,arena_13_m2_p50,0.05,qwen3_8b,0.2702039317750033,33.41772151898734,0.5699911131496718,0.025803894515391317,0.04161514507519572,0.001313481690742857
arena,arena_13_m2_p50,0.05,mistral_7b,0.26404371820956546,33.41772151898734,0.5699911131496718,0.02387187390739397,0.03973925893870693,-0.034277221216417963
arena,arena_13_m2_p50,0.05,longer,0.213809769464062,33.41772151898734,0.5699911131496718,0.00978010723916754,0.026056925726453246,-0.038255614145437544
arena,arena_13_m2_p50,0.1,qwen3_8b,0.2702039317750033,33.41772151898734,0.42163397399152247,0.019087663540686833,0.030783565903914494,0.00719230284787431
arena,arena_13_m2_p50,0.1,mistral_7b,0.26404371820956546,33.41772151898734,0.42163397399152247,0.017658508755655063,0.029395934924700124,0.01946881977786674
arena,arena_13_m2_p50,0.1,longer,0.213809769464062,33.41772151898734,0.42163397399152247,0.007234543462488441,0.0192748358537329,0.01574866313241441
arena,arena_14_m2_p25,0.02,qwen3_8b,0.2297248230464445,15.464743589743591,0.7899979406249662,-0.00669698194755204,0.041690951835322336,0.00730178515299007
arena,arena_14_m2_p25,0.02,mistral_7b,0.1321599422801525,15.464743589743591,0.7899979406249662,-0.03639326033557389,0.013798301801799766,-0.014162945339851074
arena,arena_14_m2_p25,0.02,longer,0.12697686320061757,15.464743589743591,0.7899979406249662,-0.03752293956277838,0.0127372345891734,-0.02391964101841504
arena,arena_14_m2_p25,0.05,qwen3_8b,0.2297248230464445,15.464743589743591,0.7260934350074503,-0.006155249749934945,0.03831848777085621,0.006681182378481476
arena,arena_14_m2_p25,0.05,mistral_7b,0.1321599422801525,15.464743589743591,0.7260934350074503,-0.03344933707962901,0.012682129708607062,0.014654609908356875
arena,arena_14_m2_p25,0.05,longer,0.12697686320061757,15.464743589743591,0.7260934350074503,-0.034487634305933886,0.0117068943344741,0.005371146617994982
arena,arena_14_m2_p25,0.1,qwen3_8b,0.2297248230464445,15.464743589743591,0.5588605999495841,-0.004737581146223798,0.029493026699190267,-0.018855558356440705
arena,arena_14_m2_p25,0.1,mistral_7b,0.1321599422801525,15.464743589743591,0.5588605999495841,-0.02574533205639785,0.00976119914583426,-0.07066115969569475
arena,arena_14_m2_p25,0.1,longer,0.12697686320061757,15.464743589743591,0.5588605999495841,-0.026544490102514574,0.009010578633373062,-0.029854634064364394
arena,arena_14_m2_p50,0.02,qwen3_8b,0.2297248230464445,30.929487179487182,0.6211591707086145,0.013757520239922178,0.03278073996951784,-0.006396702504047003
arena,arena_14_m2_p50,0.02,mistral_7b,0.1321599422801525,30.929487179487182,0.6211591707086145,-0.008882976134046342,0.010849321578753311,-0.00834746993435953
arena,arena_14_m2_p50,0.02,longer,0.12697686320061757,30.929487179487182,0.6211591707086145,-0.009744245620851367,0.010015026201553102,0.0
arena,arena_14_m2_p50,0.05,qwen3_8b,0.2297248230464445,30.929487179487182,0.5067162480078925,0.011222822372425658,0.026741187037981333,-0.014760833935791862
arena,arena_14_m2_p50,0.05,mistral_7b,0.1321599422801525,30.929487179487182,0.5067162480078925,-0.0072463686443729625,0.008850432840821456,-0.027285728740915838
arena,arena_14_m2_p50,0.05,longer,0.12697686320061757,30.929487179487182,0.5067162480078925,-0.007948957068495657,0.008169848792158136,-0.010550063126522069
arena,arena_14_m2_p50,0.1,qwen3_8b,0.2297248230464445,30.929487179487182,0.34130018560696984,0.007559164273499416,0.01801160340781409,0.032041914317705866
arena,arena_14_m2_p50,0.1,mistral_7b,0.1321599422801525,30.929487179487182,0.34130018560696984,-0.004880812433041414,0.005961234484092043,0.0006708282554198641
arena,arena_14_m2_p50,0.1,longer,0.12697686320061757,30.929487179487182,0.34130018560696984,-0.005354042885984477,0.005502825141500138,0.008217646128894307
arena,arena_15_m2_p25,0.02,qwen3_8b,0.27787951206442224,16.237942122186492,0.8218142869304739,0.016755322427316286,0.06345805288067985,0.04139110126150092
arena,arena_15_m2_p25,0.02,mistral_7b,0.1440900316937064,16.237942122186492,0.8218142869304739,-0.03249750755903364,0.017062456642838564,0.016242077710209246
arena,arena_15_m2_p25,0.02,longer,0.16334196021302386,16.237942122186492,0.8218142869304739,-0.02733392154742294,0.021926494948869904,0.004610654317737106
arena,arena_15_m2_p25,0.05,qwen3_8b,0.27787951206442224,16.237942122186492,0.7578145182123482,0.015450481689938613,0.058516181253167376,-0.010273067800192548
arena,arena_15_m2_p25,0.05,mistral_7b,0.1440900316937064,16.237942122186492,0.7578145182123482,-0.029966725360707554,0.01573369746175475,0.011174841772151778
arena,arena_15_m2_p25,0.05,longer,0.16334196021302386,16.237942122186492,0.7578145182123482,-0.025205259774300888,0.020218942977769234,0.016254315304948252
arena,arena_15_m2_p25,0.1,qwen3_8b,0.27787951206442224,16.237942122186492,0.6537659100148769,0.013329116794989267,0.05048185745743752,0.00018126099200155288
arena,arena_15_m2_p25,0.1,mistral_7b,0.1440900316937064,16.237942122186492,0.6537659100148769,-0.025852267282795948,0.013573446789126514,0.025078665874423534
arena,arena_15_m2_p25,0.1,longer,0.16334196021302386,16.237942122186492,0.6537659100148769,-0.021744555161570252,0.017442864101603617,0.02675504101619497
arena,arena_15_m2_p50,0.02,qwen3_8b,0.27787951206442224,32.475884244372985,0.6325680769701836,0.030870977404995757,0.04884502389090234,0.02068242854199931
arena,arena_15_m2_p50,0.02,mistral_7b,0.1440900316937064,32.475884244372985,0.6325680769701836,-0.005940344814679773,0.013133338709966521,-0.011347386470339949
arena,arena_15_m2_p50,0.02,longer,0.16334196021302386,32.475884244372985,0.6325680769701836,-0.002081106096110919,0.01687729328277849,0.003814247553055483
arena,arena_15_m2_p50,0.05,qwen3_8b,0.27787951206442224,32.475884244372985,0.5432614454529601,0.026512580097168222,0.04194903165087596,0.05704100277215818
arena,arena_15_m2_p50,0.05,mistral_7b,0.1440900316937064,32.475884244372985,0.5432614454529601,-0.005101680638025689,0.01127916003187121,0.014929122480671575
arena,arena_15_m2_p50,0.05,longer,0.16334196021302386,32.475884244372985,0.5432614454529601,-0.0017872933318566363,0.014494539130162193,0.016345629214030488
arena,arena_15_m2_p50,0.1,qwen3_8b,0.27787951206442224,32.475884244372985,0.3779198126440847,0.018443475764562945,0.02918184295018693,0.029491317305620157
arena,arena_15_m2_p50,0.1,mistral_7b,0.1440900316937064,32.475884244372985,0.3779198126440847,-0.0035489840242299447,0.00784634742941004,-0.00934583999121763
arena,arena_15_m2_p50,0.1,longer,0.16334196021302386,32.475884244372985,0.3779198126440847,-0.0012433305672043464,0.010083125828791322,-0.006823946660254432
arena,arena_1_m2_p25,0.02,qwen3_8b,0.17810969720984898,16.890243902439025,0.43645341348218125,-0.011175181591449878,0.013845639673742862,-0.00353643780007018
arena,arena_1_m2_p25,0.02,mistral_7b,0.07059545218338968,16.890243902439025,0.43645341348218125,-0.02353662035683583,0.0021751606757472665,0.04540468012022336
arena,arena_1_m2_p25,0.02,longer,0.18683846800233314,16.890243902439025,0.43645341348218125,-0.009702521529651575,0.015235983358535397,-0.006765359269699456
arena,arena_1_m2_p25,0.05,qwen3_8b,0.17810969720984898,16.890243902439025,0.3462219207052466,-0.008864847232955945,0.010983220231892457,0.04572257587964812
arena,arena_1_m2_p25,0.05,mistral_7b,0.07059545218338968,16.890243902439025,0.3462219207052466,-0.018670707239609195,0.001725472372850365,0.034122794051693384
arena,arena_1_m2_p25,0.05,longer,0.18683846800233314,16.890243902439025,0.3462219207052466,-0.00769664192308378,0.01208612708545275,0.04809911654683907
arena,arena_1_m2_p50,0.02,qwen3_8b,0.17810969720984898,33.78048780487805,0.2234158608065382,0.0006834895463907534,0.007087435704641837,0.011464477438998033
arena,arena_1_m2_p50,0.02,mistral_7b,0.07059545218338968,33.78048780487805,0.2234158608065382,-0.005467352018922178,0.0011134416177144804,0.0041689008869084665
arena,arena_1_m2_p50,0.02,longer,0.18683846800233314,33.78048780487805,0.2234158608065382,0.0014162601317250004,0.00779913785098681,0.03324248531578
arena,arena_1_m2_p50,0.05,qwen3_8b,0.17810969720984898,33.78048780487805,0.18604335675719674,0.0005691569482128202,0.005901865357868038,0.025615215562851068
arena,arena_1_m2_p50,0.05,mistral_7b,0.07059545218338968,33.78048780487805,0.18604335675719674,-0.0045527856370694685,0.0009271876014753524,0.008662150190336115
arena,arena_1_m2_p50,0.05,longer,0.18683846800233314,33.78048780487805,0.18604335675719674,0.0011793513137174632,0.006494515565598704,0.028461350625390014
arena,arena_2_m2_p25,0.02,qwen3_8b,0.34631877333095723,18.562401263823062,0.49207639171068673,0.03568814671390429,0.05901801500777195,0.03329176533228706
arena,arena_2_m2_p25,0.02,mistral_7b,0.3536501804433491,18.562401263823062,0.49207639171068673,0.03834940269267868,0.06154323165564397,0.03329176533228706
arena,arena_2_m2_p25,0.02,longer,0.22927645445319506,18.562401263823062,0.49207639171068673,0.000751546683864676,0.02586732047874301,0.013409183258837776
arena,arena_2_m2_p25,0.05,qwen3_8b,0.34631877333095723,18.562401263823062,0.4455266050799406,0.032312094452986745,0.05343498755052868,0.017511165234449066
arena,arena_2_m2_p25,0.05,mistral_7b,0.3536501804433491,18.562401263823062,0.4455266050799406,0.034721599077563725,0.05572132198796546,0.012972124878185998
arena,arena_2_m2_p25,0.05,longer,0.22927645445319506,18.562401263823062,0.4455266050799406,0.0006804513450793227,0.023420305606095815,0.009355653700025113
arena,arena_2_m2_p50,0.02,qwen3_8b,0.34631877333095723,37.124802527646125,0.28235769418869205,0.027171607802834896,0.033865048016743136,0.0016257699150170613
arena,arena_2_m2_p50,0.02,mistral_7b,0.3536501804433491,37.124802527646125,0.28235769418869205,0.028659629252859736,0.03531403919378635,0.024570325908330082
arena,arena_2_m2_p50,0.02,longer,0.22927645445319506,37.124802527646125,0.28235769418869205,0.007637068228186822,0.014842892461933137,0.0011342580802444768
arena,arena_2_m2_p50,0.05,qwen3_8b,0.34631877333095723,37.124802527646125,0.21867369860337926,0.021043223179445774,0.02622700020440537,0.016451131678376973
arena,arena_2_m2_p50,0.05,mistral_7b,0.3536501804433491,37.124802527646125,0.21867369860337926,0.022195630784321047,0.0273491805679975,0.020164729628544542
arena,arena_2_m2_p50,0.05,longer,0.22927645445319506,37.124802527646125,0.21867369860337926,0.005914575697122442,0.011495171760589918,-0.005785721261841736
arena,arena_3_m2_p25,0.02,qwen3_8b,0.1145521373139209,18.515497553017944,0.2789154888952986,-0.011206239853719088,0.003659982642573466,0.0
arena,arena_3_m2_p25,0.02,mistral_7b,0.10269694492093555,18.515497553017944,0.2789154888952986,-0.011963392475378982,0.002941627526311676,0.0
arena,arena_3_m2_p25,0.02,longer,0.11489566122312136,18.515497553017944,0.2789154888952986,-0.011183068162206199,0.0036819669858545244,0.0
arena,arena_3_m2_p25,0.05,qwen3_8b,0.1145521373139209,18.515497553017944,0.2789154888952986,-0.011206239853719088,0.003659982642573466,0.0
arena,arena_3_m2_p25,0.05,mistral_7b,0.10269694492093555,18.515497553017944,0.2789154888952986,-0.011963392475378982,0.002941627526311676,0.0
arena,arena_3_m2_p25,0.05,longer,0.11489566122312136,18.515497553017944,0.2789154888952986,-0.011183068162206199,0.0036819669858545244,0.0
arena,arena_3_m2_p50,0.02,qwen3_8b,0.1145521373139209,37.03099510603589,0.16149589132986752,-0.0021846931831309728,0.0021191801195957496,0.0
arena,arena_3_m2_p50,0.02,mistral_7b,0.10269694492093555,37.03099510603589,0.16149589132986752,-0.0026118627860877114,0.0017032426603619327,0.0
arena,arena_3_m2_p50,0.02,longer,0.11489566122312136,37.03099510603589,0.16149589132986752,-0.002171620201567893,0.002131909355707872,0.0
arena,arena_3_m2_p50,0.05,qwen3_8b,0.1145521373139209,37.03099510603589,0.16149589132986752,-0.0021846931831309728,0.0021191801195957496,0.0
arena,arena_3_m2_p50,0.05,mistral_7b,0.10269694492093555,37.03099510603589,0.16149589132986752,-0.0026118627860877114,0.0017032426603619327,0.0
arena,arena_3_m2_p50,0.05,longer,0.11489566122312136,37.03099510603589,0.16149589132986752,-0.002171620201567893,0.002131909355707872,0.0
arena,arena_4_m2_p25,0.02,qwen3_8b,0.26391505480543137,14.946070878274268,0.7643824857647752,0.005659567911076598,0.05324012387658538,-0.037650556786625655
arena,arena_4_m2_p25,0.02,mistral_7b,0.23491107780686635,14.946070878274268,0.7643824857647752,-0.006139402976868314,0.042181082653948834,-0.017188297663459418
arena,arena_4_m2_p25,0.02,longer,0.13777960182221763,14.946070878274268,0.7643824857647752,-0.03566141143624315,0.014510439881126729,-0.00976125546319917
arena,arena_4_m2_p25,0.05,qwen3_8b,0.26391505480543137,14.946070878274268,0.6773674458176464,0.0050152994498845575,0.0471794257415724,0.04470651590299679
arena,arena_4_m2_p25,0.05,mistral_7b,0.23491107780686635,14.946070878274268,0.6773674458176464,-0.005440511511885017,0.03737931304187534,-0.05405424195544151
arena,arena_4_m2_p25,0.05,longer,0.13777960182221763,14.946070878274268,0.6773674458176464,-0.03160182190026494,0.012858614349510345,-0.0132331287072871
arena,arena_4_m2_p50,0.02,qwen3_8b,0.26391505480543137,29.892141756548536,0.5832505177310876,0.022471260376265952,0.04062407288677916,0.0548746866364469
arena,arena_4_m2_p50,0.02,mistral_7b,0.23491107780686635,29.892141756548536,0.5832505177310876,0.01375052982180976,0.032185638413416394,0.05377228502977871
arena,arena_4_m2_p50,0.02,longer,0.13777960182221763,29.892141756548536,0.5832505177310876,-0.008069464790061555,0.011071972122314415,0.04359627019899237
arena,arena_4_m2_p50,0.05,qwen3_8b,0.26391505480543137,29.892141756548536,0.4636797420462081,0.017864481724342258,0.0322958301182218,-0.003955768205634813
arena,arena_4_m2_p50,0.05,mistral_7b,0.23491107780686635,29.892141756548536,0.4636797420462081,0.010931567014424966,0.02558733865369013,0.012508780542142883
arena,arena_4_m2_p50,0.05,longer,0.13777960182221763,29.892141756548536,0.4636797420462081,-0.006415163362155501,0.008802133939955726,0.004746921846761953
arena,arena_5_m2_p25,0.02,qwen3_8b,0.30081294156728394,18.775303643724698,0.27884615384615374,0.01172450914538111,0.02523234950592791,0.0
arena,arena_5_m2_p25,0.02,mistral_7b,0.18301931842941585,18.775303643724698,0.27884615384615374,-0.005014026138042138,0.009340250544544897,0.0
arena,arena_5_m2_p25,0.02,longer,0.12961922106696736,18.775303643724698,0.27884615384615374,-0.009917291661937012,0.004684933957982819,0.0
arena,arena_5_m2_p25,0.05,qwen3_8b,0.30081294156728394,18.775303643724698,0.27884615384615374,0.01172450914538111,0.02523234950592791,0.0
arena,arena_5_m2_p25,0.05,mistral_7b,0.18301931842941585,18.775303643724698,0.27884615384615374,-0.005014026138042138,0.009340250544544897,0.0
arena,arena_5_m2_p25,0.05,longer,0.12961922106696736,18.775303643724698,0.27884615384615374,-0.009917291661937012,0.004684933957982819,0.0
arena,arena_5_m2_p50,0.02,qwen3_8b,0.30081294156728394,37.550607287449395,0.16229196917234445,0.01075467830955644,0.014685544812718446,0.0
arena,arena_5_m2_p50,0.02,mistral_7b,0.18301931842941585,37.550607287449395,0.16229196917234445,0.0012589585122987962,0.00543614330887843,0.0
arena,arena_5_m2_p50,0.02,longer,0.12961922106696736,37.550607287449395,0.16229196917234445,-0.0015226490010282173,0.0027266904958026007,0.0
arena,arena_5_m2_p50,0.05,qwen3_8b,0.30081294156728394,37.550607287449395,0.16229196917234445,0.01075467830955644,0.014685544812718446,0.0
arena,arena_5_m2_p50,0.05,mistral_7b,0.18301931842941585,37.550607287449395,0.16229196917234445,0.0012589585122987962,0.00543614330887843,0.0
arena,arena_5_m2_p50,0.05,longer,0.12961922106696736,37.550607287449395,0.16229196917234445,-0.0015226490010282173,0.0027266904958026007,0.0
