lp,pair,eps,mode,gap,null_med,p
ende,01,0.01,pilot,0.0,0.0,1.0
ende,01,0.01,refit,0.0,0.0,1.0
ende,01,0.01,xfit,0.0,0.0,1.0
ende,01,0.02,pilot,0.0,0.0,1.0
ende,01,0.02,refit,0.0,0.0,1.0
ende,01,0.02,xfit,0.0,0.0,1.0
ende,02,0.01,pilot,0.000749163668259089,0.011170299910142368,1.0
ende,02,0.01,refit,0.0,4.154952499160268e-05,1.0
ende,02,0.01,xfit,0.00042863735240809586,0.0075861743641029876,0.995
ende,02,0.02,pilot,0.0,0.0,1.0
ende,02,0.02,refit,0.0,0.0,1.0
ende,02,0.02,xfit,0.0,0.0,1.0
ende,03,0.01,pilot,0.0,0.0,1.0
ende,03,0.01,refit,0.0,0.0,1.0
ende,03,0.01,xfit,0.0,0.0,1.0
ende,03,0.02,pilot,0.0,0.0,1.0
ende,03,0.02,refit,0.0,0.0,1.0
ende,03,0.02,xfit,0.0,0.0,1.0
ende,04,0.01,pilot,0.0,0.0,1.0
ende,04,0.01,refit,0.0,0.0,1.0
ende,04,0.01,xfit,0.0,0.0,1.0
ende,04,0.02,pilot,0.0,0.0,1.0
ende,04,0.02,refit,0.0,0.0,1.0
ende,04,0.02,xfit,0.0,0.0,1.0
ende,05,0.01,pilot,0.0,0.0,1.0
ende,05,0.01,refit,0.0,0.0,1.0
ende,05,0.01,xfit,0.0,0.0,1.0
ende,05,0.02,pilot,0.0,0.0,1.0
ende,05,0.02,refit,0.0,0.0,1.0
ende,05,0.02,xfit,0.0,0.0,1.0
ende,12,0.01,pilot,0.07146771291668876,0.1265134547888465,0.905
ende,12,0.01,refit,0.03656039932352504,0.080453118579151,0.935
ende,12,0.01,xfit,0.06982902993862031,0.09559564529817284,0.75
ende,12,0.02,pilot,0.0,0.0,1.0
ende,12,0.02,refit,0.0,0.0,1.0
ende,12,0.02,xfit,0.0,0.0,1.0
ende,13,0.01,pilot,0.10140504295786558,0.08785312442401369,0.365
ende,13,0.01,refit,0.03958982434465315,0.08971375297983801,0.995
ende,13,0.01,xfit,0.08313229458584406,0.08512245369703472,0.53
ende,13,0.02,pilot,0.0,0.0,1.0
ende,13,0.02,refit,0.0,0.0,1.0
ende,13,0.02,xfit,0.0,0.0,1.0
ende,14,0.01,pilot,0.09343083192848602,0.08836178733086526,0.46
ende,14,0.01,refit,0.019145598659999142,0.10466060989806011,0.995
ende,14,0.01,xfit,0.09151470687447888,0.09462251978978027,0.525
ende,14,0.02,pilot,0.0,0.0,1.0
ende,14,0.02,refit,0.0,0.0,1.0
ende,14,0.02,xfit,0.0,0.0,1.0
ende,15,0.01,pilot,0.0,0.0,1.0
ende,15,0.01,refit,0.0,0.0,1.0
ende,15,0.01,xfit,0.0,0.0,1.0
ende,15,0.02,pilot,0.0,0.0,1.0
ende,15,0.02,refit,0.0,0.0,1.0
ende,15,0.02,xfit,0.0,0.0,1.0
ende,23,0.01,pilot,0.011768943389219626,0.19566359229122998,0.96
ende,23,0.01,refit,0.0,0.0,1.0
ende,23,0.01,xfit,0.004967703777210897,0.1639342246479596,0.965
ende,23,0.02,pilot,0.0,0.0,1.0
ende,23,0.02,refit,0.0,0.0,1.0
ende,23,0.02,xfit,0.0,0.0,1.0
ende,24,0.01,pilot,0.07447115033489388,0.1528928566722667,1.0
ende,24,0.01,refit,0.0073866555222536845,0.1274319993341342,0.995
ende,24,0.01,xfit,0.07802718096352264,0.13778524797411662,0.975
ende,24,0.02,pilot,0.0,0.0,1.0
ende,24,0.02,refit,0.0,0.0,1.0
ende,24,0.02,xfit,0.0,0.0,1.0
ende,25,0.01,pilot,0.0,0.0,1.0
ende,25,0.01,refit,0.0,0.0,1.0
ende,25,0.01,xfit,0.0,0.0,1.0
ende,25,0.02,pilot,0.0,0.0,1.0
ende,25,0.02,refit,0.0,0.0,1.0
ende,25,0.02,xfit,0.0,0.0,1.0
ende,34,0.01,pilot,0.2416476021213663,0.20237431519881827,0.25
ende,34,0.01,refit,0.20323087238519094,0.1946262200339211,0.465
ende,34,0.01,xfit,0.23094252912255828,0.20338140094280466,0.35
ende,34,0.02,pilot,0.0,0.0,1.0
ende,34,0.02,refit,0.0,0.0,1.0
ende,34,0.02,xfit,0.0,0.0,1.0
ende,35,0.01,pilot,0.08023276337541138,0.13495865927341633,0.86
ende,35,0.01,refit,0.08881075635159448,0.08430146132585156,0.43
ende,35,0.01,xfit,0.07679715341960347,0.10950000467253951,0.865
ende,35,0.02,pilot,0.0,0.0,1.0
ende,35,0.02,refit,0.0,0.0,1.0
ende,35,0.02,xfit,0.0,0.0,1.0
ende,45,0.01,pilot,0.10373559438994584,0.23278847946990242,0.99
ende,45,0.01,refit,0.041923096232728975,0.2158524048179129,0.995
ende,45,0.01,xfit,0.10583222403352355,0.20152094613405155,0.995
ende,45,0.02,pilot,0.0,0.0,1.0
ende,45,0.02,refit,0.0,0.0,1.0
ende,45,0.02,xfit,0.0,0.0,1.0
zhen,01,0.01,pilot,0.04242579883256361,0.04751277163838294,0.62
zhen,01,0.01,refit,0.045430860169013265,0.0412647329612365,0.425
zhen,01,0.01,xfit,0.03421237925414437,0.042636985812356754,0.68
zhen,01,0.02,pilot,0.04505079723027669,0.04820629060756838,0.545
zhen,01,0.02,refit,0.06438972876987445,0.05226919424868581,0.41
zhen,01,0.02,xfit,0.030576115382682238,0.0488612986041788,0.81
zhen,02,0.01,pilot,0.06761662231936359,0.04278017928791433,0.135
zhen,02,0.01,refit,0.03967641685165283,0.036651367231798085,0.435
zhen,02,0.01,xfit,0.03147001868953772,0.0381728367124102,0.66
zhen,02,0.02,pilot,0.03423887302597195,0.05743772794312806,0.91
zhen,02,0.02,refit,0.05333837041363174,0.044223404607497185,0.255
zhen,02,0.02,xfit,0.03318515780852129,0.04190606316688956,0.785
zhen,03,0.01,pilot,0.04722182636525009,0.05418970486663047,0.67
zhen,03,0.01,refit,0.04624368800775124,0.04529546833144839,0.465
zhen,03,0.01,xfit,0.043326383241641585,0.04816375539806063,0.6
zhen,03,0.02,pilot,0.040927610798174224,0.03933128442143052,0.445
zhen,03,0.02,refit,0.03672532794251486,0.0366286032219862,0.5
zhen,03,0.02,xfit,0.03468303778770125,0.03952526080222338,0.625
zhen,04,0.01,pilot,0.08629580565309551,0.0423846090526761,0.02
zhen,04,0.01,refit,0.0613293818968185,0.03864772678079045,0.12
zhen,04,0.01,xfit,0.054122203208493994,0.03984182107621943,0.23
zhen,04,0.02,pilot,0.06614902308271768,0.1651524128098909,0.965
zhen,04,0.02,refit,0.02526717554832443,0.07080047281194018,0.99
zhen,04,0.02,xfit,0.03314209912117375,0.08531020129119322,1.0
zhen,05,0.01,pilot,0.09238922060605559,0.06181058206542064,0.24
zhen,05,0.01,refit,0.07983056399760895,0.06286544140534357,0.325
zhen,05,0.01,xfit,0.08942012629839725,0.06207270065324286,0.275
zhen,05,0.02,pilot,0.15593243769709925,0.13601726917540924,0.395
zhen,05,0.02,refit,0.12421521317087829,0.13446602144188724,0.57
zhen,05,0.02,xfit,0.15842129576167388,0.1356188794242894,0.4
zhen,12,0.01,pilot,0.054220015485695716,0.059881552686566517,0.57
zhen,12,0.01,refit,0.03599215139313835,0.05076629063691094,0.79
zhen,12,0.01,xfit,0.05463790799856131,0.054747133655526,0.505
zhen,12,0.02,pilot,0.07632170403498399,0.06448178319029393,0.27
zhen,12,0.02,refit,0.08223557461932875,0.05518903621740161,0.16
zhen,12,0.02,xfit,0.07687114663084874,0.06318351339954936,0.265
zhen,13,0.01,pilot,0.04975642944395206,0.04394678078010866,0.345
zhen,13,0.01,refit,0.07533112603795845,0.038540081067215085,0.11
zhen,13,0.01,xfit,0.049020344211538024,0.03950452304481931,0.285
zhen,13,0.02,pilot,0.064519451841974,0.04588674969835076,0.175
zhen,13,0.02,refit,0.06036094088580064,0.04069741267759069,0.245
zhen,13,0.02,xfit,0.04939635874794915,0.04343427441727303,0.4
zhen,14,0.01,pilot,0.040211909597241906,0.035141201600696226,0.405
zhen,14,0.01,refit,0.042258548655090086,0.034022358760961234,0.33
zhen,14,0.01,xfit,0.030804782108578704,0.032306073146482595,0.58
zhen,14,0.02,pilot,0.04227098621498918,0.05025364951351654,0.735
zhen,14,0.02,refit,0.053535033833060464,0.05037892419612607,0.445
zhen,14,0.02,xfit,0.03670630894900059,0.04819407053535664,0.72
zhen,15,0.01,pilot,0.047425986702843405,0.06646465827098239,0.75
zhen,15,0.01,refit,0.058549637927091544,0.056387960407391996,0.475
zhen,15,0.01,xfit,0.0399737064278356,0.05940165916968915,0.77
zhen,15,0.02,pilot,0.033173812190460915,0.04160623465083224,0.765
zhen,15,0.02,refit,0.0424587555260997,0.03893126461510696,0.42
zhen,15,0.02,xfit,0.04238784589566856,0.04169428966313961,0.485
zhen,23,0.01,pilot,0.04980375861590273,0.06175701241987522,0.745
zhen,23,0.01,refit,0.04607827145826092,0.057675371566976164,0.675
zhen,23,0.01,xfit,0.05087479875550607,0.05617359649925574,0.585
zhen,23,0.02,pilot,0.03749745350000107,0.04082476342675895,0.6
zhen,23,0.02,refit,0.038333683576333356,0.039258210570424036,0.53
zhen,23,0.02,xfit,0.045471765237495895,0.03795924065708336,0.335
zhen,24,0.01,pilot,0.10449329244393055,0.08653893043988017,0.35
zhen,24,0.01,refit,0.09511070416157717,0.07662941646551018,0.365
zhen,24,0.01,xfit,0.10682299415817681,0.08417917599171285,0.37
zhen,24,0.02,pilot,0.04666794611057234,0.03974108113681943,0.34
zhen,24,0.02,refit,0.03574898743288782,0.04033556639779393,0.6
zhen,24,0.02,xfit,0.03610656842378854,0.04034405360013013,0.595
zhen,25,0.01,pilot,0.056432339006949356,0.03575474962242912,0.14
zhen,25,0.01,refit,0.05060725637265396,0.030224055994310904,0.08
zhen,25,0.01,xfit,0.04040673915598184,0.03334553258401923,0.315
zhen,25,0.02,pilot,0.030868205864834113,0.03581990055246024,0.66
zhen,25,0.02,refit,0.03002303879582107,0.0351139388559764,0.67
zhen,25,0.02,xfit,0.03369037662558641,0.035621980389825975,0.59
zhen,34,0.01,pilot,0.08843740410206397,0.04825438423477489,0.045
zhen,34,0.01,refit,0.046754271192870414,0.04384475838357406,0.44
zhen,34,0.01,xfit,0.058095375424266515,0.04161294106150644,0.225
zhen,34,0.02,pilot,0.057013070110668966,0.040981035513186936,0.11
zhen,34,0.02,refit,0.049862259335143246,0.03825100794156168,0.21
zhen,34,0.02,xfit,0.05662783072240353,0.04075039526765181,0.15
zhen,35,0.01,pilot,0.050865090998280314,0.04727409760230969,0.365
zhen,35,0.01,refit,0.06624463721831667,0.042314816908292655,0.135
zhen,35,0.01,xfit,0.06643665582617607,0.043409892543375045,0.155
zhen,35,0.02,pilot,0.025827805474439473,0.03546313579743923,0.7
zhen,35,0.02,refit,0.03388685955153879,0.03480951214286876,0.505
zhen,35,0.02,xfit,0.024372149341071098,0.0326334505415083,0.715
zhen,45,0.01,pilot,0.03542411942179602,0.05038641764957963,0.835
zhen,45,0.01,refit,0.04639488286853162,0.04409512745998853,0.47
zhen,45,0.01,xfit,0.029146165834945156,0.045604012698380186,0.875
zhen,45,0.02,pilot,0.0416427874235855,0.0413590118393973,0.485
zhen,45,0.02,refit,0.043002979993009484,0.03865855590685961,0.44
zhen,45,0.02,xfit,0.03770644792524,0.0394857593777375,0.55
chat,10,0.05,pilot,0.026840807986047002,0.0242724335350056,0.4
chat,10,0.05,refit,0.010883127811435786,0.016044483731407412,0.75
chat,10,0.05,xfit,0.0026711628290984404,0.01924933566643816,0.98
chat,10,0.1,pilot,0.005773733490018751,0.013141132201796302,0.86
chat,10,0.1,refit,0.011375656198711982,0.014058872406617923,0.6
chat,10,0.1,xfit,0.014631359662794573,0.015301814451803217,0.515
chat,11,0.05,pilot,0.00774502976089327,0.005770651778113792,0.305
chat,11,0.05,refit,0.014508212378515333,0.0058760305393724495,0.145
chat,11,0.05,xfit,0.00824113273719107,0.0056044736035753915,0.24
chat,11,0.1,pilot,0.001592898015026452,0.005526972412199424,0.935
chat,11,0.1,refit,0.002540237651163587,0.005722088377810168,0.845
chat,11,0.1,xfit,0.004534815055189527,0.005697291687003355,0.665
chat,12,0.05,pilot,0.01702243493967559,0.010815178814963411,0.27
chat,12,0.05,refit,0.011474304604487801,0.011569296259506664,0.51
chat,12,0.05,xfit,0.015401941124812302,0.010217302707603886,0.275
chat,12,0.1,pilot,0.021029103970541696,0.025731089797810396,0.645
chat,12,0.1,refit,0.04106693704684564,0.021992898703179126,0.14
chat,12,0.1,xfit,0.017230474403412115,0.018999446988901325,0.59
chat,13,0.05,pilot,0.025053266247781147,0.018236551328770056,0.27
chat,13,0.05,refit,0.024585639028559557,0.018574122880303835,0.29
chat,13,0.05,xfit,0.015372433601100707,0.018208021449281554,0.59
chat,13,0.1,pilot,0.00533222452514818,0.00810972783756031,0.685
chat,13,0.1,refit,0.01518155500398381,0.010972846726626368,0.285
chat,13,0.1,xfit,0.008732854488707162,0.008808187760998787,0.505
chat,14,0.05,pilot,0.006982145474554519,0.008736415820792839,0.58
chat,14,0.05,refit,0.008128263615320003,0.008550281972529977,0.53
chat,14,0.05,xfit,0.008498351849477078,0.008594250144053647,0.505
chat,14,0.1,pilot,0.018398451417032446,0.009275686756662033,0.1
chat,14,0.1,refit,0.014030394884600304,0.008051249052654159,0.19
chat,14,0.1,xfit,0.020649469759786133,0.009893325021152755,0.095
chat,15,0.05,pilot,0.027602417949871023,0.012527506512226746,0.155
chat,15,0.05,refit,0.012209075032070991,0.012526087329768362,0.54
chat,15,0.05,xfit,0.030848460298961822,0.01693858437556941,0.22
chat,15,0.1,pilot,0.025050807087570792,0.015066181362710724,0.285
chat,15,0.1,refit,0.03169224767482903,0.019709928047622765,0.245
chat,15,0.1,xfit,0.022360787534542882,0.017057412326557848,0.385
