mode,budget,cover,lp,pair
cvl,10,0.9097741935483871,ende,01
cvl,14,0.9042862903225807,ende,01
cvl,21,0.9017943548387096,ende,01
cvl,30,0.8958508064516129,ende,01
cvl,44,0.8962137096774193,ende,01
cvl,64,0.8984354838709677,ende,01
cvl,93,0.9081653225806452,ende,01
cvl,135,0.8942379032258064,ende,01
cvl,196,0.8993346774193548,ende,01
cvl,285,0.9055967741935483,ende,01
cvl,413,0.9029556451612903,ende,01
cvl,600,0.898383064516129,ende,01
cvl,871,0.9015685483870968,ende,01
cvl,1265,0.8498548387096774,ende,01
cvo,10,0.9149112903225807,ende,01
cvo,14,0.9076935483870968,ende,01
cvo,21,0.9037741935483871,ende,01
cvo,30,0.8964193548387097,ende,01
cvo,44,0.8958709677419355,ende,01
cvo,64,0.897241935483871,ende,01
cvo,93,0.9058467741935484,ende,01
cvo,135,0.8932983870967742,ende,01
cvo,196,0.9024354838709677,ende,01
cvo,285,0.9054193548387097,ende,01
cvo,413,0.9039758064516129,ende,01
cvo,600,0.9007822580645162,ende,01
cvo,871,0.9011774193548387,ende,01
cvo,1265,0.8839193548387096,ende,01
cvq,10,0.9081021505376344,ende,01
cvq,14,0.9024784946236559,ende,01
cvq,21,0.8988655913978495,ende,01
cvq,30,0.8946827956989247,ende,01
cvq,44,0.8942311827956989,ende,01
cvq,64,0.8965913978494624,ende,01
cvq,93,0.9073333333333333,ende,01
cvq,135,0.8938978494623656,ende,01
cvq,196,0.9002258064516129,ende,01
cvq,285,0.9051236559139785,ende,01
cvq,413,0.9018548387096774,ende,01
cvq,600,0.8976075268817204,ende,01
cvq,871,0.902241935483871,ende,01
cvq,1265,0.8452258064516129,ende,01
cvr,10,0.8885752688172043,ende,01
cvr,14,0.886,ende,01
cvr,21,0.8893817204301075,ende,01
cvr,30,0.8889569892473118,ende,01
cvr,44,0.890736559139785,ende,01
cvr,64,0.8953333333333333,ende,01
cvr,93,0.9058010752688173,ende,01
cvr,135,0.8935967741935484,ende,01
cvr,196,0.9003172043010753,ende,01
cvr,285,0.9053387096774194,ende,01
cvr,413,0.9018763440860215,ende,01
cvr,600,0.8975913978494624,ende,01
cvr,871,0.9021989247311828,ende,01
cvr,1265,0.8452258064516129,ende,01
cvu,10,0.9091451612903226,ende,01
cvu,14,0.9036505376344086,ende,01
cvu,21,0.9001290322580645,ende,01
cvu,30,0.8958602150537635,ende,01
cvu,44,0.895752688172043,ende,01
cvu,64,0.8975698924731182,ende,01
cvu,93,0.908768817204301,ende,01
cvu,135,0.8948064516129032,ende,01
cvu,196,0.9009193548387097,ende,01
cvu,285,0.9050376344086022,ende,01
cvu,413,0.9025860215053764,ende,01
cvu,600,0.897483870967742,ende,01
cvu,871,0.9026451612903226,ende,01
cvu,1265,0.8457096774193549,ende,01
cvx,10,0.9042849462365592,ende,01
cvx,14,0.8984569892473119,ende,01
cvx,21,0.8963118279569893,ende,01
cvx,30,0.8951129032258065,ende,01
cvx,44,0.8951774193548387,ende,01
cvx,64,0.8982311827956989,ende,01
cvx,93,0.9077634408602151,ende,01
cvx,135,0.8945913978494624,ende,01
cvx,196,0.9013172043010753,ende,01
cvx,285,0.9052258064516129,ende,01
cvx,413,0.9025430107526882,ende,01
cvx,600,0.8975,ende,01
cvx,871,0.9026129032258065,ende,01
cvx,1265,0.8457096774193549,ende,01
human,10,0.919,ende,01
human,14,0.9136666666666666,ende,01
human,21,0.9083333333333333,ende,01
human,30,0.8985,ende,01
human,44,0.8995,ende,01
human,64,0.8985,ende,01
human,93,0.914,ende,01
human,135,0.896,ende,01
human,196,0.9033333333333333,ende,01
human,285,0.9083333333333333,ende,01
human,413,0.9031666666666667,ende,01
human,600,0.897,ende,01
human,871,0.904,ende,01
human,1265,1.0,ende,01
cvl,10,0.9210443548387097,ende,02
cvl,14,0.9096209677419355,ende,02
cvl,21,0.9101612903225806,ende,02
cvl,30,0.9024112903225806,ende,02
cvl,44,0.8948911290322581,ende,02
cvl,64,0.9041733870967742,ende,02
cvl,93,0.9144717741935484,ende,02
cvl,135,0.9063790322580645,ende,02
cvl,196,0.9038225806451613,ende,02
cvl,285,0.901758064516129,ende,02
cvl,413,0.910241935483871,ende,02
cvl,600,0.8975564516129032,ende,02
cvl,871,0.9032258064516129,ende,02
cvl,1265,0.8745080645161291,ende,02
cvo,10,0.9236774193548387,ende,02
cvo,14,0.9091370967741935,ende,02
cvo,21,0.9135322580645161,ende,02
cvo,30,0.9055806451612903,ende,02
cvo,44,0.8961935483870968,ende,02
cvo,64,0.9042338709677419,ende,02
cvo,93,0.9142983870967742,ende,02
cvo,135,0.9043467741935484,ende,02
cvo,196,0.904258064516129,ende,02
cvo,285,0.9021854838709678,ende,02
cvo,413,0.9103145161290322,ende,02
cvo,600,0.8940403225806451,ende,02
cvo,871,0.9065806451612903,ende,02
cvo,1265,0.9053709677419355,ende,02
cvq,10,0.9200752688172043,ende,02
cvq,14,0.9073387096774194,ende,02
cvq,21,0.9091290322580645,ende,02
cvq,30,0.8997795698924731,ende,02
cvq,44,0.8918010752688172,ende,02
cvq,64,0.9018225806451613,ende,02
cvq,93,0.9140806451612903,ende,02
cvq,135,0.9049086021505376,ende,02
cvq,196,0.9032150537634409,ende,02
cvq,285,0.9004408602150538,ende,02
cvq,413,0.911010752688172,ende,02
cvq,600,0.8951290322580645,ende,02
cvq,871,0.9044301075268817,ende,02
cvq,1265,0.8738279569892473,ende,02
cvr,10,0.8986989247311828,ende,02
cvr,14,0.8931182795698924,ende,02
cvr,21,0.9011397849462366,ende,02
cvr,30,0.8945752688172043,ende,02
cvr,44,0.8896774193548387,ende,02
cvr,64,0.9000752688172043,ende,02
cvr,93,0.9128709677419354,ende,02
cvr,135,0.9044193548387097,ende,02
cvr,196,0.9026989247311829,ende,02
cvr,285,0.9000752688172043,ende,02
cvr,413,0.9110806451612903,ende,02
cvr,600,0.8950215053763441,ende,02
cvr,871,0.9044408602150538,ende,02
cvr,1265,0.8738279569892473,ende,02
cvu,10,0.9208602150537635,ende,02
cvu,14,0.9084731182795699,ende,02
cvu,21,0.9096989247311827,ende,02
cvu,30,0.9007258064516129,ende,02
cvu,44,0.8936720430107526,ende,02
cvu,64,0.9023333333333333,ende,02
cvu,93,0.9147311827956989,ende,02
cvu,135,0.905258064516129,ende,02
cvu,196,0.9037903225806452,ende,02
cvu,285,0.9011236559139785,ende,02
cvu,413,0.9112096774193549,ende,02
cvu,600,0.8955,ende,02
cvu,871,0.9045591397849463,ende,02
cvu,1265,0.8741827956989248,ende,02
cvx,10,0.9133709677419355,ende,02
cvx,14,0.9044193548387097,ende,02
cvx,21,0.9089193548387097,ende,02
cvx,30,0.9001236559139785,ende,02
cvx,44,0.8950376344086022,ende,02
cvx,64,0.9025645161290322,ende,02
cvx,93,0.9140430107526881,ende,02
cvx,135,0.9049462365591397,ende,02
cvx,196,0.9031720430107527,ende,02
cvx,285,0.9008709677419355,ende,02
cvx,413,0.9109569892473118,ende,02
cvx,600,0.8953709677419355,ende,02
cvx,871,0.9045698924731183,ende,02
cvx,1265,0.8741827956989248,ende,02
human,10,0.9241666666666667,ende,02
human,14,0.9106666666666666,ende,02
human,21,0.9151666666666667,ende,02
human,30,0.905,ende,02
human,44,0.8965,ende,02
human,64,0.9058333333333334,ende,02
human,93,0.9156666666666666,ende,02
human,135,0.9055,ende,02
human,196,0.906,ende,02
human,285,0.9003333333333333,ende,02
human,413,0.9113333333333333,ende,02
human,600,0.8961666666666667,ende,02
human,871,0.907,ende,02
human,1265,1.0,ende,02
cvl,10,0.9400927419354839,ende,03
cvl,14,0.9302903225806451,ende,03
cvl,21,0.9096733870967741,ende,03
cvl,30,0.9200564516129033,ende,03
cvl,44,0.9147540322580645,ende,03
cvl,64,0.9118104838709677,ende,03
cvl,93,0.9141209677419355,ende,03
cvl,135,0.9119193548387097,ende,03
cvl,196,0.9039072580645161,ende,03
cvl,285,0.9155766129032258,ende,03
cvl,413,0.9067298387096774,ende,03
cvl,600,0.9069516129032258,ende,03
cvl,871,0.9022741935483871,ende,03
cvl,1265,0.8472540322580645,ende,03
cvo,10,0.9444677419354839,ende,03
cvo,14,0.9327258064516128,ende,03
cvo,21,0.9125806451612903,ende,03
cvo,30,0.9232822580645161,ende,03
cvo,44,0.9154677419354839,ende,03
cvo,64,0.9128225806451613,ende,03
cvo,93,0.9147096774193548,ende,03
cvo,135,0.9128790322580645,ende,03
cvo,196,0.9028306451612903,ende,03
cvo,285,0.9157903225806452,ende,03
cvo,413,0.9098709677419354,ende,03
cvo,600,0.909508064516129,ende,03
cvo,871,0.9018548387096774,ende,03
cvo,1265,0.8824193548387097,ende,03
cvq,10,0.9384086021505377,ende,03
cvq,14,0.9273763440860215,ende,03
cvq,21,0.9057903225806452,ende,03
cvq,30,0.9170913978494624,ende,03
cvq,44,0.9115806451612903,ende,03
cvq,64,0.9075645161290322,ende,03
cvq,93,0.9132311827956989,ende,03
cvq,135,0.9099623655913979,ende,03
cvq,196,0.9028172043010753,ende,03
cvq,285,0.9146021505376344,ende,03
cvq,413,0.9063333333333333,ende,03
cvq,600,0.907016129032258,ende,03
cvq,871,0.9016021505376344,ende,03
cvq,1265,0.8432258064516129,ende,03
cvr,10,0.9058494623655914,ende,03
cvr,14,0.9063548387096774,ende,03
cvr,21,0.8919516129032258,ende,03
cvr,30,0.9091720430107527,ende,03
cvr,44,0.9063602150537634,ende,03
cvr,64,0.9045645161290322,ende,03
cvr,93,0.9118172043010753,ende,03
cvr,135,0.909263440860215,ende,03
cvr,196,0.9021989247311828,ende,03
cvr,285,0.9145107526881721,ende,03
cvr,413,0.9061720430107527,ende,03
cvr,600,0.9070430107526881,ende,03
cvr,871,0.9015967741935483,ende,03
cvr,1265,0.8432258064516129,ende,03
cvu,10,0.9390698924731182,ende,03
cvu,14,0.9285698924731183,ende,03
cvu,21,0.9073440860215054,ende,03
cvu,30,0.9179086021505376,ende,03
cvu,44,0.9135376344086021,ende,03
cvu,64,0.9094784946236559,ende,03
cvu,93,0.9146559139784947,ende,03
cvu,135,0.9104139784946237,ende,03
cvu,196,0.9039086021505376,ende,03
cvu,285,0.9154677419354839,ende,03
cvu,413,0.9069139784946236,ende,03
cvu,600,0.9075376344086021,ende,03
cvu,871,0.9019086021505376,ende,03
cvu,1265,0.8444623655913979,ende,03
cvx,10,0.9241129032258064,ende,03
cvx,14,0.9199086021505376,ende,03
cvx,21,0.9033763440860215,ende,03
cvx,30,0.9148333333333334,ende,03
cvx,44,0.9112903225806451,ende,03
cvx,64,0.9081182795698924,ende,03
cvx,93,0.9144784946236559,ende,03
cvx,135,0.9103440860215054,ende,03
cvx,196,0.9036129032258065,ende,03
cvx,285,0.9155376344086021,ende,03
cvx,413,0.9066774193548387,ende,03
cvx,600,0.9077741935483871,ende,03
cvx,871,0.9020591397849462,ende,03
cvx,1265,0.8444623655913979,ende,03
human,10,0.9466666666666667,ende,03
human,14,0.936,ende,03
human,21,0.9131666666666667,ende,03
human,30,0.9258333333333333,ende,03
human,44,0.9205,ende,03
human,64,0.9101666666666667,ende,03
human,93,0.9186666666666666,ende,03
human,135,0.9133333333333333,ende,03
human,196,0.9061666666666667,ende,03
human,285,0.9168333333333333,ende,03
human,413,0.9075,ende,03
human,600,0.9083333333333333,ende,03
human,871,0.905,ende,03
human,1265,1.0,ende,03
cvl,10,0.9351693548387097,ende,04
cvl,14,0.9301451612903225,ende,04
cvl,21,0.923883064516129,ende,04
cvl,30,0.9233830645161291,ende,04
cvl,44,0.9179637096774194,ende,04
cvl,64,0.914116935483871,ende,04
cvl,93,0.9201814516129032,ende,04
cvl,135,0.9107822580645162,ende,04
cvl,196,0.9106774193548387,ende,04
cvl,285,0.9132983870967742,ende,04
cvl,413,0.9089838709677419,ende,04
cvl,600,0.9079395161290322,ende,04
cvl,871,0.8974637096774194,ende,04
cvl,1265,0.8900887096774194,ende,04
cvo,10,0.9399032258064516,ende,04
cvo,14,0.9338467741935483,ende,04
cvo,21,0.9256209677419355,ende,04
cvo,30,0.9257822580645161,ende,04
cvo,44,0.921266129032258,ende,04
cvo,64,0.9139112903225807,ende,04
cvo,93,0.9226532258064516,ende,04
cvo,135,0.9109032258064517,ende,04
cvo,196,0.9096693548387097,ende,04
cvo,285,0.9138629032258064,ende,04
cvo,413,0.9089435483870968,ende,04
cvo,600,0.908008064516129,ende,04
cvo,871,0.8975806451612903,ende,04
cvo,1265,0.9159274193548387,ende,04
cvq,10,0.9334408602150538,ende,04
cvq,14,0.9279462365591398,ende,04
cvq,21,0.920747311827957,ende,04
cvq,30,0.9216612903225806,ende,04
cvq,44,0.916741935483871,ende,04
cvq,64,0.9124784946236559,ende,04
cvq,93,0.9208655913978495,ende,04
cvq,135,0.9099462365591398,ende,04
cvq,196,0.9109623655913979,ende,04
cvq,285,0.9122795698924732,ende,04
cvq,413,0.9097365591397849,ende,04
cvq,600,0.9071075268817205,ende,04
cvq,871,0.8966236559139785,ende,04
cvq,1265,0.8879139784946236,ende,04
cvr,10,0.9053655913978494,ende,04
cvr,14,0.9064569892473118,ende,04
cvr,21,0.9086505376344086,ende,04
cvr,30,0.915010752688172,ende,04
cvr,44,0.9125860215053764,ende,04
cvr,64,0.9099462365591398,ende,04
cvr,93,0.9191989247311828,ende,04
cvr,135,0.9094193548387097,ende,04
cvr,196,0.9103978494623656,ende,04
cvr,285,0.9120591397849462,ende,04
cvr,413,0.9096559139784947,ende,04
cvr,600,0.9069086021505376,ende,04
cvr,871,0.8966397849462365,ende,04
cvr,1265,0.8879139784946236,ende,04
cvu,10,0.9340215053763441,ende,04
cvu,14,0.9285376344086022,ende,04
cvu,21,0.9223978494623656,ende,04
cvu,30,0.9223548387096774,ende,04
cvu,44,0.9167580645161291,ende,04
cvu,64,0.9138709677419354,ende,04
cvu,93,0.9206935483870968,ende,04
cvu,135,0.9103602150537634,ende,04
cvu,196,0.9111505376344086,ende,04
cvu,285,0.9121344086021506,ende,04
cvu,413,0.9094623655913978,ende,04
cvu,600,0.9072096774193549,ende,04
cvu,871,0.897258064516129,ende,04
cvu,1265,0.8894301075268817,ende,04
cvx,10,0.9229408602150537,ende,04
cvx,14,0.9174892473118279,ende,04
cvx,21,0.9171236559139785,ende,04
cvx,30,0.919483870967742,ende,04
cvx,44,0.915258064516129,ende,04
cvx,64,0.9126182795698925,ende,04
cvx,93,0.921010752688172,ende,04
cvx,135,0.9100806451612903,ende,04
cvx,196,0.9108279569892473,ende,04
cvx,285,0.9120860215053763,ende,04
cvx,413,0.9096236559139785,ende,04
cvx,600,0.9070645161290323,ende,04
cvx,871,0.8971774193548387,ende,04
cvx,1265,0.8894301075268817,ende,04
human,10,0.9413333333333334,ende,04
human,14,0.9418333333333333,ende,04
human,21,0.9316666666666666,ende,04
human,30,0.9345,ende,04
human,44,0.9243333333333333,ende,04
human,64,0.919,ende,04
human,93,0.9285,ende,04
human,135,0.9158333333333334,ende,04
human,196,0.9123333333333333,ende,04
human,285,0.9138333333333334,ende,04
human,413,0.9118333333333334,ende,04
human,600,0.9095,ende,04
human,871,0.8971666666666667,ende,04
human,1265,1.0,ende,04
cvl,10,0.9387540322580645,ende,05
cvl,14,0.9313427419354838,ende,05
cvl,21,0.9199354838709678,ende,05
cvl,30,0.9276370967741936,ende,05
cvl,44,0.9145483870967742,ende,05
cvl,64,0.9111612903225806,ende,05
cvl,93,0.9246209677419355,ende,05
cvl,135,0.9126612903225807,ende,05
cvl,196,0.9072177419354839,ende,05
cvl,285,0.9042943548387097,ende,05
cvl,413,0.9106895161290323,ende,05
cvl,600,0.9104959677419355,ende,05
cvl,871,0.9072983870967742,ende,05
cvl,1265,0.869391129032258,ende,05
cvo,10,0.940491935483871,ende,05
cvo,14,0.9313064516129033,ende,05
cvo,21,0.921024193548387,ende,05
cvo,30,0.9281290322580645,ende,05
cvo,44,0.9142016129032258,ende,05
cvo,64,0.9124032258064516,ende,05
cvo,93,0.927016129032258,ende,05
cvo,135,0.9127177419354838,ende,05
cvo,196,0.9075967741935483,ende,05
cvo,285,0.9051854838709678,ende,05
cvo,413,0.9115645161290322,ende,05
cvo,600,0.9129758064516129,ende,05
cvo,871,0.9095967741935483,ende,05
cvo,1265,0.9056935483870968,ende,05
cvq,10,0.9363978494623656,ende,05
cvq,14,0.9292634408602151,ende,05
cvq,21,0.9184247311827957,ende,05
cvq,30,0.9254623655913978,ende,05
cvq,44,0.9128494623655914,ende,05
cvq,64,0.9094569892473118,ende,05
cvq,93,0.9261559139784946,ende,05
cvq,135,0.9117634408602151,ende,05
cvq,196,0.9058817204301075,ende,05
cvq,285,0.9026612903225807,ende,05
cvq,413,0.911989247311828,ende,05
cvq,600,0.9098870967741935,ende,05
cvq,871,0.9078010752688173,ende,05
cvq,1265,0.8742580645161291,ende,05
cvr,10,0.9126827956989247,ende,05
cvr,14,0.9131182795698924,ende,05
cvr,21,0.9066344086021505,ende,05
cvr,30,0.9180591397849462,ende,05
cvr,44,0.9081236559139785,ende,05
cvr,64,0.9073602150537634,ende,05
cvr,93,0.9248978494623656,ende,05
cvr,135,0.9115860215053764,ende,05
cvr,196,0.9053602150537634,ende,05
cvr,285,0.9024086021505376,ende,05
cvr,413,0.911731182795699,ende,05
cvr,600,0.9098763440860215,ende,05
cvr,871,0.907768817204301,ende,05
cvr,1265,0.8742580645161291,ende,05
cvu,10,0.9373118279569892,ende,05
cvu,14,0.9293655913978495,ende,05
cvu,21,0.9191290322580645,ende,05
cvu,30,0.9260860215053763,ende,05
cvu,44,0.9135860215053764,ende,05
cvu,64,0.9103924731182795,ende,05
cvu,93,0.9269247311827957,ende,05
cvu,135,0.9124731182795699,ende,05
cvu,196,0.9069677419354839,ende,05
cvu,285,0.9026935483870968,ende,05
cvu,413,0.912241935483871,ende,05
cvu,600,0.9098440860215053,ende,05
cvu,871,0.9082204301075268,ende,05
cvu,1265,0.8760430107526882,ende,05
cvx,10,0.9286344086021505,ende,05
cvx,14,0.9230268817204301,ende,05
cvx,21,0.9139462365591398,ende,05
cvx,30,0.9219677419354839,ende,05
cvx,44,0.9114354838709677,ende,05
cvx,64,0.910236559139785,ende,05
cvx,93,0.926521505376344,ende,05
cvx,135,0.913252688172043,ende,05
cvx,196,0.9068763440860215,ende,05
cvx,285,0.9025860215053764,ende,05
cvx,413,0.9120215053763441,ende,05
cvx,600,0.9098978494623656,ende,05
cvx,871,0.9082150537634408,ende,05
cvx,1265,0.8760430107526882,ende,05
human,10,0.9423333333333334,ende,05
human,14,0.9368333333333333,ende,05
human,21,0.9261666666666667,ende,05
human,30,0.9313333333333333,ende,05
human,44,0.9183333333333333,ende,05
human,64,0.9125,ende,05
human,93,0.9308333333333333,ende,05
human,135,0.9146666666666666,ende,05
human,196,0.9113333333333333,ende,05
human,285,0.9046666666666666,ende,05
human,413,0.913,ende,05
human,600,0.911,ende,05
human,871,0.9071666666666667,ende,05
human,1265,1.0,ende,05
cvl,10,0.8827782258064516,ende,12
cvl,14,0.8825524193548387,ende,12
cvl,21,0.896375,ende,12
cvl,30,0.879383064516129,ende,12
cvl,44,0.8971572580645162,ende,12
cvl,64,0.8928064516129032,ende,12
cvl,93,0.8949475806451613,ende,12
cvl,135,0.895766129032258,ende,12
cvl,196,0.8966975806451613,ende,12
cvl,285,0.89775,ende,12
cvl,413,0.8925887096774193,ende,12
cvl,600,0.892483870967742,ende,12
cvl,871,0.8981129032258065,ende,12
cvl,1265,0.8895685483870968,ende,12
cvo,10,0.8835725806451613,ende,12
cvo,14,0.8818145161290323,ende,12
cvo,21,0.8964032258064516,ende,12
cvo,30,0.8782822580645161,ende,12
cvo,44,0.896016129032258,ende,12
cvo,64,0.8909677419354839,ende,12
cvo,93,0.8937983870967742,ende,12
cvo,135,0.8949274193548387,ende,12
cvo,196,0.8984596774193548,ende,12
cvo,285,0.8995967741935483,ende,12
cvo,413,0.8920564516129033,ende,12
cvo,600,0.8923548387096775,ende,12
cvo,871,0.899233870967742,ende,12
cvo,1265,0.9126209677419355,ende,12
cvq,10,0.8802043010752688,ende,12
cvq,14,0.8785161290322581,ende,12
cvq,21,0.8942150537634409,ende,12
cvq,30,0.8762741935483871,ende,12
cvq,44,0.8948870967741935,ende,12
cvq,64,0.8916720430107526,ende,12
cvq,93,0.8938602150537635,ende,12
cvq,135,0.8960483870967741,ende,12
cvq,196,0.8960967741935484,ende,12
cvq,285,0.8973763440860215,ende,12
cvq,413,0.8928924731182796,ende,12
cvq,600,0.8925645161290322,ende,12
cvq,871,0.9001075268817205,ende,12
cvq,1265,0.883494623655914,ende,12
cvr,10,0.8573440860215054,ende,12
cvr,14,0.8650430107526882,ende,12
cvr,21,0.8852741935483871,ende,12
cvr,30,0.8709301075268817,ende,12
cvr,44,0.8913333333333333,ende,12
cvr,64,0.8900752688172043,ende,12
cvr,93,0.893016129032258,ende,12
cvr,135,0.8953064516129032,ende,12
cvr,196,0.8957688172043011,ende,12
cvr,285,0.8971827956989248,ende,12
cvr,413,0.8929247311827957,ende,12
cvr,600,0.8924139784946237,ende,12
cvr,871,0.9001129032258065,ende,12
cvr,1265,0.883494623655914,ende,12
cvu,10,0.8820913978494623,ende,12
cvu,14,0.881021505376344,ende,12
cvu,21,0.8966935483870968,ende,12
cvu,30,0.8794408602150537,ende,12
cvu,44,0.8964247311827958,ende,12
cvu,64,0.893,ende,12
cvu,93,0.8951021505376344,ende,12
cvu,135,0.897258064516129,ende,12
cvu,196,0.8973172043010753,ende,12
cvu,285,0.8985645161290322,ende,12
cvu,413,0.8936505376344086,ende,12
cvu,600,0.8931505376344085,ende,12
cvu,871,0.9004301075268817,ende,12
cvu,1265,0.8833870967741936,ende,12
cvx,10,0.8782956989247311,ende,12
cvx,14,0.8798978494623656,ende,12
cvx,21,0.8933924731182795,ende,12
cvx,30,0.878505376344086,ende,12
cvx,44,0.8945322580645161,ende,12
cvx,64,0.8932311827956989,ende,12
cvx,93,0.8951397849462366,ende,12
cvx,135,0.8974462365591398,ende,12
cvx,196,0.8971290322580645,ende,12
cvx,285,0.8985752688172043,ende,12
cvx,413,0.8936021505376344,ende,12
cvx,600,0.8933118279569893,ende,12
cvx,871,0.9003602150537634,ende,12
cvx,1265,0.8833870967741936,ende,12
human,10,0.8811666666666667,ende,12
human,14,0.881,ende,12
human,21,0.8988333333333334,ende,12
human,30,0.8766666666666667,ende,12
human,44,0.8975,ende,12
human,64,0.8936666666666667,ende,12
human,93,0.894,ende,12
human,135,0.8958333333333334,ende,12
human,196,0.8958333333333334,ende,12
human,285,0.8976666666666666,ende,12
human,413,0.895,ende,12
human,600,0.8946666666666667,ende,12
human,871,0.8996666666666666,ende,12
human,1265,1.0,ende,12
cvl,10,0.8967217741935484,ende,13
cvl,14,0.8933951612903226,ende,13
cvl,21,0.8950040322580645,ende,13
cvl,30,0.9005403225806452,ende,13
cvl,44,0.902883064516129,ende,13
cvl,64,0.8904233870967742,ende,13
cvl,93,0.8937943548387097,ende,13
cvl,135,0.9044354838709677,ende,13
cvl,196,0.9018508064516129,ende,13
cvl,285,0.8923991935483871,ende,13
cvl,413,0.8944637096774194,ende,13
cvl,600,0.8951008064516129,ende,13
cvl,871,0.9007903225806452,ende,13
cvl,1265,0.887875,ende,13
cvo,10,0.9000403225806451,ende,13
cvo,14,0.8949758064516129,ende,13
cvo,21,0.8905,ende,13
cvo,30,0.9008145161290323,ende,13
cvo,44,0.8989112903225807,ende,13
cvo,64,0.8894032258064516,ende,13
cvo,93,0.8907016129032258,ende,13
cvo,135,0.9046774193548387,ende,13
cvo,196,0.9045564516129032,ende,13
cvo,285,0.8949838709677419,ende,13
cvo,413,0.8944435483870967,ende,13
cvo,600,0.8940403225806451,ende,13
cvo,871,0.9059032258064517,ende,13
cvo,1265,0.9145725806451613,ende,13
cvq,10,0.8935268817204302,ende,13
cvq,14,0.8910913978494623,ende,13
cvq,21,0.8915860215053764,ende,13
cvq,30,0.8976182795698925,ende,13
cvq,44,0.8980860215053763,ende,13
cvq,64,0.8884247311827957,ende,13
cvq,93,0.8916182795698925,ende,13
cvq,135,0.9030537634408602,ende,13
cvq,196,0.9020752688172043,ende,13
cvq,285,0.8909032258064516,ende,13
cvq,413,0.8941774193548387,ende,13
cvq,600,0.894258064516129,ende,13
cvq,871,0.9016290322580646,ende,13
cvq,1265,0.8860967741935484,ende,13
cvr,10,0.8695376344086021,ende,13
cvr,14,0.8738978494623656,ende,13
cvr,21,0.8794408602150537,ende,13
cvr,30,0.8921182795698924,ende,13
cvr,44,0.8946505376344086,ende,13
cvr,64,0.8864516129032258,ende,13
cvr,93,0.8906451612903226,ende,13
cvr,135,0.9024731182795699,ende,13
cvr,196,0.9020645161290323,ende,13
cvr,285,0.8906666666666667,ende,13
cvr,413,0.8939677419354839,ende,13
cvr,600,0.8941236559139785,ende,13
cvr,871,0.9015376344086021,ende,13
cvr,1265,0.8860967741935484,ende,13
cvu,10,0.8952043010752688,ende,13
cvu,14,0.8932258064516129,ende,13
cvu,21,0.8938763440860215,ende,13
cvu,30,0.9002043010752688,ende,13
cvu,44,0.9005268817204302,ende,13
cvu,64,0.8895215053763441,ende,13
cvu,93,0.8936290322580646,ende,13
cvu,135,0.9042043010752688,ende,13
cvu,196,0.9031559139784946,ende,13
cvu,285,0.8921505376344085,ende,13
cvu,413,0.8953924731182795,ende,13
cvu,600,0.8948172043010753,ende,13
cvu,871,0.9017903225806452,ende,13
cvu,1265,0.8853870967741936,ende,13
cvx,10,0.8888064516129033,ende,13
cvx,14,0.8878387096774194,ende,13
cvx,21,0.8894247311827957,ende,13
cvx,30,0.9001129032258065,ende,13
cvx,44,0.9004408602150538,ende,13
cvx,64,0.8896612903225807,ende,13
cvx,93,0.8935322580645161,ende,13
cvx,135,0.9042311827956989,ende,13
cvx,196,0.903489247311828,ende,13
cvx,285,0.8919032258064516,ende,13
cvx,413,0.8953172043010753,ende,13
cvx,600,0.8948225806451613,ende,13
cvx,871,0.9016989247311828,ende,13
cvx,1265,0.8853870967741936,ende,13
human,10,0.9006666666666666,ende,13
human,14,0.8961666666666667,ende,13
human,21,0.8963333333333333,ende,13
human,30,0.9023333333333333,ende,13
human,44,0.9013333333333333,ende,13
human,64,0.8923333333333333,ende,13
human,93,0.8933333333333333,ende,13
human,135,0.9065,ende,13
human,196,0.9038333333333334,ende,13
human,285,0.8953333333333333,ende,13
human,413,0.8948333333333334,ende,13
human,600,0.8958333333333334,ende,13
human,871,0.9,ende,13
human,1265,1.0,ende,13
cvl,10,0.9139798387096775,ende,14
cvl,14,0.9011209677419355,ende,14
cvl,21,0.9112822580645161,ende,14
cvl,30,0.9120725806451613,ende,14
cvl,44,0.917641129032258,ende,14
cvl,64,0.8998225806451613,ende,14
cvl,93,0.9111895161290322,ende,14
cvl,135,0.9008548387096774,ende,14
cvl,196,0.9081370967741935,ende,14
cvl,285,0.8996854838709677,ende,14
cvl,413,0.9095241935483871,ende,14
cvl,600,0.895991935483871,ende,14
cvl,871,0.9014072580645162,ende,14
cvl,1265,0.9063951612903226,ende,14
cvo,10,0.9172338709677419,ende,14
cvo,14,0.9031612903225806,ende,14
cvo,21,0.9111370967741935,ende,14
cvo,30,0.9106693548387097,ende,14
cvo,44,0.9184112903225806,ende,14
cvo,64,0.9019758064516129,ende,14
cvo,93,0.9115161290322581,ende,14
cvo,135,0.903016129032258,ende,14
cvo,196,0.9057177419354838,ende,14
cvo,285,0.9025322580645161,ende,14
cvo,413,0.9098629032258064,ende,14
cvo,600,0.8934596774193548,ende,14
cvo,871,0.9024677419354838,ende,14
cvo,1265,0.9249032258064516,ende,14
cvq,10,0.9123870967741935,ende,14
cvq,14,0.8974731182795699,ende,14
cvq,21,0.9078978494623656,ende,14
cvq,30,0.9108010752688172,ende,14
cvq,44,0.9172150537634408,ende,14
cvq,64,0.8995698924731182,ende,14
cvq,93,0.9099569892473118,ende,14
cvq,135,0.9018978494623656,ende,14
cvq,196,0.9073494623655914,ende,14
cvq,285,0.9007096774193548,ende,14
cvq,413,0.9091559139784946,ende,14
cvq,600,0.8914731182795699,ende,14
cvq,871,0.9008924731182796,ende,14
cvq,1265,0.8998709677419355,ende,14
cvr,10,0.8894569892473119,ende,14
cvr,14,0.8825,ende,14
cvr,21,0.8993279569892473,ende,14
cvr,30,0.9055806451612903,ende,14
cvr,44,0.9132795698924732,ende,14
cvr,64,0.8989032258064517,ende,14
cvr,93,0.9092043010752688,ende,14
cvr,135,0.9018010752688173,ende,14
cvr,196,0.9069086021505376,ende,14
cvr,285,0.9005322580645161,ende,14
cvr,413,0.9091182795698924,ende,14
cvr,600,0.8915860215053764,ende,14
cvr,871,0.900768817204301,ende,14
cvr,1265,0.8998709677419355,ende,14
cvu,10,0.9144516129032259,ende,14
cvu,14,0.8996182795698925,ende,14
cvu,21,0.9095752688172043,ende,14
cvu,30,0.9123817204301076,ende,14
cvu,44,0.918016129032258,ende,14
cvu,64,0.8997903225806452,ende,14
cvu,93,0.911,ende,14
cvu,135,0.9021720430107527,ende,14
cvu,196,0.9078172043010753,ende,14
cvu,285,0.9010913978494623,ende,14
cvu,413,0.9097258064516129,ende,14
cvu,600,0.8917419354838709,ende,14
cvu,871,0.9013333333333333,ende,14
cvu,1265,0.8985161290322581,ende,14
cvx,10,0.9071666666666667,ende,14
cvx,14,0.8952096774193549,ende,14
cvx,21,0.9067419354838709,ende,14
cvx,30,0.9110645161290323,ende,14
cvx,44,0.9154516129032259,ende,14
cvx,64,0.9004784946236559,ende,14
cvx,93,0.9110053763440861,ende,14
cvx,135,0.9027258064516129,ende,14
cvx,196,0.9080376344086022,ende,14
cvx,285,0.9011075268817205,ende,14
cvx,413,0.9097903225806452,ende,14
cvx,600,0.8917956989247312,ende,14
cvx,871,0.9014354838709677,ende,14
cvx,1265,0.8985161290322581,ende,14
human,10,0.9158333333333334,ende,14
human,14,0.9018333333333334,ende,14
human,21,0.9113333333333333,ende,14
human,30,0.9148333333333334,ende,14
human,44,0.9221666666666667,ende,14
human,64,0.9051666666666667,ende,14
human,93,0.9136666666666666,ende,14
human,135,0.9023333333333333,ende,14
human,196,0.9088333333333334,ende,14
human,285,0.903,ende,14
human,413,0.9081666666666667,ende,14
human,600,0.8948333333333334,ende,14
human,871,0.9026666666666666,ende,14
human,1265,1.0,ende,14
cvl,10,0.9218024193548388,ende,15
cvl,14,0.9100927419354838,ende,15
cvl,21,0.9193225806451613,ende,15
cvl,30,0.9117379032258065,ende,15
cvl,44,0.9142822580645161,ende,15
cvl,64,0.9045040322580645,ende,15
cvl,93,0.9036733870967741,ende,15
cvl,135,0.9090040322580645,ende,15
cvl,196,0.9073387096774194,ende,15
cvl,285,0.8943145161290322,ende,15
cvl,413,0.9069758064516129,ende,15
cvl,600,0.8991653225806452,ende,15
cvl,871,0.907625,ende,15
cvl,1265,0.9039879032258065,ende,15
cvo,10,0.9218064516129032,ende,15
cvo,14,0.9084516129032258,ende,15
cvo,21,0.9186370967741936,ende,15
cvo,30,0.9110403225806452,ende,15
cvo,44,0.9132983870967742,ende,15
cvo,64,0.9077258064516129,ende,15
cvo,93,0.9018145161290323,ende,15
cvo,135,0.9065967741935483,ende,15
cvo,196,0.9064516129032258,ende,15
cvo,285,0.895258064516129,ende,15
cvo,413,0.9107983870967742,ende,15
cvo,600,0.8972903225806451,ende,15
cvo,871,0.9087419354838709,ende,15
cvo,1265,0.928008064516129,ende,15
cvq,10,0.9199677419354839,ende,15
cvq,14,0.9078064516129032,ende,15
cvq,21,0.9184462365591398,ende,15
cvq,30,0.9095698924731183,ende,15
cvq,44,0.9145537634408603,ende,15
cvq,64,0.9047096774193548,ende,15
cvq,93,0.9016505376344086,ende,15
cvq,135,0.9075537634408603,ende,15
cvq,196,0.9066182795698925,ende,15
cvq,285,0.892510752688172,ende,15
cvq,413,0.9070268817204301,ende,15
cvq,600,0.8972150537634409,ende,15
cvq,871,0.9071827956989247,ende,15
cvq,1265,0.904010752688172,ende,15
cvr,10,0.901016129032258,ende,15
cvr,14,0.8968655913978495,ende,15
cvr,21,0.9093064516129032,ende,15
cvr,30,0.9038118279569892,ende,15
cvr,44,0.9120215053763441,ende,15
cvr,64,0.9030967741935484,ende,15
cvr,93,0.9006989247311828,ende,15
cvr,135,0.9073924731182795,ende,15
cvr,196,0.9066397849462365,ende,15
cvr,285,0.8925268817204302,ende,15
cvr,413,0.9069086021505376,ende,15
cvr,600,0.8972204301075268,ende,15
cvr,871,0.9071989247311828,ende,15
cvr,1265,0.904010752688172,ende,15
cvu,10,0.9205537634408603,ende,15
cvu,14,0.9079193548387097,ende,15
cvu,21,0.9191075268817205,ende,15
cvu,30,0.9109784946236559,ende,15
cvu,44,0.9147634408602151,ende,15
cvu,64,0.9048602150537635,ende,15
cvu,93,0.9021290322580645,ende,15
cvu,135,0.9084462365591398,ende,15
cvu,196,0.9072311827956989,ende,15
cvu,285,0.8924086021505376,ende,15
cvu,413,0.9065913978494624,ende,15
cvu,600,0.8973548387096775,ende,15
cvu,871,0.907483870967742,ende,15
cvu,1265,0.9033118279569893,ende,15
cvx,10,0.9162741935483871,ende,15
cvx,14,0.907483870967742,ende,15
cvx,21,0.9154462365591398,ende,15
cvx,30,0.9068978494623656,ende,15
cvx,44,0.9138440860215054,ende,15
cvx,64,0.9054462365591398,ende,15
cvx,93,0.9015913978494624,ende,15
cvx,135,0.908247311827957,ende,15
cvx,196,0.9074354838709677,ende,15
cvx,285,0.8924784946236559,ende,15
cvx,413,0.9066129032258065,ende,15
cvx,600,0.8973602150537634,ende,15
cvx,871,0.9075161290322581,ende,15
cvx,1265,0.9033118279569893,ende,15
human,10,0.9206666666666666,ende,15
human,14,0.9103333333333333,ende,15
human,21,0.9196666666666666,ende,15
human,30,0.9103333333333333,ende,15
human,44,0.9156666666666666,ende,15
human,64,0.9061666666666667,ende,15
human,93,0.9013333333333333,ende,15
human,135,0.9058333333333334,ende,15
human,196,0.9066666666666666,ende,15
human,285,0.894,ende,15
human,413,0.9063333333333333,ende,15
human,600,0.9005,ende,15
human,871,0.9055,ende,15
human,1265,1.0,ende,15
cvl,10,0.8868427419354838,ende,23
cvl,14,0.8884677419354838,ende,23
cvl,21,0.8888951612903225,ende,23
cvl,30,0.8924072580645162,ende,23
cvl,44,0.8884193548387097,ende,23
cvl,64,0.8925120967741935,ende,23
cvl,93,0.8878266129032258,ende,23
cvl,135,0.8938024193548387,ende,23
cvl,196,0.8912177419354839,ende,23
cvl,285,0.8931814516129032,ende,23
cvl,413,0.9003588709677419,ende,23
cvl,600,0.8921451612903226,ende,23
cvl,871,0.8966451612903226,ende,23
cvl,1265,0.8845967741935484,ende,23
cvo,10,0.8875,ende,23
cvo,14,0.8896451612903226,ende,23
cvo,21,0.8888951612903225,ende,23
cvo,30,0.8925725806451613,ende,23
cvo,44,0.8890564516129033,ende,23
cvo,64,0.89225,ende,23
cvo,93,0.8894435483870968,ende,23
cvo,135,0.8950403225806451,ende,23
cvo,196,0.8895161290322581,ende,23
cvo,285,0.8962177419354839,ende,23
cvo,413,0.9017903225806452,ende,23
cvo,600,0.8935403225806452,ende,23
cvo,871,0.9013951612903226,ende,23
cvo,1265,0.907483870967742,ende,23
cvq,10,0.8830698924731183,ende,23
cvq,14,0.8864677419354838,ende,23
cvq,21,0.8858118279569892,ende,23
cvq,30,0.8901827956989248,ende,23
cvq,44,0.8846559139784946,ende,23
cvq,64,0.8903225806451613,ende,23
cvq,93,0.8847043010752688,ende,23
cvq,135,0.8932204301075268,ende,23
cvq,196,0.8900537634408602,ende,23
cvq,285,0.8947043010752688,ende,23
cvq,413,0.9011021505376344,ende,23
cvq,600,0.892483870967742,ende,23
cvq,871,0.8997204301075269,ende,23
cvq,1265,0.8766451612903225,ende,23
cvr,10,0.8549032258064516,ende,23
cvr,14,0.8690806451612904,ende,23
cvr,21,0.8761881720430108,ende,23
cvr,30,0.8835913978494624,ende,23
cvr,44,0.8793978494623655,ende,23
cvr,64,0.8888064516129033,ende,23
cvr,93,0.8830967741935484,ende,23
cvr,135,0.8924032258064516,ende,23
cvr,196,0.8897849462365591,ende,23
cvr,285,0.8943064516129032,ende,23
cvr,413,0.9009086021505376,ende,23
cvr,600,0.8923225806451613,ende,23
cvr,871,0.8996451612903226,ende,23
cvr,1265,0.8766451612903225,ende,23
cvu,10,0.8853118279569893,ende,23
cvu,14,0.8882043010752688,ende,23
cvu,21,0.8881559139784946,ende,23
cvu,30,0.8924784946236559,ende,23
cvu,44,0.8868709677419355,ende,23
cvu,64,0.8919301075268817,ende,23
cvu,93,0.8870107526881721,ende,23
cvu,135,0.8943172043010753,ende,23
cvu,196,0.8912903225806451,ende,23
cvu,285,0.8957956989247312,ende,23
cvu,413,0.9015860215053764,ende,23
cvu,600,0.8932741935483871,ende,23
cvu,871,0.9003817204301076,ende,23
cvu,1265,0.877258064516129,ende,23
cvx,10,0.876005376344086,ende,23
cvx,14,0.8846451612903226,ende,23
cvx,21,0.8878064516129033,ende,23
cvx,30,0.8929569892473118,ende,23
cvx,44,0.8851989247311828,ende,23
cvx,64,0.8928655913978495,ende,23
cvx,93,0.8869032258064516,ende,23
cvx,135,0.8946021505376344,ende,23
cvx,196,0.8911935483870967,ende,23
cvx,285,0.8958870967741935,ende,23
cvx,413,0.9015483870967742,ende,23
cvx,600,0.893247311827957,ende,23
cvx,871,0.9002795698924732,ende,23
cvx,1265,0.877258064516129,ende,23
human,10,0.893,ende,23
human,14,0.8966666666666666,ende,23
human,21,0.8931666666666667,ende,23
human,30,0.8953333333333333,ende,23
human,44,0.8893333333333333,ende,23
human,64,0.894,ende,23
human,93,0.8853333333333333,ende,23
human,135,0.8943333333333333,ende,23
human,196,0.8906666666666667,ende,23
human,285,0.8943333333333333,ende,23
human,413,0.9016666666666666,ende,23
human,600,0.8938333333333334,ende,23
human,871,0.8998333333333334,ende,23
human,1265,1.0,ende,23
cvl,10,0.8940524193548387,ende,24
cvl,14,0.8907177419354839,ende,24
cvl,21,0.8978911290322581,ende,24
cvl,30,0.9046451612903226,ende,24
cvl,44,0.9040927419354838,ende,24
cvl,64,0.90575,ende,24
cvl,93,0.9031491935483871,ende,24
cvl,135,0.8986491935483871,ende,24
cvl,196,0.8935241935483871,ende,24
cvl,285,0.9007419354838709,ende,24
cvl,413,0.9021814516129032,ende,24
cvl,600,0.8946653225806451,ende,24
cvl,871,0.9019032258064517,ende,24
cvl,1265,0.9150685483870967,ende,24
cvo,10,0.8976532258064516,ende,24
cvo,14,0.8962177419354839,ende,24
cvo,21,0.9008790322580645,ende,24
cvo,30,0.9064112903225806,ende,24
cvo,44,0.9057177419354838,ende,24
cvo,64,0.9043467741935484,ende,24
cvo,93,0.9065806451612903,ende,24
cvo,135,0.9010322580645161,ende,24
cvo,196,0.8896451612903226,ende,24
cvo,285,0.9029758064516129,ende,24
cvo,413,0.9025645161290322,ende,24
cvo,600,0.8926774193548387,ende,24
cvo,871,0.901233870967742,ende,24
cvo,1265,0.9350080645161291,ende,24
cvq,10,0.891483870967742,ende,24
cvq,14,0.8858279569892473,ende,24
cvq,21,0.8937903225806452,ende,24
cvq,30,0.9027365591397849,ende,24
cvq,44,0.9014623655913978,ende,24
cvq,64,0.904016129032258,ende,24
cvq,93,0.9030215053763441,ende,24
cvq,135,0.8971827956989248,ende,24
cvq,196,0.8910107526881721,ende,24
cvq,285,0.9002311827956989,ende,24
cvq,413,0.9020913978494624,ende,24
cvq,600,0.8940376344086022,ende,24
cvq,871,0.9043279569892473,ende,24
cvq,1265,0.9133440860215054,ende,24
cvr,10,0.8643709677419354,ende,24
cvr,14,0.8681505376344086,ende,24
cvr,21,0.8841290322580645,ende,24
cvr,30,0.8981075268817205,ende,24
cvr,44,0.896505376344086,ende,24
cvr,64,0.9011774193548387,ende,24
cvr,93,0.9021344086021506,ende,24
cvr,135,0.8963870967741936,ende,24
cvr,196,0.8903602150537634,ende,24
cvr,285,0.899994623655914,ende,24
cvr,413,0.9020806451612903,ende,24
cvr,600,0.8938602150537635,ende,24
cvr,871,0.9044139784946237,ende,24
cvr,1265,0.9133440860215054,ende,24
cvu,10,0.8935913978494624,ende,24
cvu,14,0.888489247311828,ende,24
cvu,21,0.8965537634408602,ende,24
cvu,30,0.9045376344086021,ende,24
cvu,44,0.9047419354838709,ende,24
cvu,64,0.9064086021505376,ende,24
cvu,93,0.9045591397849463,ende,24
cvu,135,0.8984247311827956,ende,24
cvu,196,0.8923225806451613,ende,24
cvu,285,0.900510752688172,ende,24
cvu,413,0.9021451612903226,ende,24
cvu,600,0.8948655913978495,ende,24
cvu,871,0.9047365591397849,ende,24
cvu,1265,0.9134623655913978,ende,24
cvx,10,0.886731182795699,ende,24
cvx,14,0.8843010752688172,ende,24
cvx,21,0.8941989247311828,ende,24
cvx,30,0.9048118279569892,ende,24
cvx,44,0.9026989247311829,ende,24
cvx,64,0.9045430107526882,ende,24
cvx,93,0.9046612903225807,ende,24
cvx,135,0.8985376344086021,ende,24
cvx,196,0.8921397849462366,ende,24
cvx,285,0.9008333333333334,ende,24
cvx,413,0.9021989247311828,ende,24
cvx,600,0.8949462365591397,ende,24
cvx,871,0.9048709677419355,ende,24
cvx,1265,0.9134623655913978,ende,24
human,10,0.905,ende,24
human,14,0.8973333333333333,ende,24
human,21,0.9038333333333334,ende,24
human,30,0.9108333333333334,ende,24
human,44,0.9088333333333334,ende,24
human,64,0.9106666666666666,ende,24
human,93,0.9061666666666667,ende,24
human,135,0.8993333333333333,ende,24
human,196,0.894,ende,24
human,285,0.905,ende,24
human,413,0.9015,ende,24
human,600,0.8966666666666666,ende,24
human,871,0.904,ende,24
human,1265,1.0,ende,24
cvl,10,0.9050766129032258,ende,25
cvl,14,0.9054233870967742,ende,25
cvl,21,0.9146935483870968,ende,25
cvl,30,0.9093669354838709,ende,25
cvl,44,0.9076572580645161,ende,25
cvl,64,0.902241935483871,ende,25
cvl,93,0.9040725806451613,ende,25
cvl,135,0.9080120967741936,ende,25
cvl,196,0.9071693548387096,ende,25
cvl,285,0.895774193548387,ende,25
cvl,413,0.9022096774193549,ende,25
cvl,600,0.8979153225806452,ende,25
cvl,871,0.9039112903225807,ende,25
cvl,1265,0.886241935483871,ende,25
cvo,10,0.9062983870967742,ende,25
cvo,14,0.9081048387096774,ende,25
cvo,21,0.9168064516129032,ende,25
cvo,30,0.90975,ende,25
cvo,44,0.909,ende,25
cvo,64,0.9032258064516129,ende,25
cvo,93,0.9074677419354839,ende,25
cvo,135,0.9096693548387097,ende,25
cvo,196,0.9085564516129032,ende,25
cvo,285,0.898233870967742,ende,25
cvo,413,0.9021854838709678,ende,25
cvo,600,0.895758064516129,ende,25
cvo,871,0.9037983870967742,ende,25
cvo,1265,0.9179032258064516,ende,25
cvq,10,0.9028817204301075,ende,25
cvq,14,0.9029354838709678,ende,25
cvq,21,0.9115967741935483,ende,25
cvq,30,0.9067419354838709,ende,25
cvq,44,0.9045537634408602,ende,25
cvq,64,0.9002204301075268,ende,25
cvq,93,0.9024086021505376,ende,25
cvq,135,0.9066075268817204,ende,25
cvq,196,0.9073225806451612,ende,25
cvq,285,0.8951451612903226,ende,25
cvq,413,0.9009139784946236,ende,25
cvq,600,0.8959301075268817,ende,25
cvq,871,0.9051397849462366,ende,25
cvq,1265,0.8905376344086021,ende,25
cvr,10,0.8783279569892473,ende,25
cvr,14,0.887,ende,25
cvr,21,0.9005967741935483,ende,25
cvr,30,0.8996989247311828,ende,25
cvr,44,0.8996935483870968,ende,25
cvr,64,0.8981182795698924,ende,25
cvr,93,0.9009677419354839,ende,25
cvr,135,0.9057043010752688,ende,25
cvr,196,0.9068118279569892,ende,25
cvr,285,0.8950376344086022,ende,25
cvr,413,0.9008333333333334,ende,25
cvr,600,0.8959623655913979,ende,25
cvr,871,0.9051505376344086,ende,25
cvr,1265,0.8905376344086021,ende,25
cvu,10,0.9046935483870968,ende,25
cvu,14,0.9054462365591398,ende,25
cvu,21,0.9136666666666666,ende,25
cvu,30,0.908489247311828,ende,25
cvu,44,0.9065268817204301,ende,25
cvu,64,0.9013548387096774,ende,25
cvu,93,0.904,ende,25
cvu,135,0.9078387096774193,ende,25
cvu,196,0.9079086021505376,ende,25
cvu,285,0.8958709677419355,ende,25
cvu,413,0.9011881720430107,ende,25
cvu,600,0.896247311827957,ende,25
cvu,871,0.9055698924731183,ende,25
cvu,1265,0.8909569892473118,ende,25
cvx,10,0.899731182795699,ende,25
cvx,14,0.902252688172043,ende,25
cvx,21,0.9099247311827957,ende,25
cvx,30,0.9065698924731183,ende,25
cvx,44,0.9056720430107527,ende,25
cvx,64,0.9011935483870968,ende,25
cvx,93,0.9036451612903226,ende,25
cvx,135,0.907731182795699,ende,25
cvx,196,0.9078172043010753,ende,25
cvx,285,0.8962741935483871,ende,25
cvx,413,0.9011075268817205,ende,25
cvx,600,0.8960591397849462,ende,25
cvx,871,0.9056505376344086,ende,25
cvx,1265,0.8909569892473118,ende,25
human,10,0.903,ende,25
human,14,0.9081666666666667,ende,25
human,21,0.919,ende,25
human,30,0.9125,ende,25
human,44,0.9088333333333334,ende,25
human,64,0.905,ende,25
human,93,0.9048333333333334,ende,25
human,135,0.909,ende,25
human,196,0.909,ende,25
human,285,0.8958333333333334,ende,25
human,413,0.9005,ende,25
human,600,0.8978333333333334,ende,25
human,871,0.9063333333333333,ende,25
human,1265,1.0,ende,25
cvl,10,0.8788225806451613,ende,34
cvl,14,0.8731088709677419,ende,34
cvl,21,0.889241935483871,ende,34
cvl,30,0.8903306451612903,ende,34
cvl,44,0.8922983870967742,ende,34
cvl,64,0.8824637096774194,ende,34
cvl,93,0.898016129032258,ende,34
cvl,135,0.8957983870967742,ende,34
cvl,196,0.9021209677419355,ende,34
cvl,285,0.8894516129032258,ende,34
cvl,413,0.8944032258064516,ende,34
cvl,600,0.8939354838709678,ende,34
cvl,871,0.8944879032258064,ende,34
cvl,1265,0.8911774193548387,ende,34
cvo,10,0.8791612903225806,ende,34
cvo,14,0.8744838709677419,ende,34
cvo,21,0.8875403225806452,ende,34
cvo,30,0.8882016129032259,ende,34
cvo,44,0.888766129032258,ende,34
cvo,64,0.8822016129032259,ende,34
cvo,93,0.8972741935483871,ende,34
cvo,135,0.8939758064516129,ende,34
cvo,196,0.9037177419354838,ende,34
cvo,285,0.8900645161290323,ende,34
cvo,413,0.8967983870967742,ende,34
cvo,600,0.8938225806451613,ende,34
cvo,871,0.8969677419354839,ende,34
cvo,1265,0.9137822580645162,ende,34
cvq,10,0.8758118279569892,ende,34
cvq,14,0.8697150537634408,ende,34
cvq,21,0.8865215053763441,ende,34
cvq,30,0.887263440860215,ende,34
cvq,44,0.8905268817204302,ende,34
cvq,64,0.8789462365591398,ende,34
cvq,93,0.8960698924731183,ende,34
cvq,135,0.8952741935483871,ende,34
cvq,196,0.9017903225806452,ende,34
cvq,285,0.8868225806451613,ende,34
cvq,413,0.8943064516129032,ende,34
cvq,600,0.8931505376344085,ende,34
cvq,871,0.8956236559139785,ende,34
cvq,1265,0.8850430107526882,ende,34
cvr,10,0.8538172043010752,ende,34
cvr,14,0.8551290322580645,ende,34
cvr,21,0.878758064516129,ende,34
cvr,30,0.8824569892473119,ende,34
cvr,44,0.8867903225806452,ende,34
cvr,64,0.8768333333333334,ende,34
cvr,93,0.8950591397849462,ende,34
cvr,135,0.8949247311827957,ende,34
cvr,196,0.9013225806451612,ende,34
cvr,285,0.8869139784946236,ende,34
cvr,413,0.8941397849462366,ende,34
cvr,600,0.8930645161290323,ende,34
cvr,871,0.8956021505376344,ende,34
cvr,1265,0.8850430107526882,ende,34
cvu,10,0.8775913978494624,ende,34
cvu,14,0.8714731182795699,ende,34
cvu,21,0.889016129032258,ende,34
cvu,30,0.8896612903225807,ende,34
cvu,44,0.8922956989247312,ende,34
cvu,64,0.8805698924731182,ende,34
cvu,93,0.8973763440860215,ende,34
cvu,135,0.8965698924731182,ende,34
cvu,196,0.9025322580645161,ende,34
cvu,285,0.8873333333333333,ende,34
cvu,413,0.894774193548387,ende,34
cvu,600,0.8935752688172043,ende,34
cvu,871,0.8964731182795699,ende,34
cvu,1265,0.8849892473118279,ende,34
cvx,10,0.8743548387096775,ende,34
cvx,14,0.8713924731182796,ende,34
cvx,21,0.8871290322580645,ende,34
cvx,30,0.8887795698924731,ende,34
cvx,44,0.8916989247311828,ende,34
cvx,64,0.8807204301075269,ende,34
cvx,93,0.8971236559139785,ende,34
cvx,135,0.8967956989247312,ende,34
cvx,196,0.9026397849462365,ende,34
cvx,285,0.8874784946236559,ende,34
cvx,413,0.8944731182795699,ende,34
cvx,600,0.8936021505376344,ende,34
cvx,871,0.8963709677419355,ende,34
cvx,1265,0.8849892473118279,ende,34
human,10,0.8791666666666667,ende,34
human,14,0.8691666666666666,ende,34
human,21,0.892,ende,34
human,30,0.8863333333333333,ende,34
human,44,0.8931666666666667,ende,34
human,64,0.8801666666666667,ende,34
human,93,0.897,ende,34
human,135,0.8963333333333333,ende,34
human,196,0.9031666666666667,ende,34
human,285,0.887,ende,34
human,413,0.8971666666666667,ende,34
human,600,0.8945,ende,34
human,871,0.8955,ende,34
human,1265,1.0,ende,34
cvl,10,0.8920362903225807,ende,35
cvl,14,0.8884112903225806,ende,35
cvl,21,0.901233870967742,ende,35
cvl,30,0.8938467741935484,ende,35
cvl,44,0.8903669354838709,ende,35
cvl,64,0.8936048387096774,ende,35
cvl,93,0.8937620967741935,ende,35
cvl,135,0.8951532258064516,ende,35
cvl,196,0.9024274193548387,ende,35
cvl,285,0.893774193548387,ende,35
cvl,413,0.9039153225806451,ende,35
cvl,600,0.8991411290322581,ende,35
cvl,871,0.8959112903225807,ende,35
cvl,1265,0.8826975806451612,ende,35
cvo,10,0.8899354838709678,ende,35
cvo,14,0.8865806451612903,ende,35
cvo,21,0.901491935483871,ende,35
cvo,30,0.8926693548387097,ende,35
cvo,44,0.8882016129032259,ende,35
cvo,64,0.8954032258064516,ende,35
cvo,93,0.8931693548387096,ende,35
cvo,135,0.8960645161290323,ende,35
cvo,196,0.9068548387096774,ende,35
cvo,285,0.8935645161290322,ende,35
cvo,413,0.9072258064516129,ende,35
cvo,600,0.9043064516129032,ende,35
cvo,871,0.9010241935483871,ende,35
cvo,1265,0.9076693548387097,ende,35
cvq,10,0.89,ende,35
cvq,14,0.884978494623656,ende,35
cvq,21,0.8983064516129032,ende,35
cvq,30,0.8916935483870968,ende,35
cvq,44,0.8872204301075269,ende,35
cvq,64,0.892,ende,35
cvq,93,0.8924193548387097,ende,35
cvq,135,0.8960322580645161,ende,35
cvq,196,0.9023494623655914,ende,35
cvq,285,0.8925322580645161,ende,35
cvq,413,0.9041559139784946,ende,35
cvq,600,0.9005430107526882,ende,35
cvq,871,0.8981236559139785,ende,35
cvq,1265,0.8768924731182796,ende,35
cvr,10,0.8689516129032258,ende,35
cvr,14,0.869741935483871,ende,35
cvr,21,0.8888010752688172,ende,35
cvr,30,0.8871505376344087,ende,35
cvr,44,0.8848440860215053,ende,35
cvr,64,0.8896559139784946,ende,35
cvr,93,0.8912204301075268,ende,35
cvr,135,0.8958225806451613,ende,35
cvr,196,0.902236559139785,ende,35
cvr,285,0.8925376344086021,ende,35
cvr,413,0.9039731182795699,ende,35
cvr,600,0.9003709677419355,ende,35
cvr,871,0.8980376344086022,ende,35
cvr,1265,0.8768924731182796,ende,35
cvu,10,0.8919838709677419,ende,35
cvu,14,0.8868010752688172,ende,35
cvu,21,0.9004301075268817,ende,35
cvu,30,0.8935322580645161,ende,35
cvu,44,0.8893440860215054,ende,35
cvu,64,0.8934569892473119,ende,35
cvu,93,0.8934139784946237,ende,35
cvu,135,0.8965376344086021,ende,35
cvu,196,0.9031720430107527,ende,35
cvu,285,0.8926397849462365,ende,35
cvu,413,0.9049731182795699,ende,35
cvu,600,0.9006182795698925,ende,35
cvu,871,0.8982956989247312,ende,35
cvu,1265,0.8791397849462366,ende,35
cvx,10,0.8877419354838709,ende,35
cvx,14,0.8824408602150537,ende,35
cvx,21,0.8976451612903226,ende,35
cvx,30,0.8921397849462366,ende,35
cvx,44,0.8888440860215053,ende,35
cvx,64,0.8925268817204302,ende,35
cvx,93,0.8928655913978495,ende,35
cvx,135,0.8974408602150538,ende,35
cvx,196,0.9031720430107527,ende,35
cvx,285,0.8930752688172043,ende,35
cvx,413,0.9049247311827957,ende,35
cvx,600,0.900489247311828,ende,35
cvx,871,0.8983602150537634,ende,35
cvx,1265,0.8791397849462366,ende,35
human,10,0.8923333333333333,ende,35
human,14,0.8855,ende,35
human,21,0.9008333333333334,ende,35
human,30,0.8975,ende,35
human,44,0.8898333333333334,ende,35
human,64,0.8948333333333334,ende,35
human,93,0.8948333333333334,ende,35
human,135,0.8965,ende,35
human,196,0.9026666666666666,ende,35
human,285,0.8895,ende,35
human,413,0.9046666666666666,ende,35
human,600,0.8996666666666666,ende,35
human,871,0.899,ende,35
human,1265,1.0,ende,35
cvl,10,0.8963467741935484,ende,45
cvl,14,0.8931491935483871,ende,45
cvl,21,0.8951209677419355,ende,45
cvl,30,0.8883588709677419,ende,45
cvl,44,0.8970806451612903,ende,45
cvl,64,0.894116935483871,ende,45
cvl,93,0.9049354838709678,ende,45
cvl,135,0.8946532258064516,ende,45
cvl,196,0.901483870967742,ende,45
cvl,285,0.8945524193548388,ende,45
cvl,413,0.8992983870967742,ende,45
cvl,600,0.8936733870967742,ende,45
cvl,871,0.8994395161290323,ende,45
cvl,1265,0.8881895161290323,ende,45
cvo,10,0.8982016129032258,ende,45
cvo,14,0.893475806451613,ende,45
cvo,21,0.8928064516129032,ende,45
cvo,30,0.8865403225806452,ende,45
cvo,44,0.8961048387096774,ende,45
cvo,64,0.8957016129032258,ende,45
cvo,93,0.9049274193548387,ende,45
cvo,135,0.8934596774193548,ende,45
cvo,196,0.90225,ende,45
cvo,285,0.8961532258064516,ende,45
cvo,413,0.8974677419354838,ende,45
cvo,600,0.8950645161290323,ende,45
cvo,871,0.9000806451612903,ende,45
cvo,1265,0.915733870967742,ende,45
cvq,10,0.8953387096774194,ende,45
cvq,14,0.8909516129032258,ende,45
cvq,21,0.8923010752688172,ende,45
cvq,30,0.8845161290322581,ende,45
cvq,44,0.8954193548387097,ende,45
cvq,64,0.8935645161290322,ende,45
cvq,93,0.9044086021505376,ende,45
cvq,135,0.8934569892473119,ende,45
cvq,196,0.901258064516129,ende,45
cvq,285,0.8929193548387097,ende,45
cvq,413,0.8985483870967742,ende,45
cvq,600,0.892747311827957,ende,45
cvq,871,0.9016236559139785,ende,45
cvq,1265,0.8876451612903226,ende,45
cvr,10,0.876021505376344,ende,45
cvr,14,0.8770107526881721,ende,45
cvr,21,0.8838225806451613,ende,45
cvr,30,0.8791827956989248,ende,45
cvr,44,0.8926612903225807,ende,45
cvr,64,0.892994623655914,ende,45
cvr,93,0.9036290322580646,ende,45
cvr,135,0.8927688172043011,ende,45
cvr,196,0.9009247311827957,ende,45
cvr,285,0.8929462365591397,ende,45
cvr,413,0.898263440860215,ende,45
cvr,600,0.8927204301075269,ende,45
cvr,871,0.9016021505376344,ende,45
cvr,1265,0.8876451612903226,ende,45
cvu,10,0.8975913978494624,ende,45
cvu,14,0.8930430107526882,ende,45
cvu,21,0.8947150537634408,ende,45
cvu,30,0.8873333333333333,ende,45
cvu,44,0.8967365591397849,ende,45
cvu,64,0.8945483870967742,ende,45
cvu,93,0.9055537634408602,ende,45
cvu,135,0.8948387096774194,ende,45
cvu,196,0.9026774193548387,ende,45
cvu,285,0.8938548387096774,ende,45
cvu,413,0.8993924731182795,ende,45
cvu,600,0.8928870967741935,ende,45
cvu,871,0.9019569892473118,ende,45
cvu,1265,0.887483870967742,ende,45
cvx,10,0.8952258064516129,ende,45
cvx,14,0.8918817204301075,ende,45
cvx,21,0.894505376344086,ende,45
cvx,30,0.886758064516129,ende,45
cvx,44,0.8963118279569893,ende,45
cvx,64,0.8952795698924731,ende,45
cvx,93,0.9053655913978494,ende,45
cvx,135,0.8942795698924731,ende,45
cvx,196,0.9028763440860215,ende,45
cvx,285,0.8939516129032258,ende,45
cvx,413,0.8991881720430107,ende,45
cvx,600,0.8928225806451613,ende,45
cvx,871,0.902010752688172,ende,45
cvx,1265,0.887483870967742,ende,45
human,10,0.8985,ende,45
human,14,0.8951666666666667,ende,45
human,21,0.8948333333333334,ende,45
human,30,0.8848333333333334,ende,45
human,44,0.897,ende,45
human,64,0.898,ende,45
human,93,0.9065,ende,45
human,135,0.8958333333333334,ende,45
human,196,0.9026666666666666,ende,45
human,285,0.8928333333333334,ende,45
human,413,0.9023333333333333,ende,45
human,600,0.8926666666666667,ende,45
human,871,0.902,ende,45
human,1265,1.0,ende,45
cvl,10,0.8792016129032258,zhen,01
cvl,14,0.8905846774193549,zhen,01
cvl,22,0.8961088709677419,zhen,01
cvl,33,0.8949072580645161,zhen,01
cvl,49,0.892375,zhen,01
cvl,74,0.9079879032258065,zhen,01
cvl,110,0.8989314516129032,zhen,01
cvl,165,0.9024758064516128,zhen,01
cvl,246,0.8961572580645162,zhen,01
cvl,367,0.896,zhen,01
cvl,548,0.8895,zhen,01
cvl,819,0.8979637096774193,zhen,01
cvl,1222,0.903491935483871,zhen,01
cvl,1825,0.8661854838709677,zhen,01
cvo,10,0.8787983870967742,zhen,01
cvo,14,0.8911370967741935,zhen,01
cvo,22,0.8962258064516129,zhen,01
cvo,33,0.8961693548387096,zhen,01
cvo,49,0.8928306451612903,zhen,01
cvo,74,0.9087822580645162,zhen,01
cvo,110,0.898233870967742,zhen,01
cvo,165,0.9038467741935484,zhen,01
cvo,246,0.8948709677419355,zhen,01
cvo,367,0.8968387096774194,zhen,01
cvo,548,0.8896048387096774,zhen,01
cvo,819,0.895,zhen,01
cvo,1222,0.9065241935483871,zhen,01
cvo,1825,0.9020241935483871,zhen,01
cvq,10,0.8771451612903226,zhen,01
cvq,14,0.8878118279569892,zhen,01
cvq,22,0.8950913978494623,zhen,01
cvq,33,0.8931182795698924,zhen,01
cvq,49,0.8910591397849462,zhen,01
cvq,74,0.9060806451612903,zhen,01
cvq,110,0.898510752688172,zhen,01
cvq,165,0.902747311827957,zhen,01
cvq,246,0.8943118279569893,zhen,01
cvq,367,0.8948172043010753,zhen,01
cvq,548,0.8888172043010752,zhen,01
cvq,819,0.897505376344086,zhen,01
cvq,1222,0.904016129032258,zhen,01
cvq,1825,0.8693655913978494,zhen,01
cvr,10,0.8559193548387096,zhen,01
cvr,14,0.8732258064516129,zhen,01
cvr,22,0.8865645161290323,zhen,01
cvr,33,0.8892096774193549,zhen,01
cvr,49,0.8892741935483871,zhen,01
cvr,74,0.9038279569892473,zhen,01
cvr,110,0.8975752688172043,zhen,01
cvr,165,0.902510752688172,zhen,01
cvr,246,0.8940860215053763,zhen,01
cvr,367,0.8945161290322581,zhen,01
cvr,548,0.8888279569892473,zhen,01
cvr,819,0.8973387096774194,zhen,01
cvr,1222,0.9038978494623656,zhen,01
cvr,1825,0.8693655913978494,zhen,01
cvu,10,0.8786344086021506,zhen,01
cvu,14,0.8896075268817204,zhen,01
cvu,22,0.8970430107526882,zhen,01
cvu,33,0.8946559139784946,zhen,01
cvu,49,0.8927419354838709,zhen,01
cvu,74,0.9084086021505376,zhen,01
cvu,110,0.899505376344086,zhen,01
cvu,165,0.903263440860215,zhen,01
cvu,246,0.8956505376344086,zhen,01
cvu,367,0.8952849462365592,zhen,01
cvu,548,0.8896935483870968,zhen,01
cvu,819,0.8976720430107527,zhen,01
cvu,1222,0.904252688172043,zhen,01
cvu,1825,0.8687096774193548,zhen,01
cvx,10,0.8758440860215054,zhen,01
cvx,14,0.8870107526881721,zhen,01
cvx,22,0.8943010752688172,zhen,01
cvx,33,0.8961075268817205,zhen,01
cvx,49,0.8935645161290322,zhen,01
cvx,74,0.9068010752688173,zhen,01
cvx,110,0.8997419354838709,zhen,01
cvx,165,0.9036774193548387,zhen,01
cvx,246,0.8958494623655914,zhen,01
cvx,367,0.8953870967741936,zhen,01
cvx,548,0.889510752688172,zhen,01
cvx,819,0.8975161290322581,zhen,01
cvx,1222,0.9041935483870968,zhen,01
cvx,1825,0.8687096774193548,zhen,01
human,10,0.8793333333333333,zhen,01
human,14,0.8895,zhen,01
human,22,0.896,zhen,01
human,33,0.8956666666666667,zhen,01
human,49,0.8931666666666667,zhen,01
human,74,0.9093333333333333,zhen,01
human,110,0.8985,zhen,01
human,165,0.9023333333333333,zhen,01
human,246,0.8963333333333333,zhen,01
human,367,0.8945,zhen,01
human,548,0.8893333333333333,zhen,01
human,819,0.899,zhen,01
human,1222,0.9036666666666666,zhen,01
human,1825,1.0,zhen,01
cvl,10,0.8855403225806452,zhen,02
cvl,14,0.8948991935483871,zhen,02
cvl,22,0.8909072580645161,zhen,02
cvl,33,0.8966693548387097,zhen,02
cvl,49,0.8879193548387097,zhen,02
cvl,74,0.8900927419354838,zhen,02
cvl,110,0.899475806451613,zhen,02
cvl,165,0.9018387096774193,zhen,02
cvl,246,0.9044395161290323,zhen,02
cvl,367,0.8978104838709677,zhen,02
cvl,548,0.8982903225806451,zhen,02
cvl,819,0.9000846774193548,zhen,02
cvl,1222,0.9001330645161291,zhen,02
cvl,1825,0.8655443548387097,zhen,02
cvo,10,0.884241935483871,zhen,02
cvo,14,0.8985403225806452,zhen,02
cvo,22,0.8899516129032258,zhen,02
cvo,33,0.9001048387096774,zhen,02
cvo,49,0.8867983870967742,zhen,02
cvo,74,0.8908790322580645,zhen,02
cvo,110,0.8968548387096774,zhen,02
cvo,165,0.90075,zhen,02
cvo,246,0.9059193548387097,zhen,02
cvo,367,0.899258064516129,zhen,02
cvo,548,0.9014758064516128,zhen,02
cvo,819,0.9012096774193549,zhen,02
cvo,1222,0.8985403225806452,zhen,02
cvo,1825,0.8981129032258065,zhen,02
cvq,10,0.8827903225806452,zhen,02
cvq,14,0.8936827956989247,zhen,02
cvq,22,0.888747311827957,zhen,02
cvq,33,0.8955591397849463,zhen,02
cvq,49,0.8851827956989248,zhen,02
cvq,74,0.8875483870967742,zhen,02
cvq,110,0.8979516129032258,zhen,02
cvq,165,0.9003225806451612,zhen,02
cvq,246,0.904510752688172,zhen,02
cvq,367,0.8987903225806452,zhen,02
cvq,548,0.8982688172043011,zhen,02
cvq,819,0.8999623655913979,zhen,02
cvq,1222,0.9030430107526882,zhen,02
cvq,1825,0.8641505376344086,zhen,02
cvr,10,0.8617634408602151,zhen,02
cvr,14,0.8814731182795699,zhen,02
cvr,22,0.8812043010752688,zhen,02
cvr,33,0.8908655913978495,zhen,02
cvr,49,0.883252688172043,zhen,02
cvr,74,0.8864677419354838,zhen,02
cvr,110,0.8973279569892473,zhen,02
cvr,165,0.8999677419354839,zhen,02
cvr,246,0.9043118279569893,zhen,02
cvr,367,0.8988387096774193,zhen,02
cvr,548,0.8980860215053763,zhen,02
cvr,819,0.8999408602150538,zhen,02
cvr,1222,0.9028387096774193,zhen,02
cvr,1825,0.8641505376344086,zhen,02
cvu,10,0.8846720430107526,zhen,02
cvu,14,0.8945645161290322,zhen,02
cvu,22,0.891005376344086,zhen,02
cvu,33,0.8971881720430107,zhen,02
cvu,49,0.8872258064516129,zhen,02
cvu,74,0.8893763440860215,zhen,02
cvu,110,0.8992688172043011,zhen,02
cvu,165,0.9014139784946237,zhen,02
cvu,246,0.9045591397849463,zhen,02
cvu,367,0.899505376344086,zhen,02
cvu,548,0.897731182795699,zhen,02
cvu,819,0.8997741935483871,zhen,02
cvu,1222,0.9027849462365591,zhen,02
cvu,1825,0.8643763440860215,zhen,02
cvx,10,0.8803172043010753,zhen,02
cvx,14,0.8918817204301075,zhen,02
cvx,22,0.8900483870967741,zhen,02
cvx,33,0.8978494623655914,zhen,02
cvx,49,0.8874784946236559,zhen,02
cvx,74,0.8900483870967741,zhen,02
cvx,110,0.8989784946236559,zhen,02
cvx,165,0.901747311827957,zhen,02
cvx,246,0.9045322580645161,zhen,02
cvx,367,0.8994139784946237,zhen,02
cvx,548,0.897505376344086,zhen,02
cvx,819,0.8997849462365591,zhen,02
cvx,1222,0.9027150537634409,zhen,02
cvx,1825,0.8643763440860215,zhen,02
human,10,0.8878333333333334,zhen,02
human,14,0.9011666666666667,zhen,02
human,22,0.8888333333333334,zhen,02
human,33,0.8963333333333333,zhen,02
human,49,0.8871666666666667,zhen,02
human,74,0.887,zhen,02
human,110,0.9035,zhen,02
human,165,0.903,zhen,02
human,246,0.9076666666666666,zhen,02
human,367,0.898,zhen,02
human,548,0.8975,zhen,02
human,819,0.9,zhen,02
human,1222,0.9016666666666666,zhen,02
human,1825,1.0,zhen,02
cvl,10,0.8930887096774194,zhen,03
cvl,14,0.8874153225806451,zhen,03
cvl,22,0.8958306451612903,zhen,03
cvl,33,0.8964314516129033,zhen,03
cvl,49,0.8920201612903226,zhen,03
cvl,74,0.9015,zhen,03
cvl,110,0.9006209677419355,zhen,03
cvl,165,0.8957903225806452,zhen,03
cvl,246,0.9032741935483871,zhen,03
cvl,367,0.9032943548387097,zhen,03
cvl,548,0.905875,zhen,03
cvl,819,0.8933548387096775,zhen,03
cvl,1222,0.8973346774193548,zhen,03
cvl,1825,0.8711935483870967,zhen,03
cvo,10,0.8925967741935484,zhen,03
cvo,14,0.8869758064516129,zhen,03
cvo,22,0.8961209677419355,zhen,03
cvo,33,0.8957016129032258,zhen,03
cvo,49,0.8897419354838709,zhen,03
cvo,74,0.9030483870967742,zhen,03
cvo,110,0.9028629032258064,zhen,03
cvo,165,0.8911532258064516,zhen,03
cvo,246,0.9030645161290323,zhen,03
cvo,367,0.9039838709677419,zhen,03
cvo,548,0.9091612903225806,zhen,03
cvo,819,0.892774193548387,zhen,03
cvo,1222,0.9004516129032258,zhen,03
cvo,1825,0.8984032258064516,zhen,03
cvq,10,0.8911344086021505,zhen,03
cvq,14,0.8843387096774193,zhen,03
cvq,22,0.8926290322580646,zhen,03
cvq,33,0.8938763440860215,zhen,03
cvq,49,0.8888333333333334,zhen,03
cvq,74,0.8996290322580646,zhen,03
cvq,110,0.9003387096774194,zhen,03
cvq,165,0.8943387096774194,zhen,03
cvq,246,0.9020322580645161,zhen,03
cvq,367,0.9035806451612903,zhen,03
cvq,548,0.9077258064516129,zhen,03
cvq,819,0.8921666666666667,zhen,03
cvq,1222,0.8972688172043011,zhen,03
cvq,1825,0.8645376344086021,zhen,03
cvr,10,0.8738333333333334,zhen,03
cvr,14,0.8723333333333333,zhen,03
cvr,22,0.8854462365591398,zhen,03
cvr,33,0.889752688172043,zhen,03
cvr,49,0.8871559139784946,zhen,03
cvr,74,0.8990537634408602,zhen,03
cvr,110,0.8997634408602151,zhen,03
cvr,165,0.8936344086021505,zhen,03
cvr,246,0.9020322580645161,zhen,03
cvr,367,0.9036236559139785,zhen,03
cvr,548,0.9077204301075269,zhen,03
cvr,819,0.8921935483870967,zhen,03
cvr,1222,0.8972258064516129,zhen,03
cvr,1825,0.8645376344086021,zhen,03
cvu,10,0.8927096774193548,zhen,03
cvu,14,0.8860376344086022,zhen,03
cvu,22,0.8950967741935484,zhen,03
cvu,33,0.8954301075268817,zhen,03
cvu,49,0.8905376344086021,zhen,03
cvu,74,0.9006344086021505,zhen,03
cvu,110,0.9016666666666666,zhen,03
cvu,165,0.8953440860215054,zhen,03
cvu,246,0.9026827956989247,zhen,03
cvu,367,0.904258064516129,zhen,03
cvu,548,0.9078172043010753,zhen,03
cvu,819,0.8923870967741936,zhen,03
cvu,1222,0.8972956989247312,zhen,03
cvu,1825,0.8657204301075269,zhen,03
cvx,10,0.8906881720430108,zhen,03
cvx,14,0.8827419354838709,zhen,03
cvx,22,0.8943655913978494,zhen,03
cvx,33,0.8956236559139785,zhen,03
cvx,49,0.8913494623655914,zhen,03
cvx,74,0.9010806451612903,zhen,03
cvx,110,0.9018870967741935,zhen,03
cvx,165,0.8949731182795699,zhen,03
cvx,246,0.9025591397849463,zhen,03
cvx,367,0.9040376344086022,zhen,03
cvx,548,0.9079301075268817,zhen,03
cvx,819,0.8923548387096775,zhen,03
cvx,1222,0.897263440860215,zhen,03
cvx,1825,0.8657204301075269,zhen,03
human,10,0.8906666666666667,zhen,03
human,14,0.8895,zhen,03
human,22,0.8945,zhen,03
human,33,0.8958333333333334,zhen,03
human,49,0.8915,zhen,03
human,74,0.9,zhen,03
human,110,0.9036666666666666,zhen,03
human,165,0.8935,zhen,03
human,246,0.9035,zhen,03
human,367,0.9048333333333334,zhen,03
human,548,0.9095,zhen,03
human,819,0.893,zhen,03
human,1222,0.8963333333333333,zhen,03
human,1825,1.0,zhen,03
cvl,10,0.9084193548387097,zhen,04
cvl,14,0.9029032258064517,zhen,04
cvl,22,0.9037096774193548,zhen,04
cvl,33,0.9079556451612903,zhen,04
cvl,49,0.8997540322580645,zhen,04
cvl,74,0.9016129032258065,zhen,04
cvl,110,0.9033266129032258,zhen,04
cvl,165,0.9017258064516129,zhen,04
cvl,246,0.9010846774193548,zhen,04
cvl,367,0.8978387096774193,zhen,04
cvl,548,0.903875,zhen,04
cvl,819,0.9097620967741935,zhen,04
cvl,1222,0.9107016129032258,zhen,04
cvl,1825,0.8753064516129032,zhen,04
cvo,10,0.9069677419354839,zhen,04
cvo,14,0.9010806451612903,zhen,04
cvo,22,0.9056532258064516,zhen,04
cvo,33,0.9075080645161291,zhen,04
cvo,49,0.8992661290322581,zhen,04
cvo,74,0.9027419354838709,zhen,04
cvo,110,0.9035645161290322,zhen,04
cvo,165,0.9021451612903226,zhen,04
cvo,246,0.9002258064516129,zhen,04
cvo,367,0.89875,zhen,04
cvo,548,0.9049435483870968,zhen,04
cvo,819,0.9107822580645162,zhen,04
cvo,1222,0.9109677419354839,zhen,04
cvo,1825,0.9067903225806452,zhen,04
cvq,10,0.906731182795699,zhen,04
cvq,14,0.9008602150537635,zhen,04
cvq,22,0.9016236559139785,zhen,04
cvq,33,0.9065161290322581,zhen,04
cvq,49,0.8983709677419355,zhen,04
cvq,74,0.9007043010752688,zhen,04
cvq,110,0.9019462365591397,zhen,04
cvq,165,0.9016290322580646,zhen,04
cvq,246,0.8996612903225807,zhen,04
cvq,367,0.8974086021505376,zhen,04
cvq,548,0.903768817204301,zhen,04
cvq,819,0.9115430107526882,zhen,04
cvq,1222,0.9114301075268817,zhen,04
cvq,1825,0.8757204301075269,zhen,04
cvr,10,0.8879247311827957,zhen,04
cvr,14,0.8870913978494623,zhen,04
cvr,22,0.8950053763440861,zhen,04
cvr,33,0.9019301075268817,zhen,04
cvr,49,0.8956290322580646,zhen,04
cvr,74,0.899752688172043,zhen,04
cvr,110,0.9011075268817205,zhen,04
cvr,165,0.9012956989247312,zhen,04
cvr,246,0.8996075268817204,zhen,04
cvr,367,0.897489247311828,zhen,04
cvr,548,0.9036612903225807,zhen,04
cvr,819,0.9115322580645161,zhen,04
cvr,1222,0.9114139784946237,zhen,04
cvr,1825,0.8757204301075269,zhen,04
cvu,10,0.9077043010752688,zhen,04
cvu,14,0.9021935483870968,zhen,04
cvu,22,0.9029623655913979,zhen,04
cvu,33,0.9079139784946236,zhen,04
cvu,49,0.8994193548387097,zhen,04
cvu,74,0.9015537634408602,zhen,04
cvu,110,0.9028763440860215,zhen,04
cvu,165,0.9023010752688172,zhen,04
cvu,246,0.9005322580645161,zhen,04
cvu,367,0.8972096774193549,zhen,04
cvu,548,0.9040322580645161,zhen,04
cvu,819,0.9121290322580645,zhen,04
cvu,1222,0.9115161290322581,zhen,04
cvu,1825,0.8757849462365591,zhen,04
cvx,10,0.9020752688172043,zhen,04
cvx,14,0.8960860215053763,zhen,04
cvx,22,0.9031881720430107,zhen,04
cvx,33,0.9062795698924732,zhen,04
cvx,49,0.8983010752688172,zhen,04
cvx,74,0.902263440860215,zhen,04
cvx,110,0.9025161290322581,zhen,04
cvx,165,0.9018978494623656,zhen,04
cvx,246,0.9005860215053764,zhen,04
cvx,367,0.8973924731182795,zhen,04
cvx,548,0.9039677419354839,zhen,04
cvx,819,0.912,zhen,04
cvx,1222,0.9116129032258065,zhen,04
cvx,1825,0.8757849462365591,zhen,04
human,10,0.9055,zhen,04
human,14,0.9035,zhen,04
human,22,0.9038333333333334,zhen,04
human,33,0.9085,zhen,04
human,49,0.9005,zhen,04
human,74,0.9021666666666667,zhen,04
human,110,0.9043333333333333,zhen,04
human,165,0.9035,zhen,04
human,246,0.904,zhen,04
human,367,0.897,zhen,04
human,548,0.908,zhen,04
human,819,0.9113333333333333,zhen,04
human,1222,0.9136666666666666,zhen,04
human,1825,1.0,zhen,04
cvl,10,0.9112459677419354,zhen,05
cvl,14,0.9069879032258065,zhen,05
cvl,22,0.9138145161290323,zhen,05
cvl,33,0.9044435483870967,zhen,05
cvl,49,0.907383064516129,zhen,05
cvl,74,0.9088870967741935,zhen,05
cvl,110,0.9039758064516129,zhen,05
cvl,165,0.9063225806451612,zhen,05
cvl,246,0.9006653225806451,zhen,05
cvl,367,0.9005685483870968,zhen,05
cvl,548,0.8961008064516129,zhen,05
cvl,819,0.8997379032258065,zhen,05
cvl,1222,0.9058709677419354,zhen,05
cvl,1825,0.839875,zhen,05
cvo,10,0.9119919354838709,zhen,05
cvo,14,0.9089274193548387,zhen,05
cvo,22,0.9136774193548387,zhen,05
cvo,33,0.9052177419354839,zhen,05
cvo,49,0.9085322580645161,zhen,05
cvo,74,0.9101209677419355,zhen,05
cvo,110,0.9052903225806451,zhen,05
cvo,165,0.9071209677419355,zhen,05
cvo,246,0.9010806451612903,zhen,05
cvo,367,0.9008225806451613,zhen,05
cvo,548,0.8944112903225806,zhen,05
cvo,819,0.9017661290322581,zhen,05
cvo,1222,0.9089274193548387,zhen,05
cvo,1825,0.8851532258064516,zhen,05
cvq,10,0.9095591397849463,zhen,05
cvq,14,0.905752688172043,zhen,05
cvq,22,0.911989247311828,zhen,05
cvq,33,0.9044731182795699,zhen,05
cvq,49,0.9072258064516129,zhen,05
cvq,74,0.9078333333333334,zhen,05
cvq,110,0.9038494623655914,zhen,05
cvq,165,0.9065860215053764,zhen,05
cvq,246,0.9000967741935484,zhen,05
cvq,367,0.9014462365591398,zhen,05
cvq,548,0.8949462365591397,zhen,05
cvq,819,0.9004354838709677,zhen,05
cvq,1222,0.9077258064516129,zhen,05
cvq,1825,0.8468709677419355,zhen,05
cvr,10,0.8898709677419355,zhen,05
cvr,14,0.893241935483871,zhen,05
cvr,22,0.9047634408602151,zhen,05
cvr,33,0.9006935483870968,zhen,05
cvr,49,0.904747311827957,zhen,05
cvr,74,0.9073655913978494,zhen,05
cvr,110,0.9032311827956989,zhen,05
cvr,165,0.9064462365591398,zhen,05
cvr,246,0.8999569892473118,zhen,05
cvr,367,0.901247311827957,zhen,05
cvr,548,0.8946612903225807,zhen,05
cvr,819,0.9004569892473119,zhen,05
cvr,1222,0.9077258064516129,zhen,05
cvr,1825,0.8468709677419355,zhen,05
cvu,10,0.9102903225806451,zhen,05
cvu,14,0.9064354838709677,zhen,05
cvu,22,0.9131451612903225,zhen,05
cvu,33,0.9049731182795699,zhen,05
cvu,49,0.9075591397849463,zhen,05
cvu,74,0.9088709677419354,zhen,05
cvu,110,0.9045161290322581,zhen,05
cvu,165,0.907483870967742,zhen,05
cvu,246,0.9006881720430108,zhen,05
cvu,367,0.9016129032258065,zhen,05
cvu,548,0.8949677419354839,zhen,05
cvu,819,0.8999247311827957,zhen,05
cvu,1222,0.9074354838709677,zhen,05
cvu,1825,0.8476021505376344,zhen,05
cvx,10,0.9030537634408602,zhen,05
cvx,14,0.9036397849462365,zhen,05
cvx,22,0.9106129032258065,zhen,05
cvx,33,0.9048817204301075,zhen,05
cvx,49,0.9069086021505376,zhen,05
cvx,74,0.9091236559139785,zhen,05
cvx,110,0.9046344086021505,zhen,05
cvx,165,0.907747311827957,zhen,05
cvx,246,0.9008763440860215,zhen,05
cvx,367,0.9013387096774194,zhen,05
cvx,548,0.8945430107526882,zhen,05
cvx,819,0.9000053763440861,zhen,05
cvx,1222,0.9075322580645161,zhen,05
cvx,1825,0.8476021505376344,zhen,05
human,10,0.9118333333333334,zhen,05
human,14,0.9121666666666667,zhen,05
human,22,0.9156666666666666,zhen,05
human,33,0.9075,zhen,05
human,49,0.9098333333333334,zhen,05
human,74,0.9118333333333334,zhen,05
human,110,0.9036666666666666,zhen,05
human,165,0.9085,zhen,05
human,246,0.9,zhen,05
human,367,0.9036666666666666,zhen,05
human,548,0.8963333333333333,zhen,05
human,819,0.9035,zhen,05
human,1222,0.9068333333333334,zhen,05
human,1825,1.0,zhen,05
cvl,10,0.8833508064516129,zhen,12
cvl,14,0.8879153225806452,zhen,12
cvl,22,0.8821895161290323,zhen,12
cvl,33,0.8909153225806452,zhen,12
cvl,49,0.888366935483871,zhen,12
cvl,74,0.8952016129032258,zhen,12
cvl,110,0.8911451612903226,zhen,12
cvl,165,0.8989193548387097,zhen,12
cvl,246,0.9011451612903226,zhen,12
cvl,367,0.8990806451612903,zhen,12
cvl,548,0.9085403225806452,zhen,12
cvl,819,0.899491935483871,zhen,12
cvl,1222,0.9001290322580645,zhen,12
cvl,1825,0.8719072580645161,zhen,12
cvo,10,0.8807822580645162,zhen,12
cvo,14,0.8866774193548387,zhen,12
cvo,22,0.8843467741935483,zhen,12
cvo,33,0.8897177419354839,zhen,12
cvo,49,0.8880564516129033,zhen,12
cvo,74,0.8935806451612903,zhen,12
cvo,110,0.8887983870967742,zhen,12
cvo,165,0.8970483870967741,zhen,12
cvo,246,0.9025241935483871,zhen,12
cvo,367,0.9017661290322581,zhen,12
cvo,548,0.9089677419354839,zhen,12
cvo,819,0.901241935483871,zhen,12
cvo,1222,0.9012903225806451,zhen,12
cvo,1825,0.9027258064516129,zhen,12
cvq,10,0.8800698924731183,zhen,12
cvq,14,0.8841774193548387,zhen,12
cvq,22,0.881494623655914,zhen,12
cvq,33,0.8882688172043011,zhen,12
cvq,49,0.8856397849462365,zhen,12
cvq,74,0.8941666666666667,zhen,12
cvq,110,0.8885806451612903,zhen,12
cvq,165,0.8972849462365592,zhen,12
cvq,246,0.8995752688172043,zhen,12
cvq,367,0.9005483870967742,zhen,12
cvq,548,0.9084516129032258,zhen,12
cvq,819,0.9005913978494624,zhen,12
cvq,1222,0.8995,zhen,12
cvq,1825,0.8703010752688172,zhen,12
cvr,10,0.8535860215053763,zhen,12
cvr,14,0.8713440860215054,zhen,12
cvr,22,0.8761612903225806,zhen,12
cvr,33,0.8829086021505377,zhen,12
cvr,49,0.8827204301075269,zhen,12
cvr,74,0.8929354838709678,zhen,12
cvr,110,0.8875376344086021,zhen,12
cvr,165,0.8972043010752688,zhen,12
cvr,246,0.8989408602150538,zhen,12
cvr,367,0.900483870967742,zhen,12
cvr,548,0.9083709677419355,zhen,12
cvr,819,0.9005752688172043,zhen,12
cvr,1222,0.8994301075268817,zhen,12
cvr,1825,0.8703010752688172,zhen,12
cvu,10,0.8823225806451613,zhen,12
cvu,14,0.8864516129032258,zhen,12
cvu,22,0.8829354838709678,zhen,12
cvu,33,0.8899892473118279,zhen,12
cvu,49,0.8881290322580645,zhen,12
cvu,74,0.8954247311827958,zhen,12
cvu,110,0.8902741935483871,zhen,12
cvu,165,0.8984354838709677,zhen,12
cvu,246,0.900747311827957,zhen,12
cvu,367,0.9011559139784946,zhen,12
cvu,548,0.9093172043010753,zhen,12
cvu,819,0.9008655913978495,zhen,12
cvu,1222,0.8998333333333334,zhen,12
cvu,1825,0.8706989247311828,zhen,12
cvx,10,0.8779301075268817,zhen,12
cvx,14,0.8832258064516129,zhen,12
cvx,22,0.8864569892473119,zhen,12
cvx,33,0.8886666666666667,zhen,12
cvx,49,0.8875591397849463,zhen,12
cvx,74,0.8956827956989247,zhen,12
cvx,110,0.8899193548387097,zhen,12
cvx,165,0.8983118279569893,zhen,12
cvx,246,0.9006397849462365,zhen,12
cvx,367,0.9015806451612903,zhen,12
cvx,548,0.9092096774193549,zhen,12
cvx,819,0.9009086021505376,zhen,12
cvx,1222,0.8998440860215053,zhen,12
cvx,1825,0.8706989247311828,zhen,12
human,10,0.88,zhen,12
human,14,0.8858333333333334,zhen,12
human,22,0.8811666666666667,zhen,12
human,33,0.8903333333333333,zhen,12
human,49,0.8888333333333334,zhen,12
human,74,0.8963333333333333,zhen,12
human,110,0.887,zhen,12
human,165,0.8965,zhen,12
human,246,0.8985,zhen,12
human,367,0.9008333333333334,zhen,12
human,548,0.9073333333333333,zhen,12
human,819,0.9005,zhen,12
human,1222,0.9,zhen,12
human,1825,1.0,zhen,12
cvl,10,0.8872701612903225,zhen,13
cvl,14,0.884233870967742,zhen,13
cvl,22,0.8967620967741935,zhen,13
cvl,33,0.8917943548387097,zhen,13
cvl,49,0.8871088709677419,zhen,13
cvl,74,0.8925766129032258,zhen,13
cvl,110,0.9013145161290322,zhen,13
cvl,165,0.9015685483870968,zhen,13
cvl,246,0.9031774193548388,zhen,13
cvl,367,0.9052661290322581,zhen,13
cvl,548,0.9025766129032258,zhen,13
cvl,819,0.9000040322580645,zhen,13
cvl,1222,0.8918145161290323,zhen,13
cvl,1825,0.8810645161290322,zhen,13
cvo,10,0.8840645161290323,zhen,13
cvo,14,0.8827258064516129,zhen,13
cvo,22,0.8968709677419355,zhen,13
cvo,33,0.8897096774193548,zhen,13
cvo,49,0.8853306451612903,zhen,13
cvo,74,0.8910483870967741,zhen,13
cvo,110,0.9005403225806452,zhen,13
cvo,165,0.901491935483871,zhen,13
cvo,246,0.9039435483870968,zhen,13
cvo,367,0.9042016129032258,zhen,13
cvo,548,0.9027822580645162,zhen,13
cvo,819,0.901491935483871,zhen,13
cvo,1222,0.8922661290322581,zhen,13
cvo,1825,0.9100403225806452,zhen,13
cvq,10,0.8850376344086022,zhen,13
cvq,14,0.8818333333333334,zhen,13
cvq,22,0.8949247311827957,zhen,13
cvq,33,0.8899032258064516,zhen,13
cvq,49,0.8849892473118279,zhen,13
cvq,74,0.889752688172043,zhen,13
cvq,110,0.8996720430107527,zhen,13
cvq,165,0.9018548387096774,zhen,13
cvq,246,0.9033763440860215,zhen,13
cvq,367,0.9054784946236559,zhen,13
cvq,548,0.9031559139784946,zhen,13
cvq,819,0.9014408602150538,zhen,13
cvq,1222,0.8905591397849463,zhen,13
cvq,1825,0.8800537634408602,zhen,13
cvr,10,0.8656505376344086,zhen,13
cvr,14,0.8718118279569892,zhen,13
cvr,22,0.8870483870967742,zhen,13
cvr,33,0.8851989247311828,zhen,13
cvr,49,0.8822150537634409,zhen,13
cvr,74,0.8882096774193549,zhen,13
cvr,110,0.8989354838709678,zhen,13
cvr,165,0.9018440860215053,zhen,13
cvr,246,0.9031075268817205,zhen,13
cvr,367,0.9054086021505376,zhen,13
cvr,548,0.9031559139784946,zhen,13
cvr,819,0.9013763440860215,zhen,13
cvr,1222,0.8905376344086021,zhen,13
cvr,1825,0.8800537634408602,zhen,13
cvu,10,0.8862956989247311,zhen,13
cvu,14,0.884005376344086,zhen,13
cvu,22,0.8966559139784946,zhen,13
cvu,33,0.8917204301075269,zhen,13
cvu,49,0.8880698924731183,zhen,13
cvu,74,0.8919784946236559,zhen,13
cvu,110,0.9013440860215054,zhen,13
cvu,165,0.9029354838709678,zhen,13
cvu,246,0.903489247311828,zhen,13
cvu,367,0.9059032258064517,zhen,13
cvu,548,0.9038440860215053,zhen,13
cvu,819,0.9015913978494624,zhen,13
cvu,1222,0.8906182795698925,zhen,13
cvu,1825,0.8805268817204301,zhen,13
cvx,10,0.8850645161290323,zhen,13
cvx,14,0.8842688172043011,zhen,13
cvx,22,0.8952956989247312,zhen,13
cvx,33,0.8909677419354839,zhen,13
cvx,49,0.8876290322580646,zhen,13
cvx,74,0.8921774193548387,zhen,13
cvx,110,0.9011344086021505,zhen,13
cvx,165,0.9031774193548388,zhen,13
cvx,246,0.9033709677419355,zhen,13
cvx,367,0.9061129032258064,zhen,13
cvx,548,0.9040268817204301,zhen,13
cvx,819,0.9015268817204302,zhen,13
cvx,1222,0.8906344086021505,zhen,13
cvx,1825,0.8805268817204301,zhen,13
human,10,0.8818333333333334,zhen,13
human,14,0.8833333333333333,zhen,13
human,22,0.8981666666666667,zhen,13
human,33,0.8928333333333334,zhen,13
human,49,0.8883333333333333,zhen,13
human,74,0.8896666666666667,zhen,13
human,110,0.9038333333333334,zhen,13
human,165,0.9035,zhen,13
human,246,0.9031666666666667,zhen,13
human,367,0.9095,zhen,13
human,548,0.9041666666666667,zhen,13
human,819,0.9025,zhen,13
human,1222,0.8916666666666667,zhen,13
human,1825,1.0,zhen,13
cvl,10,0.8944193548387097,zhen,14
cvl,14,0.8925887096774193,zhen,14
cvl,22,0.8884717741935484,zhen,14
cvl,33,0.8942701612903226,zhen,14
cvl,49,0.8960806451612903,zhen,14
cvl,74,0.8977459677419355,zhen,14
cvl,110,0.8968185483870967,zhen,14
cvl,165,0.9059395161290322,zhen,14
cvl,246,0.9061612903225806,zhen,14
cvl,367,0.8957056451612904,zhen,14
cvl,548,0.9003467741935484,zhen,14
cvl,819,0.8975685483870968,zhen,14
cvl,1222,0.9017419354838709,zhen,14
cvl,1825,0.8729838709677419,zhen,14
cvo,10,0.8941612903225806,zhen,14
cvo,14,0.8923467741935484,zhen,14
cvo,22,0.8861209677419355,zhen,14
cvo,33,0.8918387096774194,zhen,14
cvo,49,0.8948306451612903,zhen,14
cvo,74,0.898008064516129,zhen,14
cvo,110,0.895758064516129,zhen,14
cvo,165,0.9043064516129032,zhen,14
cvo,246,0.9050322580645161,zhen,14
cvo,367,0.8964596774193548,zhen,14
cvo,548,0.9011854838709678,zhen,14
cvo,819,0.8961774193548387,zhen,14
cvo,1222,0.900258064516129,zhen,14
cvo,1825,0.8980806451612903,zhen,14
cvq,10,0.8928494623655914,zhen,14
cvq,14,0.8903763440860215,zhen,14
cvq,22,0.8868494623655914,zhen,14
cvq,33,0.8911774193548387,zhen,14
cvq,49,0.8941075268817205,zhen,14
cvq,74,0.896994623655914,zhen,14
cvq,110,0.8962688172043011,zhen,14
cvq,165,0.9059032258064517,zhen,14
cvq,246,0.9047903225806452,zhen,14
cvq,367,0.8956451612903226,zhen,14
cvq,548,0.9005913978494624,zhen,14
cvq,819,0.8985698924731182,zhen,14
cvq,1222,0.9004516129032258,zhen,14
cvq,1825,0.8641075268817204,zhen,14
cvr,10,0.8764247311827957,zhen,14
cvr,14,0.8789838709677419,zhen,14
cvr,22,0.8817043010752689,zhen,14
cvr,33,0.8873225806451613,zhen,14
cvr,49,0.8917688172043011,zhen,14
cvr,74,0.8965,zhen,14
cvr,110,0.8957419354838709,zhen,14
cvr,165,0.905241935483871,zhen,14
cvr,246,0.9047419354838709,zhen,14
cvr,367,0.8956075268817204,zhen,14
cvr,548,0.9005860215053764,zhen,14
cvr,819,0.8985430107526882,zhen,14
cvr,1222,0.9003387096774194,zhen,14
cvr,1825,0.8641075268817204,zhen,14
cvu,10,0.8940591397849462,zhen,14
cvu,14,0.8920806451612904,zhen,14
cvu,22,0.8880698924731183,zhen,14
cvu,33,0.8932096774193549,zhen,14
cvu,49,0.8956182795698925,zhen,14
cvu,74,0.8986881720430108,zhen,14
cvu,110,0.8974139784946237,zhen,14
cvu,165,0.907489247311828,zhen,14
cvu,246,0.9058655913978495,zhen,14
cvu,367,0.8960806451612903,zhen,14
cvu,548,0.9011720430107527,zhen,14
cvu,819,0.8989086021505376,zhen,14
cvu,1222,0.9006505376344086,zhen,14
cvu,1825,0.864,zhen,14
cvx,10,0.8924623655913978,zhen,14
cvx,14,0.8884408602150538,zhen,14
cvx,22,0.8882849462365592,zhen,14
cvx,33,0.8940430107526882,zhen,14
cvx,49,0.8954408602150538,zhen,14
cvx,74,0.8992795698924732,zhen,14
cvx,110,0.8976989247311828,zhen,14
cvx,165,0.9071666666666667,zhen,14
cvx,246,0.9055752688172043,zhen,14
cvx,367,0.8960537634408602,zhen,14
cvx,548,0.901263440860215,zhen,14
cvx,819,0.8990698924731183,zhen,14
cvx,1222,0.9005537634408602,zhen,14
cvx,1825,0.864,zhen,14
human,10,0.8893333333333333,zhen,14
human,14,0.8926666666666667,zhen,14
human,22,0.8906666666666667,zhen,14
human,33,0.8933333333333333,zhen,14
human,49,0.8941666666666667,zhen,14
human,74,0.8985,zhen,14
human,110,0.8958333333333334,zhen,14
human,165,0.9066666666666666,zhen,14
human,246,0.905,zhen,14
human,367,0.898,zhen,14
human,548,0.9013333333333333,zhen,14
human,819,0.8973333333333333,zhen,14
human,1222,0.9006666666666666,zhen,14
human,1825,1.0,zhen,14
cvl,10,0.9054072580645162,zhen,15
cvl,14,0.902758064516129,zhen,15
cvl,22,0.8978709677419355,zhen,15
cvl,33,0.899116935483871,zhen,15
cvl,49,0.8886532258064516,zhen,15
cvl,74,0.8966895161290322,zhen,15
cvl,110,0.8874153225806451,zhen,15
cvl,165,0.9104153225806452,zhen,15
cvl,246,0.9035443548387097,zhen,15
cvl,367,0.9041491935483871,zhen,15
cvl,548,0.9049556451612903,zhen,15
cvl,819,0.8994879032258064,zhen,15
cvl,1222,0.9052056451612903,zhen,15
cvl,1825,0.9006854838709677,zhen,15
cvo,10,0.9019596774193548,zhen,15
cvo,14,0.9023225806451612,zhen,15
cvo,22,0.8972016129032258,zhen,15
cvo,33,0.9015080645161291,zhen,15
cvo,49,0.8865403225806452,zhen,15
cvo,74,0.896475806451613,zhen,15
cvo,110,0.8884112903225806,zhen,15
cvo,165,0.9127903225806452,zhen,15
cvo,246,0.9035403225806452,zhen,15
cvo,367,0.9036209677419355,zhen,15
cvo,548,0.9060322580645161,zhen,15
cvo,819,0.8975161290322581,zhen,15
cvo,1222,0.9060725806451613,zhen,15
cvo,1825,0.9279193548387097,zhen,15
cvq,10,0.9043655913978494,zhen,15
cvq,14,0.9023064516129032,zhen,15
cvq,22,0.8959516129032258,zhen,15
cvq,33,0.8983602150537634,zhen,15
cvq,49,0.8861881720430107,zhen,15
cvq,74,0.8951129032258065,zhen,15
cvq,110,0.8868064516129033,zhen,15
cvq,165,0.9106559139784947,zhen,15
cvq,246,0.9036505376344086,zhen,15
cvq,367,0.9035215053763441,zhen,15
cvq,548,0.905247311827957,zhen,15
cvq,819,0.8989838709677419,zhen,15
cvq,1222,0.905510752688172,zhen,15
cvq,1825,0.9038924731182796,zhen,15
cvr,10,0.8883387096774193,zhen,15
cvr,14,0.8912741935483871,zhen,15
cvr,22,0.8887849462365591,zhen,15
cvr,33,0.8948870967741935,zhen,15
cvr,49,0.8846666666666667,zhen,15
cvr,74,0.8935860215053764,zhen,15
cvr,110,0.8862043010752688,zhen,15
cvr,165,0.9107204301075269,zhen,15
cvr,246,0.9034408602150538,zhen,15
cvr,367,0.9034139784946237,zhen,15
cvr,548,0.9053494623655914,zhen,15
cvr,819,0.8988440860215053,zhen,15
cvr,1222,0.9055,zhen,15
cvr,1825,0.9038924731182796,zhen,15
cvu,10,0.9050322580645161,zhen,15
cvu,14,0.9035752688172043,zhen,15
cvu,22,0.8976612903225807,zhen,15
cvu,33,0.8989354838709678,zhen,15
cvu,49,0.8867258064516129,zhen,15
cvu,74,0.8961075268817205,zhen,15
cvu,110,0.8872096774193549,zhen,15
cvu,165,0.911,zhen,15
cvu,246,0.9040967741935484,zhen,15
cvu,367,0.9038118279569892,zhen,15
cvu,548,0.9053655913978494,zhen,15
cvu,819,0.8991075268817205,zhen,15
cvu,1222,0.9053655913978494,zhen,15
cvu,1825,0.9028817204301075,zhen,15
cvx,10,0.9004516129032258,zhen,15
cvx,14,0.9033817204301076,zhen,15
cvx,22,0.8950913978494623,zhen,15
cvx,33,0.8986129032258064,zhen,15
cvx,49,0.8870698924731183,zhen,15
cvx,74,0.8958978494623656,zhen,15
cvx,110,0.8871559139784946,zhen,15
cvx,165,0.9115161290322581,zhen,15
cvx,246,0.9036935483870968,zhen,15
cvx,367,0.9036989247311829,zhen,15
cvx,548,0.9054139784946237,zhen,15
cvx,819,0.8990430107526882,zhen,15
cvx,1222,0.9054408602150538,zhen,15
cvx,1825,0.9028817204301075,zhen,15
human,10,0.9003333333333333,zhen,15
human,14,0.908,zhen,15
human,22,0.8983333333333333,zhen,15
human,33,0.9003333333333333,zhen,15
human,49,0.887,zhen,15
human,74,0.8963333333333333,zhen,15
human,110,0.8865,zhen,15
human,165,0.9105,zhen,15
human,246,0.8988333333333334,zhen,15
human,367,0.9046666666666666,zhen,15
human,548,0.9055,zhen,15
human,819,0.8983333333333333,zhen,15
human,1222,0.9066666666666666,zhen,15
human,1825,1.0,zhen,15
cvl,10,0.8833629032258065,zhen,23
cvl,14,0.8862701612903225,zhen,23
cvl,22,0.8927782258064516,zhen,23
cvl,33,0.8889032258064516,zhen,23
cvl,49,0.9033508064516129,zhen,23
cvl,74,0.8944435483870967,zhen,23
cvl,110,0.8973185483870968,zhen,23
cvl,165,0.9019072580645161,zhen,23
cvl,246,0.9027983870967742,zhen,23
cvl,367,0.888125,zhen,23
cvl,548,0.9008548387096774,zhen,23
cvl,819,0.891991935483871,zhen,23
cvl,1222,0.8958709677419355,zhen,23
cvl,1825,0.8945887096774193,zhen,23
cvo,10,0.8816451612903226,zhen,23
cvo,14,0.8850887096774194,zhen,23
cvo,22,0.8916693548387097,zhen,23
cvo,33,0.890766129032258,zhen,23
cvo,49,0.9022096774193549,zhen,23
cvo,74,0.8961854838709677,zhen,23
cvo,110,0.9001290322580645,zhen,23
cvo,165,0.9032661290322581,zhen,23
cvo,246,0.9021290322580645,zhen,23
cvo,367,0.8888306451612903,zhen,23
cvo,548,0.902491935483871,zhen,23
cvo,819,0.8935322580645161,zhen,23
cvo,1222,0.8970241935483871,zhen,23
cvo,1825,0.9127177419354838,zhen,23
cvq,10,0.8813763440860215,zhen,23
cvq,14,0.8841236559139785,zhen,23
cvq,22,0.8901774193548387,zhen,23
cvq,33,0.8862311827956989,zhen,23
cvq,49,0.9007741935483871,zhen,23
cvq,74,0.8934086021505376,zhen,23
cvq,110,0.8978225806451613,zhen,23
cvq,165,0.901252688172043,zhen,23
cvq,246,0.9028279569892473,zhen,23
cvq,367,0.8861290322580645,zhen,23
cvq,548,0.9010967741935484,zhen,23
cvq,819,0.8904731182795699,zhen,23
cvq,1222,0.8975215053763441,zhen,23
cvq,1825,0.8836236559139785,zhen,23
cvr,10,0.8614784946236559,zhen,23
cvr,14,0.8714731182795699,zhen,23
cvr,22,0.8838118279569892,zhen,23
cvr,33,0.8834139784946237,zhen,23
cvr,49,0.8983118279569893,zhen,23
cvr,74,0.8927365591397849,zhen,23
cvr,110,0.8969247311827957,zhen,23
cvr,165,0.9007096774193548,zhen,23
cvr,246,0.9030430107526882,zhen,23
cvr,367,0.8862688172043011,zhen,23
cvr,548,0.901016129032258,zhen,23
cvr,819,0.8903064516129032,zhen,23
cvr,1222,0.8976075268817204,zhen,23
cvr,1825,0.8836236559139785,zhen,23
cvu,10,0.8827688172043011,zhen,23
cvu,14,0.8861290322580645,zhen,23
cvu,22,0.891752688172043,zhen,23
cvu,33,0.888005376344086,zhen,23
cvu,49,0.9026344086021505,zhen,23
cvu,74,0.8951989247311828,zhen,23
cvu,110,0.8996290322580646,zhen,23
cvu,165,0.9020752688172043,zhen,23
cvu,246,0.9037903225806452,zhen,23
cvu,367,0.8863709677419355,zhen,23
cvu,548,0.9012150537634409,zhen,23
cvu,819,0.8906451612903226,zhen,23
cvu,1222,0.897489247311828,zhen,23
cvu,1825,0.8841935483870967,zhen,23
cvx,10,0.8820107526881721,zhen,23
cvx,14,0.8840806451612904,zhen,23
cvx,22,0.8915752688172043,zhen,23
cvx,33,0.8884516129032258,zhen,23
cvx,49,0.9019139784946236,zhen,23
cvx,74,0.8960752688172043,zhen,23
cvx,110,0.8993279569892473,zhen,23
cvx,165,0.9020806451612903,zhen,23
cvx,246,0.9039301075268817,zhen,23
cvx,367,0.8865376344086021,zhen,23
cvx,548,0.9010913978494623,zhen,23
cvx,819,0.8904569892473119,zhen,23
cvx,1222,0.8975591397849463,zhen,23
cvx,1825,0.8841935483870967,zhen,23
human,10,0.8781666666666667,zhen,23
human,14,0.8811666666666667,zhen,23
human,22,0.8931666666666667,zhen,23
human,33,0.892,zhen,23
human,49,0.9043333333333333,zhen,23
human,74,0.8928333333333334,zhen,23
human,110,0.9005,zhen,23
human,165,0.9033333333333333,zhen,23
human,246,0.9041666666666667,zhen,23
human,367,0.8876666666666667,zhen,23
human,548,0.9005,zhen,23
human,819,0.8913333333333333,zhen,23
human,1222,0.899,zhen,23
human,1825,1.0,zhen,23
cvl,10,0.8858104838709677,zhen,24
cvl,14,0.8924233870967742,zhen,24
cvl,22,0.8849959677419355,zhen,24
cvl,33,0.9058709677419354,zhen,24
cvl,49,0.8917298387096774,zhen,24
cvl,74,0.9003508064516129,zhen,24
cvl,110,0.8909032258064516,zhen,24
cvl,165,0.9025846774193549,zhen,24
cvl,246,0.9069193548387097,zhen,24
cvl,367,0.8976572580645161,zhen,24
cvl,548,0.8951693548387096,zhen,24
cvl,819,0.901233870967742,zhen,24
cvl,1222,0.907391129032258,zhen,24
cvl,1825,0.8731169354838709,zhen,24
cvo,10,0.8845887096774193,zhen,24
cvo,14,0.8897419354838709,zhen,24
cvo,22,0.8817016129032258,zhen,24
cvo,33,0.9061048387096774,zhen,24
cvo,49,0.890491935483871,zhen,24
cvo,74,0.8996854838709677,zhen,24
cvo,110,0.8919032258064516,zhen,24
cvo,165,0.9025322580645161,zhen,24
cvo,246,0.9098387096774193,zhen,24
cvo,367,0.8977741935483871,zhen,24
cvo,548,0.8967096774193548,zhen,24
cvo,819,0.9028467741935484,zhen,24
cvo,1222,0.9086451612903226,zhen,24
cvo,1825,0.8986854838709677,zhen,24
cvq,10,0.8824569892473119,zhen,24
cvq,14,0.8906344086021505,zhen,24
cvq,22,0.8820806451612904,zhen,24
cvq,33,0.9042311827956989,zhen,24
cvq,49,0.889483870967742,zhen,24
cvq,74,0.896774193548387,zhen,24
cvq,110,0.8894032258064516,zhen,24
cvq,165,0.9026129032258065,zhen,24
cvq,246,0.908731182795699,zhen,24
cvq,367,0.8971559139784946,zhen,24
cvq,548,0.8962204301075268,zhen,24
cvq,819,0.9009247311827957,zhen,24
cvq,1222,0.9080752688172044,zhen,24
cvq,1825,0.8648817204301076,zhen,24
cvr,10,0.8619301075268817,zhen,24
cvr,14,0.8769354838709678,zhen,24
cvr,22,0.8763709677419355,zhen,24
cvr,33,0.8998225806451613,zhen,24
cvr,49,0.8880215053763441,zhen,24
cvr,74,0.8944139784946237,zhen,24
cvr,110,0.8888763440860215,zhen,24
cvr,165,0.9025,zhen,24
cvr,246,0.9089784946236559,zhen,24
cvr,367,0.8970483870967741,zhen,24
cvr,548,0.8960806451612903,zhen,24
cvr,819,0.9010913978494623,zhen,24
cvr,1222,0.9080215053763441,zhen,24
cvr,1825,0.8648817204301076,zhen,24
cvu,10,0.8840430107526882,zhen,24
cvu,14,0.892494623655914,zhen,24
cvu,22,0.8843494623655914,zhen,24
cvu,33,0.906,zhen,24
cvu,49,0.8908333333333334,zhen,24
cvu,74,0.8990053763440861,zhen,24
cvu,110,0.8911774193548387,zhen,24
cvu,165,0.9034301075268817,zhen,24
cvu,246,0.9092741935483871,zhen,24
cvu,367,0.8979032258064517,zhen,24
cvu,548,0.8965268817204302,zhen,24
cvu,819,0.9013118279569893,zhen,24
cvu,1222,0.9084516129032258,zhen,24
cvu,1825,0.8667311827956989,zhen,24
cvx,10,0.879510752688172,zhen,24
cvx,14,0.8896182795698925,zhen,24
cvx,22,0.8859354838709678,zhen,24
cvx,33,0.9036881720430108,zhen,24
cvx,49,0.8911612903225806,zhen,24
cvx,74,0.8973387096774194,zhen,24
cvx,110,0.891483870967742,zhen,24
cvx,165,0.9036666666666666,zhen,24
cvx,246,0.9094408602150538,zhen,24
cvx,367,0.8979838709677419,zhen,24
cvx,548,0.8964086021505376,zhen,24
cvx,819,0.9014354838709677,zhen,24
cvx,1222,0.9084731182795699,zhen,24
cvx,1825,0.8667311827956989,zhen,24
human,10,0.8791666666666667,zhen,24
human,14,0.8921666666666667,zhen,24
human,22,0.8818333333333334,zhen,24
human,33,0.9065,zhen,24
human,49,0.8908333333333334,zhen,24
human,74,0.8986666666666666,zhen,24
human,110,0.8896666666666667,zhen,24
human,165,0.9053333333333333,zhen,24
human,246,0.9113333333333333,zhen,24
human,367,0.8976666666666666,zhen,24
human,548,0.8981666666666667,zhen,24
human,819,0.9001666666666667,zhen,24
human,1222,0.908,zhen,24
human,1825,1.0,zhen,24
cvl,10,0.8965967741935484,zhen,25
cvl,14,0.8863870967741936,zhen,25
cvl,22,0.8993145161290322,zhen,25
cvl,33,0.9073306451612904,zhen,25
cvl,49,0.8974314516129033,zhen,25
cvl,74,0.9023427419354839,zhen,25
cvl,110,0.9037137096774194,zhen,25
cvl,165,0.9053024193548387,zhen,25
cvl,246,0.9076935483870968,zhen,25
cvl,367,0.8995483870967742,zhen,25
cvl,548,0.905375,zhen,25
cvl,819,0.895233870967742,zhen,25
cvl,1222,0.9022661290322581,zhen,25
cvl,1825,0.8782459677419355,zhen,25
cvo,10,0.8936370967741936,zhen,25
cvo,14,0.8855645161290323,zhen,25
cvo,22,0.897766129032258,zhen,25
cvo,33,0.907491935483871,zhen,25
cvo,49,0.8983306451612904,zhen,25
cvo,74,0.9036935483870968,zhen,25
cvo,110,0.9012903225806451,zhen,25
cvo,165,0.9069677419354839,zhen,25
cvo,246,0.9085645161290322,zhen,25
cvo,367,0.9000725806451613,zhen,25
cvo,548,0.9064193548387097,zhen,25
cvo,819,0.8933790322580645,zhen,25
cvo,1222,0.9043064516129032,zhen,25
cvo,1825,0.9044758064516129,zhen,25
cvq,10,0.8948010752688172,zhen,25
cvq,14,0.8833333333333333,zhen,25
cvq,22,0.8974139784946237,zhen,25
cvq,33,0.9067634408602151,zhen,25
cvq,49,0.8958118279569892,zhen,25
cvq,74,0.9016881720430108,zhen,25
cvq,110,0.9022150537634409,zhen,25
cvq,165,0.9035537634408602,zhen,25
cvq,246,0.9089569892473118,zhen,25
cvq,367,0.8985215053763441,zhen,25
cvq,548,0.9064516129032258,zhen,25
cvq,819,0.8931720430107527,zhen,25
cvq,1222,0.9037903225806452,zhen,25
cvq,1825,0.8726344086021506,zhen,25
cvr,10,0.8741989247311828,zhen,25
cvr,14,0.8716827956989247,zhen,25
cvr,22,0.8897096774193548,zhen,25
cvr,33,0.9017150537634409,zhen,25
cvr,49,0.8944301075268817,zhen,25
cvr,74,0.9002903225806451,zhen,25
cvr,110,0.9012096774193549,zhen,25
cvr,165,0.9031935483870968,zhen,25
cvr,246,0.9086989247311827,zhen,25
cvr,367,0.8982741935483871,zhen,25
cvr,548,0.9065430107526882,zhen,25
cvr,819,0.8930752688172043,zhen,25
cvr,1222,0.9038655913978495,zhen,25
cvr,1825,0.8726344086021506,zhen,25
cvu,10,0.8964569892473119,zhen,25
cvu,14,0.8845215053763441,zhen,25
cvu,22,0.8986559139784946,zhen,25
cvu,33,0.9080483870967742,zhen,25
cvu,49,0.8968440860215053,zhen,25
cvu,74,0.9025376344086021,zhen,25
cvu,110,0.9028870967741935,zhen,25
cvu,165,0.904,zhen,25
cvu,246,0.9089784946236559,zhen,25
cvu,367,0.8989516129032258,zhen,25
cvu,548,0.9066881720430108,zhen,25
cvu,819,0.893236559139785,zhen,25
cvu,1222,0.9040698924731183,zhen,25
cvu,1825,0.8735913978494624,zhen,25
cvx,10,0.8900806451612904,zhen,25
cvx,14,0.8827204301075269,zhen,25
cvx,22,0.8965698924731182,zhen,25
cvx,33,0.9056021505376344,zhen,25
cvx,49,0.8968010752688172,zhen,25
cvx,74,0.902263440860215,zhen,25
cvx,110,0.9018548387096774,zhen,25
cvx,165,0.9041129032258064,zhen,25
cvx,246,0.909236559139785,zhen,25
cvx,367,0.8987688172043011,zhen,25
cvx,548,0.9066182795698925,zhen,25
cvx,819,0.8931881720430107,zhen,25
cvx,1222,0.9040967741935484,zhen,25
cvx,1825,0.8735913978494624,zhen,25
human,10,0.894,zhen,25
human,14,0.8841666666666667,zhen,25
human,22,0.8985,zhen,25
human,33,0.9096666666666666,zhen,25
human,49,0.8968333333333334,zhen,25
human,74,0.9035,zhen,25
human,110,0.9021666666666667,zhen,25
human,165,0.9038333333333334,zhen,25
human,246,0.9073333333333333,zhen,25
human,367,0.8981666666666667,zhen,25
human,548,0.9056666666666666,zhen,25
human,819,0.8941666666666667,zhen,25
human,1222,0.903,zhen,25
human,1825,1.0,zhen,25
cvl,10,0.8828427419354838,zhen,34
cvl,14,0.8923225806451613,zhen,34
cvl,22,0.8925201612903226,zhen,34
cvl,33,0.9009838709677419,zhen,34
cvl,49,0.8933185483870968,zhen,34
cvl,74,0.896116935483871,zhen,34
cvl,110,0.8932903225806451,zhen,34
cvl,165,0.8931411290322581,zhen,34
cvl,246,0.8993548387096775,zhen,34
cvl,367,0.8961975806451613,zhen,34
cvl,548,0.8946008064516129,zhen,34
cvl,819,0.9048185483870967,zhen,34
cvl,1222,0.9029959677419355,zhen,34
cvl,1825,0.88375,zhen,34
cvo,10,0.8837983870967742,zhen,34
cvo,14,0.8908870967741935,zhen,34
cvo,22,0.8929354838709678,zhen,34
cvo,33,0.9017096774193548,zhen,34
cvo,49,0.8917983870967742,zhen,34
cvo,74,0.8959758064516129,zhen,34
cvo,110,0.8949112903225807,zhen,34
cvo,165,0.8932983870967742,zhen,34
cvo,246,0.8994193548387097,zhen,34
cvo,367,0.8984112903225806,zhen,34
cvo,548,0.8932661290322581,zhen,34
cvo,819,0.9051854838709678,zhen,34
cvo,1222,0.9019354838709678,zhen,34
cvo,1825,0.9046693548387097,zhen,34
cvq,10,0.8807956989247312,zhen,34
cvq,14,0.8892956989247311,zhen,34
cvq,22,0.8906344086021505,zhen,34
cvq,33,0.9002258064516129,zhen,34
cvq,49,0.8905752688172043,zhen,34
cvq,74,0.8944032258064516,zhen,34
cvq,110,0.8921129032258065,zhen,34
cvq,165,0.8932795698924731,zhen,34
cvq,246,0.8972849462365592,zhen,34
cvq,367,0.8954354838709677,zhen,34
cvq,548,0.8923172043010753,zhen,34
cvq,819,0.9049086021505376,zhen,34
cvq,1222,0.9040645161290323,zhen,34
cvq,1825,0.8728924731182796,zhen,34
cvr,10,0.8618118279569893,zhen,34
cvr,14,0.8771774193548387,zhen,34
cvr,22,0.8840483870967742,zhen,34
cvr,33,0.8959892473118279,zhen,34
cvr,49,0.8884677419354838,zhen,34
cvr,74,0.8928817204301075,zhen,34
cvr,110,0.8912795698924731,zhen,34
cvr,165,0.8933870967741936,zhen,34
cvr,246,0.8968387096774194,zhen,34
cvr,367,0.8954408602150538,zhen,34
cvr,548,0.8924032258064516,zhen,34
cvr,819,0.9047741935483871,zhen,34
cvr,1222,0.903989247311828,zhen,34
cvr,1825,0.8728924731182796,zhen,34
cvu,10,0.8817258064516129,zhen,34
cvu,14,0.8909516129032258,zhen,34
cvu,22,0.8920698924731183,zhen,34
cvu,33,0.9019032258064517,zhen,34
cvu,49,0.8922688172043011,zhen,34
cvu,74,0.8961935483870968,zhen,34
cvu,110,0.8937096774193548,zhen,34
cvu,165,0.8943440860215054,zhen,34
cvu,246,0.8987741935483871,zhen,34
cvu,367,0.8959623655913979,zhen,34
cvu,548,0.8925215053763441,zhen,34
cvu,819,0.9053279569892473,zhen,34
cvu,1222,0.904016129032258,zhen,34
cvu,1825,0.8731075268817204,zhen,34
cvx,10,0.8798440860215053,zhen,34
cvx,14,0.8875483870967742,zhen,34
cvx,22,0.8912311827956989,zhen,34
cvx,33,0.900252688172043,zhen,34
cvx,49,0.8922741935483871,zhen,34
cvx,74,0.8965268817204302,zhen,34
cvx,110,0.8931075268817205,zhen,34
cvx,165,0.8946344086021505,zhen,34
cvx,246,0.8979784946236559,zhen,34
cvx,367,0.8960860215053763,zhen,34
cvx,548,0.8925967741935484,zhen,34
cvx,819,0.9053548387096774,zhen,34
cvx,1222,0.9040698924731183,zhen,34
cvx,1825,0.8731075268817204,zhen,34
human,10,0.8806666666666667,zhen,34
human,14,0.8895,zhen,34
human,22,0.892,zhen,34
human,33,0.9038333333333334,zhen,34
human,49,0.8901666666666667,zhen,34
human,74,0.8956666666666667,zhen,34
human,110,0.895,zhen,34
human,165,0.8943333333333333,zhen,34
human,246,0.8981666666666667,zhen,34
human,367,0.8963333333333333,zhen,34
human,548,0.8925,zhen,34
human,819,0.9046666666666666,zhen,34
human,1222,0.9036666666666666,zhen,34
human,1825,1.0,zhen,34
cvl,10,0.8894596774193548,zhen,35
cvl,14,0.8945483870967742,zhen,35
cvl,22,0.9053709677419355,zhen,35
cvl,33,0.8876129032258064,zhen,35
cvl,49,0.8943467741935484,zhen,35
cvl,74,0.8997701612903226,zhen,35
cvl,110,0.8972016129032258,zhen,35
cvl,165,0.8956774193548387,zhen,35
cvl,246,0.8999072580645161,zhen,35
cvl,367,0.891233870967742,zhen,35
cvl,548,0.8961532258064516,zhen,35
cvl,819,0.9007459677419355,zhen,35
cvl,1222,0.9010282258064516,zhen,35
cvl,1825,0.8771814516129032,zhen,35
cvo,10,0.8896129032258064,zhen,35
cvo,14,0.8940322580645161,zhen,35
cvo,22,0.9065322580645161,zhen,35
cvo,33,0.8869112903225806,zhen,35
cvo,49,0.893991935483871,zhen,35
cvo,74,0.8980564516129033,zhen,35
cvo,110,0.8961290322580645,zhen,35
cvo,165,0.8970967741935484,zhen,35
cvo,246,0.900483870967742,zhen,35
cvo,367,0.8911854838709677,zhen,35
cvo,548,0.8959354838709678,zhen,35
cvo,819,0.9012741935483871,zhen,35
cvo,1222,0.9041532258064516,zhen,35
cvo,1825,0.9048709677419355,zhen,35
cvq,10,0.888258064516129,zhen,35
cvq,14,0.892236559139785,zhen,35
cvq,22,0.904,zhen,35
cvq,33,0.8846612903225807,zhen,35
cvq,49,0.893494623655914,zhen,35
cvq,74,0.8987096774193548,zhen,35
cvq,110,0.8956612903225807,zhen,35
cvq,165,0.8958279569892473,zhen,35
cvq,246,0.9003494623655914,zhen,35
cvq,367,0.8923118279569893,zhen,35
cvq,548,0.8966075268817204,zhen,35
cvq,819,0.9017956989247312,zhen,35
cvq,1222,0.9015,zhen,35
cvq,1825,0.8731612903225806,zhen,35
cvr,10,0.8679569892473118,zhen,35
cvr,14,0.8785483870967742,zhen,35
cvr,22,0.8973118279569893,zhen,35
cvr,33,0.8815698924731182,zhen,35
cvr,49,0.8919516129032258,zhen,35
cvr,74,0.8983118279569893,zhen,35
cvr,110,0.8946344086021505,zhen,35
cvr,165,0.8956182795698925,zhen,35
cvr,246,0.9000053763440861,zhen,35
cvr,367,0.8922688172043011,zhen,35
cvr,548,0.8966021505376344,zhen,35
cvr,819,0.9016612903225807,zhen,35
cvr,1222,0.9014139784946237,zhen,35
cvr,1825,0.8731612903225806,zhen,35
cvu,10,0.8895483870967742,zhen,35
cvu,14,0.8938387096774194,zhen,35
cvu,22,0.9052795698924732,zhen,35
cvu,33,0.8864677419354838,zhen,35
cvu,49,0.8951666666666667,zhen,35
cvu,74,0.9002258064516129,zhen,35
cvu,110,0.8968548387096774,zhen,35
cvu,165,0.896247311827957,zhen,35
cvu,246,0.9007419354838709,zhen,35
cvu,367,0.8925322580645161,zhen,35
cvu,548,0.8966505376344086,zhen,35
cvu,819,0.9020268817204301,zhen,35
cvu,1222,0.9014946236559139,zhen,35
cvu,1825,0.8736344086021506,zhen,35
cvx,10,0.8844784946236559,zhen,35
cvx,14,0.8902526881720431,zhen,35
cvx,22,0.9040698924731183,zhen,35
cvx,33,0.8870698924731183,zhen,35
cvx,49,0.895505376344086,zhen,35
cvx,74,0.9002043010752688,zhen,35
cvx,110,0.8965591397849463,zhen,35
cvx,165,0.896258064516129,zhen,35
cvx,246,0.9007795698924731,zhen,35
cvx,367,0.8924354838709677,zhen,35
cvx,548,0.8966935483870968,zhen,35
cvx,819,0.9021075268817205,zhen,35
cvx,1222,0.901483870967742,zhen,35
cvx,1825,0.8736344086021506,zhen,35
human,10,0.884,zhen,35
human,14,0.8955,zhen,35
human,22,0.9058333333333334,zhen,35
human,33,0.885,zhen,35
human,49,0.8958333333333334,zhen,35
human,74,0.8998333333333334,zhen,35
human,110,0.8973333333333333,zhen,35
human,165,0.8956666666666667,zhen,35
human,246,0.8998333333333334,zhen,35
human,367,0.8925,zhen,35
human,548,0.8978333333333334,zhen,35
human,819,0.9016666666666666,zhen,35
human,1222,0.9021666666666667,zhen,35
human,1825,1.0,zhen,35
cvl,10,0.8854596774193548,zhen,45
cvl,14,0.8866129032258064,zhen,45
cvl,22,0.8903427419354839,zhen,45
cvl,33,0.8946491935483871,zhen,45
cvl,49,0.9004717741935484,zhen,45
cvl,74,0.8984677419354838,zhen,45
cvl,110,0.8963346774193548,zhen,45
cvl,165,0.9011774193548387,zhen,45
cvl,246,0.9061733870967742,zhen,45
cvl,367,0.8891370967741935,zhen,45
cvl,548,0.8954596774193548,zhen,45
cvl,819,0.9007177419354838,zhen,45
cvl,1222,0.9006935483870968,zhen,45
cvl,1825,0.8862056451612903,zhen,45
cvo,10,0.8843548387096775,zhen,45
cvo,14,0.8866774193548387,zhen,45
cvo,22,0.8896854838709678,zhen,45
cvo,33,0.8951048387096774,zhen,45
cvo,49,0.9014516129032258,zhen,45
cvo,74,0.8968145161290323,zhen,45
cvo,110,0.8963790322580645,zhen,45
cvo,165,0.9027903225806452,zhen,45
cvo,246,0.90725,zhen,45
cvo,367,0.8881612903225806,zhen,45
cvo,548,0.8977903225806452,zhen,45
cvo,819,0.9011532258064516,zhen,45
cvo,1222,0.9015241935483871,zhen,45
cvo,1825,0.9122903225806451,zhen,45
cvq,10,0.8832150537634409,zhen,45
cvq,14,0.8839569892473118,zhen,45
cvq,22,0.8886612903225807,zhen,45
cvq,33,0.8930107526881721,zhen,45
cvq,49,0.8990537634408602,zhen,45
cvq,74,0.8964946236559139,zhen,45
cvq,110,0.8951989247311828,zhen,45
cvq,165,0.9014354838709677,zhen,45
cvq,246,0.9078118279569892,zhen,45
cvq,367,0.8892043010752688,zhen,45
cvq,548,0.8965806451612903,zhen,45
cvq,819,0.9008548387096774,zhen,45
cvq,1222,0.9006559139784946,zhen,45
cvq,1825,0.8830537634408602,zhen,45
cvr,10,0.8593709677419354,zhen,45
cvr,14,0.871489247311828,zhen,45
cvr,22,0.8825215053763441,zhen,45
cvr,33,0.8895591397849463,zhen,45
cvr,49,0.897241935483871,zhen,45
cvr,74,0.8951182795698924,zhen,45
cvr,110,0.8949032258064517,zhen,45
cvr,165,0.9009247311827957,zhen,45
cvr,246,0.9079086021505376,zhen,45
cvr,367,0.8894086021505376,zhen,45
cvr,548,0.8966129032258064,zhen,45
cvr,819,0.9008225806451613,zhen,45
cvr,1222,0.9006129032258064,zhen,45
cvr,1825,0.8830537634408602,zhen,45
cvu,10,0.885258064516129,zhen,45
cvu,14,0.8857258064516129,zhen,45
cvu,22,0.8902526881720431,zhen,45
cvu,33,0.8939193548387097,zhen,45
cvu,49,0.9002150537634409,zhen,45
cvu,74,0.8986935483870968,zhen,45
cvu,110,0.8960107526881721,zhen,45
cvu,165,0.902731182795699,zhen,45
cvu,246,0.9084731182795699,zhen,45
cvu,367,0.8901451612903226,zhen,45
cvu,548,0.8970752688172043,zhen,45
cvu,819,0.9012956989247312,zhen,45
cvu,1222,0.9005430107526882,zhen,45
cvu,1825,0.8826451612903226,zhen,45
cvx,10,0.8791666666666667,zhen,45
cvx,14,0.8838924731182796,zhen,45
cvx,22,0.8899516129032258,zhen,45
cvx,33,0.8928924731182796,zhen,45
cvx,49,0.8998010752688173,zhen,45
cvx,74,0.8985752688172043,zhen,45
cvx,110,0.8961397849462366,zhen,45
cvx,165,0.9022150537634409,zhen,45
cvx,246,0.9085860215053764,zhen,45
cvx,367,0.8900860215053763,zhen,45
cvx,548,0.8970430107526882,zhen,45
cvx,819,0.9013763440860215,zhen,45
cvx,1222,0.9004623655913978,zhen,45
cvx,1825,0.8826451612903226,zhen,45
human,10,0.8846666666666667,zhen,45
human,14,0.8826666666666667,zhen,45
human,22,0.89,zhen,45
human,33,0.8965,zhen,45
human,49,0.9015,zhen,45
human,74,0.8978333333333334,zhen,45
human,110,0.8981666666666667,zhen,45
human,165,0.8991666666666667,zhen,45
human,246,0.9075,zhen,45
human,367,0.8916666666666667,zhen,45
human,548,0.8976666666666666,zhen,45
human,819,0.9031666666666667,zhen,45
human,1222,0.8986666666666666,zhen,45
human,1825,1.0,zhen,45
