lp,judge,eps,hes_pilot,hes_oracle,tax,lam_pilot_cv
ende,comet22,0.005,0.017918051932725776,0.06092137657126795,0.04300332463854217,0.5229875015725518
ende,comet22,0.01,0.044477215190647845,0.058003359210849315,0.01352614402020147,0.5229875015725518
ende,comet22,0.02,-0.02073841071713911,-0.004260909098492638,0.016477501618646473,0.5229875015725518
ende,qwen3_8b,0.005,-0.04313605094915496,0.017918051932725776,0.061054102881880734,0.8849528655239478
ende,qwen3_8b,0.01,-0.01033188331956092,0.02859424304571412,0.03892612636527504,0.8849528655239478
ende,qwen3_8b,0.02,-0.014917685976963746,0.03970770039290261,0.05462538636986636,0.8849528655239478
ende,mistral_7b,0.005,-0.05242689269204992,-0.0013272631061278517,0.05109962958592207,1.053641722913683
ende,mistral_7b,0.01,-0.07094281016184434,0.016822157808880744,0.08776496797072508,1.053641722913683
ende,mistral_7b,0.02,-0.030988429807219164,-0.005493403465825386,0.02549502634139378,1.053641722913683
ende,chrf,0.005,0.003864677867842725,0.04674274417232849,0.04287806630448576,0.6599211591744732
ende,chrf,0.01,0.02414701084513271,0.06988997062254154,0.04574295977740883,0.6599211591744732
ende,chrf,0.02,-0.02132733110261542,0.0038735537259022568,0.025200884828517678,0.6599211591744732
zhen,comet22,0.005,0.011616869210224201,-0.009957316465906363,-0.021574185676130564,0.593475363530427
zhen,comet22,0.01,-0.044117811097191595,-0.021520883462044393,0.0225969276351472,0.593475363530427
zhen,comet22,0.02,0.014257928496707928,0.026879701264285405,0.012621772767577477,0.593475363530427
zhen,qwen3_8b,0.005,-0.018586990736358278,-0.026137955723003925,-0.007550964986645647,0.6061211832341507
zhen,qwen3_8b,0.01,-0.0014347255641360412,0.010760441731022974,0.012195167295159015,0.6061211832341507
zhen,qwen3_8b,0.02,0.030688493716723553,0.025875499864395635,-0.004812993852327918,0.6061211832341507
zhen,mistral_7b,0.005,0.011616869210224201,0.011616869210224201,0.0,0.891043939421617
zhen,mistral_7b,0.01,0.01076044173102264,0.022955609026181323,0.012195167295158682,0.891043939421617
zhen,mistral_7b,0.02,-0.004752642832235532,0.0,0.004752642832235532,0.891043939421617
zhen,chrf,0.005,0.0,0.011616869210224201,0.011616869210224201,0.7092901862837495
zhen,chrf,0.01,-0.012105496947399708,0.0,0.012105496947399708,0.7092901862837495
zhen,chrf,0.02,-8.055326834321974e-05,-0.016241199434302356,-0.016160646165959136,0.7092901862837495
