lp,pair,menu,eps,pilot,pilot_cost,draws,J_uniform,J_base,base,post_share,informative,save,save_lo,save_hi,labels_saved_by_design,mean_pilot_all,mean_pilot_all_lo,mean_pilot_all_hi,mean_pilot_all_ub95,design_minus_mean_pilot_all,design_minus_mean_pilot_all_lo,design_minus_mean_pilot_all_hi,best_pilot_all,best_pilot_all_ub95,mean_pilot_top10,mean_pilot_top10_lo,mean_pilot_top10_hi,mean_pilot_top10_ub95,design_minus_mean_pilot_top10,design_minus_mean_pilot_top10_lo,design_minus_mean_pilot_top10_hi,best_pilot_top10,best_pilot_top10_ub95,mean_refit_all,mean_refit_all_lo,mean_refit_all_hi,mean_refit_all_ub95,design_minus_mean_refit_all,design_minus_mean_refit_all_lo,design_minus_mean_refit_all_hi,best_refit_all,best_refit_all_ub95,mean_refit_top10,mean_refit_top10_lo,mean_refit_top10_hi,mean_refit_top10_ub95,design_minus_mean_refit_top10,design_minus_mean_refit_top10_lo,design_minus_mean_refit_top10_hi,best_refit_top10,best_refit_top10_ub95,mean_xfit_all,mean_xfit_all_lo,mean_xfit_all_hi,mean_xfit_all_ub95,design_minus_mean_xfit_all,design_minus_mean_xfit_all_lo,design_minus_mean_xfit_all_hi,best_xfit_all,best_xfit_all_ub95,mean_xfit_top10,mean_xfit_top10_lo,mean_xfit_top10_hi,mean_xfit_top10_ub95,design_minus_mean_xfit_top10,design_minus_mean_xfit_top10_lo,design_minus_mean_xfit_top10_hi,best_xfit_top10,best_xfit_top10_ub95
ende,01,Online-W vs Online-B,0.01,50,92.80666666666667,300,112.46000000000006,112.1266666666667,dedup,0.1747584326278978,False,0.002964016835615979,-0.00029766897229341886,0.006533034512398908,0.33333333333337123,0.0,-0.012454987500754893,0.0,0.0,0.002964016835615979,5.7750399810427374e-05,0.016171159396496416,0.0,0.0,0.0,-0.009004937000948628,0.0,0.0,0.002964016835615979,-5.926870982906895e-05,0.011663750768140586,0.0,0.0,0.0,-0.0007571513397040774,0.0,0.0,0.002964016835615979,-0.0002362572161229759,0.006891180261576629,0.0,0.0,0.0,-0.00032226802720646485,0.0,0.0,0.002964016835615979,-0.00023643688139893815,0.0065707594362936685,0.0,0.0,0.0,-0.01068812864217799,0.0,0.0,0.002964016835615979,5.7750399810427374e-05,0.013896837280569509,0.0,0.0,0.0,-0.006490253172826872,0.0,0.0,0.002964016835615979,0.00017641169641593744,0.009462112467924154,0.0,0.0
ende,01,Online-W vs Online-B,0.02,50,92.80666666666667,300,112.46000000000006,112.1266666666667,dedup,0.1747584326278978,False,0.002964016835615979,-0.00029766897229341886,0.006533034512398908,0.33333333333337123,0.0,0.0,0.0,0.0,0.002964016835615979,-0.00029766897229341886,0.006533034512398908,0.0,0.0,0.0,0.0,0.0,0.0,0.002964016835615979,-0.00029766897229341886,0.006533034512398908,0.0,0.0,0.0,0.0,0.0,0.0,0.002964016835615979,-0.00029766897229341886,0.006533034512398908,0.0,0.0,0.0,0.0,0.0,0.0,0.002964016835615979,-0.00029766897229341886,0.006533034512398908,0.0,0.0,0.0,0.0,0.0,0.0,0.002964016835615979,-0.00029766897229341886,0.006533034512398908,0.0,0.0,0.0,0.0,0.0,0.0,0.002964016835615979,-0.00029766897229341886,0.006533034512398908,0.0,0.0
ende,02,Online-W vs JDExploreAcademy,0.01,50,92.78666666666666,300,112.44000000000004,112.12000000000005,dedup,0.17478951737222848,False,0.0028459622909995375,-0.0005932874454898873,0.0065740069152815704,0.3199999999999932,-0.000749163668259089,-0.02257367455472033,0.0,0.0,0.0035951259592586263,0.0008050866807242557,0.02706665828642793,0.0,0.0,-0.001355210114240757,-0.029184527087614202,0.0,0.0,0.004201172405240294,0.0007710518909515935,0.03335810882913011,0.0,0.0,0.0,-0.0071078644703688595,0.0,0.0,0.0028459622909995375,-6.103761601347616e-05,0.012656080357184794,0.0,0.0,0.0,-0.010968773390840666,0.0,0.0,0.0028459622909995375,5.816034359339703e-05,0.014514370214908937,0.0,0.0,-0.00042863735240809586,-0.02190170284647367,0.0,0.0,0.003274599643407633,0.0005927597888822487,0.02716612108811913,0.0,0.0,-0.001457366998187526,-0.029406447208908462,0.0,0.0,0.004303329289187063,0.0007700095514494277,0.036109912955442316,0.0,0.0
ende,02,Online-W vs JDExploreAcademy,0.02,50,92.78666666666666,300,112.44000000000004,112.12000000000005,dedup,0.17478951737222848,False,0.0028459622909995375,-0.00035529605933076747,0.0063267341888435125,0.3199999999999932,0.0,0.0,0.0,0.0,0.0028459622909995375,-0.00035529605933076747,0.0063267341888435125,0.0,0.0,0.0,0.0,0.0,0.0,0.0028459622909995375,-0.00035529605933076747,0.0063267341888435125,0.0,0.0,0.0,0.0,0.0,0.0,0.0028459622909995375,-0.00035529605933076747,0.0063267341888435125,0.0,0.0,0.0,0.0,0.0,0.0,0.0028459622909995375,-0.00035529605933076747,0.0063267341888435125,0.0,0.0,0.0,0.0,0.0,0.0,0.0028459622909995375,-0.00035529605933076747,0.0063267341888435125,0.0,0.0,0.0,0.0,0.0,0.0,0.0028459622909995375,-0.00035529605933076747,0.0063267341888435125,0.0,0.0
ende,03,Online-W vs Online-A,0.01,50,93.17,300,112.82333333333341,112.55000000000003,dedup,0.17419564510887287,False,0.0024226667060600615,-0.0005924871397561314,0.005773052246469889,0.27333333333338317,0.0,0.0,0.0,0.0,0.0024226667060600615,-0.0005924871397561314,0.005773052246469889,0.0,0.0,0.0,0.0,0.0,0.0,0.0024226667060600615,-0.0005924871397561314,0.005773052246469889,0.0,0.0,0.0,0.0,0.0,0.0,0.0024226667060600615,-0.0005924871397561314,0.005773052246469889,0.0,0.0,0.0,0.0,0.0,0.0,0.0024226667060600615,-0.0005924871397561314,0.005773052246469889,0.0,0.0,0.0,0.0,0.0,0.0,0.0024226667060600615,-0.0005924871397561314,0.005773052246469889,0.0,0.0,0.0,0.0,0.0,0.0,0.0024226667060600615,-0.0005924871397561314,0.005773052246469889,0.0,0.0
ende,03,Online-W vs Online-A,0.02,50,93.17,300,112.82333333333341,112.55000000000003,dedup,0.17419564510887287,False,0.0024226667060600615,-0.0005924871397561314,0.005773052246469889,0.27333333333338317,0.0,0.0,0.0,0.0,0.0024226667060600615,-0.0005924871397561314,0.005773052246469889,0.0,0.0,0.0,0.0,0.0,0.0,0.0024226667060600615,-0.0005924871397561314,0.005773052246469889,0.0,0.0,0.0,0.0,0.0,0.0,0.0024226667060600615,-0.0005924871397561314,0.005773052246469889,0.0,0.0,0.0,0.0,0.0,0.0,0.0024226667060600615,-0.0005924871397561314,0.005773052246469889,0.0,0.0,0.0,0.0,0.0,0.0,0.0024226667060600615,-0.0005924871397561314,0.005773052246469889,0.0,0.0,0.0,0.0,0.0,0.0,0.0024226667060600615,-0.0005924871397561314,0.005773052246469889,0.0,0.0
ende,04,Online-W vs Online-G,0.01,50,93.56666666666666,300,113.22000000000003,112.7866666666667,dedup,0.17358535005593856,False,0.0038273567685331855,0.001174073947380261,0.006847529734413493,0.4333333333333229,0.0,0.0,0.0,0.0,0.0038273567685331855,0.001174073947380261,0.006847529734413493,0.0,0.0,0.0,0.0,0.0,0.0,0.0038273567685331855,0.001174073947380261,0.006847529734413493,0.0,0.0,0.0,0.0,0.0,0.0,0.0038273567685331855,0.001174073947380261,0.006847529734413493,0.0,0.0,0.0,0.0,0.0,0.0,0.0038273567685331855,0.001174073947380261,0.006847529734413493,0.0,0.0,0.0,0.0,0.0,0.0,0.0038273567685331855,0.001174073947380261,0.006847529734413493,0.0,0.0,0.0,0.0,0.0,0.0,0.0038273567685331855,0.001174073947380261,0.006847529734413493,0.0,0.0
ende,04,Online-W vs Online-G,0.02,50,93.56666666666666,300,113.22000000000003,112.7866666666667,dedup,0.17358535005593856,False,0.0038273567685331855,0.001174073947380261,0.006847529734413493,0.4333333333333229,0.0,0.0,0.0,0.0,0.0038273567685331855,0.001174073947380261,0.006847529734413493,0.0,0.0,0.0,0.0,0.0,0.0,0.0038273567685331855,0.001174073947380261,0.006847529734413493,0.0,0.0,0.0,0.0,0.0,0.0,0.0038273567685331855,0.001174073947380261,0.006847529734413493,0.0,0.0,0.0,0.0,0.0,0.0,0.0038273567685331855,0.001174073947380261,0.006847529734413493,0.0,0.0,0.0,0.0,0.0,0.0,0.0038273567685331855,0.001174073947380261,0.006847529734413493,0.0,0.0,0.0,0.0,0.0,0.0,0.0038273567685331855,0.001174073947380261,0.006847529734413493,0.0,0.0
ende,05,Online-W vs Online-Y,0.01,50,96.28666666666666,300,115.94,115.80666666666666,weighted,0.16951296647691338,False,0.001150020125352258,-0.002196096129041425,0.005064153944815777,0.13333333333333997,0.0,0.0,0.0,0.0,0.001150020125352258,-0.002196096129041425,0.005064153944815777,0.0,0.0,0.0,0.0,0.0,0.0,0.001150020125352258,-0.002196096129041425,0.005064153944815777,0.0,0.0,0.0,0.0,0.0,0.0,0.001150020125352258,-0.002196096129041425,0.005064153944815777,0.0,0.0,0.0,0.0,0.0,0.0,0.001150020125352258,-0.002196096129041425,0.005064153944815777,0.0,0.0,0.0,0.0,0.0,0.0,0.001150020125352258,-0.002196096129041425,0.005064153944815777,0.0,0.0,0.0,0.0,0.0,0.0,0.001150020125352258,-0.002196096129041425,0.005064153944815777,0.0,0.0
ende,05,Online-W vs Online-Y,0.02,50,96.28666666666666,300,115.94,115.80666666666666,weighted,0.16951296647691338,False,0.001150020125352258,-0.002196096129041425,0.005064153944815777,0.13333333333333997,0.0,0.0,0.0,0.0,0.001150020125352258,-0.002196096129041425,0.005064153944815777,0.0,0.0,0.0,0.0,0.0,0.0,0.001150020125352258,-0.002196096129041425,0.005064153944815777,0.0,0.0,0.0,0.0,0.0,0.0,0.001150020125352258,-0.002196096129041425,0.005064153944815777,0.0,0.0,0.0,0.0,0.0,0.0,0.001150020125352258,-0.002196096129041425,0.005064153944815777,0.0,0.0,0.0,0.0,0.0,0.0,0.001150020125352258,-0.002196096129041425,0.005064153944815777,0.0,0.0,0.0,0.0,0.0,0.0,0.001150020125352258,-0.002196096129041425,0.005064153944815777,0.0,0.0
ende,12,Online-B vs JDExploreAcademy,0.01,50,88.29,300,196.95263565891486,155.08333333333374,weighted,0.551719631958103,True,0.2125856411390753,-0.5552307334507448,0.29643212123489476,41.86930232558112,-0.018016880031141446,-0.17576698732813917,0.045807948270301005,0.029800516560746462,0.23060252117021673,-0.5730337471014638,0.3763061747573243,0.053450832885547306,0.32463130455439543,0.007472533697016515,-0.14929349907431977,0.09901267852267617,0.07735720152593872,0.2051131074420588,-0.6092795980695073,0.3590668747906325,0.053450832885547306,0.3197279937894188,0.05162781178317489,-0.018608499133640186,0.1563294333105543,0.12787602630561742,0.16095782935590042,-0.6607062694299166,0.27503279793486707,0.08818821110669994,0.3471979820225633,0.06992840163099664,-0.028613616146944926,0.21124344779824503,0.17856136222676522,0.14265723950807865,-0.7053595697277414,0.26836033850639585,0.08818821110669994,0.34174538714326413,-0.004453425424916025,-0.14402714456840557,0.06585034538683567,0.043215142426168814,0.21703906656399133,-0.5774115605473148,0.35405781816852044,0.06537560451370428,0.33376725267003404,0.016477838335764862,-0.13282074076958278,0.11377401712029532,0.08895277151916799,0.19610780280331044,-0.6164942841699675,0.34468574775911237,0.06537560451370428,0.32564371951128734
ende,12,Online-B vs JDExploreAcademy,0.02,50,88.29,300,107.94333333333336,107.46333333333338,weighted,0.1820708396380818,False,0.004446777630237819,-0.0006764080052624854,0.009591357611853233,0.47999999999997556,0.0,0.0,0.0,0.0,0.004446777630237819,-0.0006764080052624854,0.009591357611853233,0.0,0.0,0.0,0.0,0.0,0.0,0.004446777630237819,-0.0006764080052624854,0.009591357611853233,0.0,0.0,0.0,0.0,0.0,0.0,0.004446777630237819,-0.0006764080052624854,0.009591357611853233,0.0,0.0,0.0,0.0,0.0,0.0,0.004446777630237819,-0.0006764080052624854,0.009591357611853233,0.0,0.0,0.0,0.0,0.0,0.0,0.004446777630237819,-0.0006764080052624854,0.009591357611853233,0.0,0.0,0.0,0.0,0.0,0.0,0.004446777630237819,-0.0006764080052624854,0.009591357611853233,0.0,0.0
ende,13,Online-B vs Online-A,0.01,50,88.23,300,107.88333333333338,107.79666666666824,weighted,0.1821720994901903,False,0.0008033369380362476,-0.15065630215721085,0.35003229949561726,0.08666666666513834,-0.10140504295785129,-0.15547355621712877,0.0042635522827209485,0.0,0.10220837989588753,-0.13699916256058228,0.38793779249463545,1.432187701766452e-14,0.10768772180234781,-0.10761973623041152,-0.1438565149222021,0.020168799615653873,0.0056660633791398,0.10842307316844776,-0.15617590933696743,0.39212390855850743,1.432187701766452e-14,0.10507798193335162,-0.03958982434463883,-0.05765922439035949,0.05113784350178403,0.0421351460140355,0.040393161282675075,-0.18658968079327437,0.3428536693007682,1.432187701766452e-14,0.11807033644905399,-0.035238642046465166,-0.0656166080508222,0.07146919988375024,0.05212205946564965,0.03604197898450141,-0.20968132103747855,0.34805122129334143,1.432187701766452e-14,0.11553259300350874,-0.08313229458582976,-0.12356865464212756,0.015656769366599245,0.004549447650493094,0.083935631523866,-0.15147401559036097,0.3788641910255705,1.432187701766452e-14,0.1092143193261873,-0.09455198027310675,-0.1341096218876073,0.02549749778716081,0.010352925902441993,0.095355317211143,-0.16381871862252947,0.3801870114332878,1.432187701766452e-14,0.10449479697769984
ende,13,Online-B vs Online-A,0.02,50,88.23,300,107.88333333333338,107.53000000000003,dedup,0.1821720994901903,False,0.0032751429012823907,-0.00043235054201208324,0.007431305414478772,0.35333333333335304,0.0,0.0,0.0,0.0,0.0032751429012823907,-0.00043235054201208324,0.007431305414478772,0.0,0.0,0.0,0.0,0.0,0.0,0.0032751429012823907,-0.00043235054201208324,0.007431305414478772,0.0,0.0,0.0,0.0,0.0,0.0,0.0032751429012823907,-0.00043235054201208324,0.007431305414478772,0.0,0.0,0.0,0.0,0.0,0.0,0.0032751429012823907,-0.00043235054201208324,0.007431305414478772,0.0,0.0,0.0,0.0,0.0,0.0,0.0032751429012823907,-0.00043235054201208324,0.007431305414478772,0.0,0.0,0.0,0.0,0.0,0.0,0.0032751429012823907,-0.00043235054201208324,0.007431305414478772,0.0,0.0
ende,14,Online-B vs Online-G,0.01,50,88.25333333333333,300,107.90666666666667,107.6866666666667,dedup,0.18213270727789455,False,0.002038798962065713,-0.15480145312397126,0.03260110937907234,0.21999999999997044,-0.09343083192848604,-0.14558069774457,0.005994595714631424,0.0,0.09546963089055176,-0.14997364046388462,0.15747137027329566,0.0,0.1207117737773035,-0.11152601300329097,-0.15436671306533828,0.014567431616023023,0.007036345189029684,0.11356481196535669,-0.16036376428156363,0.16389457478687874,0.0,0.11863961086092419,-0.019145598659999142,-0.07727863238309826,0.05578547390408211,0.04533014652965618,0.021184397622064855,-0.20038974239698615,0.09369590261828745,0.0,0.1270465340495619,-0.030130625889927654,-0.09575311948849427,0.06559592360376111,0.04786528244087132,0.03216942485199337,-0.20139226023919773,0.11023812985283672,0.0,0.12523523298830005,-0.09151470687447888,-0.14181638103693184,0.006989473797950866,1.1569141347872386e-05,0.09355350583654459,-0.1553547813838688,0.15035658079198766,0.0,0.11815740006131341,-0.10608829510117228,-0.15253456242727956,0.016829824609783647,0.009162153010944507,0.10812709406323799,-0.16441205200134196,0.16539468778428643,0.0,0.11017152649901635
ende,14,Online-B vs Online-G,0.02,50,88.25333333333333,300,107.90666666666667,107.6866666666667,dedup,0.18213270727789455,False,0.002038798962065713,-0.002038863830846366,0.006347989087616426,0.21999999999997044,0.0,0.0,0.0,0.0,0.002038798962065713,-0.002038863830846366,0.006347989087616426,0.0,0.0,0.0,0.0,0.0,0.0,0.002038798962065713,-0.002038863830846366,0.006347989087616426,0.0,0.0,0.0,0.0,0.0,0.0,0.002038798962065713,-0.002038863830846366,0.006347989087616426,0.0,0.0,0.0,0.0,0.0,0.0,0.002038798962065713,-0.002038863830846366,0.006347989087616426,0.0,0.0,0.0,0.0,0.0,0.0,0.002038798962065713,-0.002038863830846366,0.006347989087616426,0.0,0.0,0.0,0.0,0.0,0.0,0.002038798962065713,-0.002038863830846366,0.006347989087616426,0.0,0.0
ende,15,Online-B vs Online-Y,0.01,50,89.93333333333334,300,109.58666666666673,109.12666666666668,dedup,0.17934055237863533,False,0.004197590947804364,0.00048475888693045606,0.007590566471363805,0.4600000000000506,0.0,0.0,0.0,0.0,0.004197590947804364,0.00048475888693045606,0.007613080718518063,0.0,0.0,0.0,0.0,0.0,0.0,0.004197590947804364,0.00048475888693045606,0.007613080718518063,0.0,0.0,0.0,0.0,0.0,0.0,0.004197590947804364,0.00048475888693045606,0.007590566471363805,0.0,0.0,0.0,0.0,0.0,0.0,0.004197590947804364,0.00048475888693045606,0.007611993579418172,0.0,0.0,0.0,0.0,0.0,0.0,0.004197590947804364,0.00048475888693045606,0.007613080718518063,0.0,0.0,0.0,0.0,0.0,0.0,0.004197590947804364,0.00048475888693045606,0.007613080718518063,0.0,0.0
ende,15,Online-B vs Online-Y,0.02,50,89.93333333333334,300,109.58666666666673,109.12666666666668,dedup,0.17934055237863533,False,0.004197590947804364,0.00048475888693045606,0.007590566471363805,0.4600000000000506,0.0,0.0,0.0,0.0,0.004197590947804364,0.00048475888693045606,0.007590566471363805,0.0,0.0,0.0,0.0,0.0,0.0,0.004197590947804364,0.00048475888693045606,0.007590566471363805,0.0,0.0,0.0,0.0,0.0,0.0,0.004197590947804364,0.00048475888693045606,0.007590566471363805,0.0,0.0,0.0,0.0,0.0,0.0,0.004197590947804364,0.00048475888693045606,0.007590566471363805,0.0,0.0,0.0,0.0,0.0,0.0,0.004197590947804364,0.00048475888693045606,0.007590566471363805,0.0,0.0,0.0,0.0,0.0,0.0,0.004197590947804364,0.00048475888693045606,0.007590566471363805,0.0,0.0
ende,23,JDExploreAcademy vs Online-A,0.01,50,89.73666666666666,300,109.39000000000001,109.07000000000005,weighted,0.17966297955328048,False,0.0029253130999173926,-0.00464603232450696,0.19792810179596868,0.31999999999996476,-0.011768943389219626,-0.200656929835082,0.0,0.0,0.014694256489137018,-0.00340564961498803,0.27347544300097454,0.0,0.0,-0.04001440752334673,-0.25034448067162224,0.0,0.0,0.04293972062326412,-0.00340564961498803,0.3068765191674341,0.0,0.0,0.0,-0.10760431406769883,0.03407463120186303,0.0,0.0029253130999173926,-0.023875099085964524,0.21578548109203163,0.0,0.0,0.0,-0.15978287304978236,0.03938695049938777,0.0,0.0029253130999173926,-0.05081185152705463,0.22450017069427405,0.0,0.0,-0.004967703777210897,-0.18499908320731676,0.0,0.0,0.00789301687712829,-0.003462878698861991,0.2514781066688676,0.0,0.0,-0.016890192842517048,-0.230710138669346,7.707085731839572e-05,0.0,0.01981550594243444,-0.0049608749356895585,0.29674543427576916,0.0,0.0
ende,23,JDExploreAcademy vs Online-A,0.02,50,89.73666666666666,300,109.39000000000001,109.07000000000005,weighted,0.17966297955328048,False,0.0029253130999173926,-0.0019011299679319081,0.007829721838622223,0.31999999999996476,0.0,0.0,0.0,0.0,0.0029253130999173926,-0.0019011299679319081,0.007829721838622223,0.0,0.0,0.0,0.0,0.0,0.0,0.0029253130999173926,-0.0019011299679319081,0.007829721838622223,0.0,0.0,0.0,0.0,0.0,0.0,0.0029253130999173926,-0.0019011299679319081,0.007829721838622223,0.0,0.0,0.0,0.0,0.0,0.0,0.0029253130999173926,-0.0019011299679319081,0.007829721838622223,0.0,0.0,0.0,0.0,0.0,0.0,0.0029253130999173926,-0.0019011299679319081,0.007829721838622223,0.0,0.0,0.0,0.0,0.0,0.0,0.0029253130999173926,-0.0019011299679319081,0.007829721838622223,0.0,0.0
ende,24,JDExploreAcademy vs Online-G,0.01,50,90.11666666666666,300,109.77,109.54333333333335,dedup,0.17904102517384834,False,0.0020649236281921057,-0.10726499575163415,0.1358390831729902,0.22666666666664526,-0.07447115033489388,-0.20206474845500624,0.0,-1.9265634839083897e-17,0.07653607396308598,-0.08250688994526881,0.28450595997943356,0.0,0.07785437529540463,-0.07089855817038762,-0.17492661186716402,0.008127324719871303,0.0,0.07296348179857973,-0.10195525485026172,0.27230514298359343,0.0,0.05325160255036848,-0.0073866555222536845,-0.08860633861369249,0.03911350374017841,0.022747423249512913,0.00945157915044579,-0.13480308396546722,0.1940343007552812,0.0,0.11219055391506903,-1.3988810110276972e-15,-0.08045794424403703,0.06924600602087186,0.04252519926667778,0.002064923628193505,-0.14835082286787732,0.18533739062893465,0.0,0.11013258209592464,-0.07802718096352264,-0.18325539461893903,0.0,0.0,0.08009210459171474,-0.0879723530213827,0.2723010123374581,0.0,0.07066033391504326,-0.07995126337890841,-0.16885225017807906,0.011953303507192764,0.0,0.08201618700710052,-0.10501727999670095,0.27092701981249284,0.0,0.054254089508098666
ende,24,JDExploreAcademy vs Online-G,0.02,50,90.11666666666666,300,109.77,109.54333333333335,dedup,0.17904102517384834,False,0.0020649236281921057,-0.0015263358633433087,0.005954371040564026,0.22666666666664526,0.0,0.0,0.0,0.0,0.0020649236281921057,-0.0015263358633433087,0.005954371040564026,0.0,0.0,0.0,0.0,0.0,0.0,0.0020649236281921057,-0.0015263358633433087,0.005954371040564026,0.0,0.0,0.0,0.0,0.0,0.0,0.0020649236281921057,-0.0015263358633433087,0.005954371040564026,0.0,0.0,0.0,0.0,0.0,0.0,0.0020649236281921057,-0.0015263358633433087,0.005954371040564026,0.0,0.0,0.0,0.0,0.0,0.0,0.0020649236281921057,-0.0015263358633433087,0.005954371040564026,0.0,0.0,0.0,0.0,0.0,0.0,0.0020649236281921057,-0.0015263358633433087,0.005954371040564026,0.0,0.0
ende,25,JDExploreAcademy vs Online-Y,0.01,50,93.08,300,112.73333333333333,112.52666666666669,weighted,0.17433471318746308,False,0.0018332347723238884,-0.002421250428752847,0.007192135238365776,0.20666666666664923,0.0,-0.058179293856998326,0.0,0.0,0.0018332347723238884,-0.0017746967287553706,0.08745402439952474,0.0,0.0,0.0,-0.05412779293233494,0.0,0.0,0.0018332347723238884,-0.001843276811109673,0.08221278779145817,0.0,0.0,0.0,-0.01108838832975947,0.0,0.0,0.0018332347723238884,-0.0021425562449011834,0.022192324651501207,0.0,0.0,0.0,-0.008192159199770606,0.0,0.0,0.0018332347723238884,-0.0021425562449011834,0.016495879007143104,0.0,0.0,0.0,-0.04878145255280906,0.0,0.0,0.0018332347723238884,-0.0018355175427327952,0.07807015205501856,0.0,0.0,0.0,-0.052224534468535075,0.0,0.0,0.0018332347723238884,-0.0018902057343132494,0.08724728022933619,0.0,0.0
ende,25,JDExploreAcademy vs Online-Y,0.02,50,93.08,300,112.73333333333333,112.52666666666669,weighted,0.17433471318746308,False,0.0018332347723238884,-0.0023772103691385824,0.006154767448107314,0.20666666666664923,0.0,0.0,0.0,0.0,0.0018332347723238884,-0.0023772103691385824,0.006154767448107314,0.0,0.0,0.0,0.0,0.0,0.0,0.0018332347723238884,-0.0023772103691385824,0.006154767448107314,0.0,0.0,0.0,0.0,0.0,0.0,0.0018332347723238884,-0.0023772103691385824,0.006154767448107314,0.0,0.0,0.0,0.0,0.0,0.0,0.0018332347723238884,-0.0023772103691385824,0.006154767448107314,0.0,0.0,0.0,0.0,0.0,0.0,0.0018332347723238884,-0.0023772103691385824,0.006154767448107314,0.0,0.0,0.0,0.0,0.0,0.0,0.0018332347723238884,-0.0023772103691385824,0.006154767448107314,0.0,0.0
ende,34,Online-A vs Online-G,0.01,50,86.82,300,230.93696969696987,188.88000000000017,dedup,0.6240532639103944,True,0.18211449536276447,-0.8006581760978138,0.437646613175826,42.0569696969697,-0.0056379663738015595,-0.616831295194538,0.08813966067667689,0.06515326346772816,0.18775246173656604,-0.8218754733543577,0.7889213855870686,0.23600963574756473,0.3484635395630258,0.02064329602510706,-0.622401974092204,0.17327795471679272,0.14532997610105783,0.1614711993376574,-0.8545883461275648,0.7991236896118455,0.23600963574756473,0.3408959230738311,0.03277876336237334,-0.45197575321071926,0.17791325824735907,0.1511045068169939,0.14933573200039113,-0.859402853576684,0.7177167246273003,0.23600963574756428,0.4215143369374975,0.04938481221815626,-0.4335665050309383,0.2700102095186563,0.2453891475101351,0.1327296831446082,-0.898052637088903,0.6888269698489654,0.23285587770975258,0.41177022553014464,0.0032412467083786905,-0.6360160381973965,0.09338577959081658,0.07220766063332253,0.17887324865438578,-0.8278738876584287,0.7687044464585222,0.23418377583093697,0.3652162141408936,0.017838934973421993,-0.5887452544916558,0.1862460994532493,0.15390511776610408,0.1642755603893425,-0.8507086580992906,0.801947731138464,0.23369687985316956,0.3439352604631366
ende,34,Online-A vs Online-G,0.02,50,86.82,300,106.4733333333334,106.44000000000001,dedup,0.1845845595141199,False,0.00031306743472592213,-0.004007174964658422,0.004883894330757784,0.03333333333338828,0.0,-0.00043590699966020423,0.0,0.0,0.00031306743472592213,-0.003895776989031635,0.004982536979793961,0.0,0.0,0.0,-4.437638676252101e-06,0.0,0.0,0.00031306743472592213,-0.0039220799823471595,0.004940433395811241,0.0,0.0,0.0,0.0,0.0,0.0,0.00031306743472592213,-0.004007174964658422,0.004883894330757784,0.0,0.0,0.0,0.0,0.0,0.0,0.00031306743472592213,-0.004007174964658422,0.004883894330757784,0.0,0.0,0.0,-0.0003258515417439293,0.0,0.0,0.00031306743472592213,-0.003895776989031635,0.004940433395811241,0.0,0.0,0.0,-0.00030765627866915607,0.0,0.0,0.00031306743472592213,-0.0039220799823471595,0.004940433395811241,0.0,0.0
ende,35,Online-A vs Online-Y,0.01,50,90.08,300,171.27500000000023,149.4733333333339,dedup,0.47406218070354766,True,0.1272904198900383,-0.07901635486093365,0.3610533353278098,21.801666666666335,-0.06430557688614078,-0.27754119601919786,0.05435298078579381,0.031030001319379906,0.19159599677617908,-0.13459286605265022,0.45006495117507805,0.015927186489270606,0.24851516759083528,-0.03190739957923457,-0.2718388728822098,0.1076505133963292,0.08452580246643514,0.1591978194692729,-0.19046341515845633,0.42047572491937724,0.015927186489270606,0.22101018719416282,-0.014578690749828501,-0.14168359632171723,0.11163606118492964,0.08467504859209765,0.14186911063986682,-0.21552932130791144,0.38952608275671124,0.07423206560176598,0.3082681712113846,0.00987193781949226,-0.1159569778832557,0.17212863299650022,0.14293453841818143,0.11741848207054605,-0.24898642807506619,0.3611998200963799,0.04198985528988941,0.2563669210070997,-0.04792912790780391,-0.2446801919453346,0.06774053258792428,0.04090070761674445,0.1752195477978422,-0.1594360383553342,0.4316516055108731,0.028868025511799567,0.258023784275325,-0.008536867171203676,-0.23503611678911446,0.12388675135490768,0.09843023654979255,0.13582728706124197,-0.20292280055430217,0.3954355363661804,0.021383722601334365,0.2330513115354218
ende,35,Online-A vs Online-Y,0.02,50,90.08,300,109.73333333333332,109.32000000000004,weighted,0.17910085054678004,False,0.0037667071688938236,-0.0005529105494791796,0.007915769280676185,0.41333333333328426,0.0,0.0,0.0,0.0,0.0037667071688938236,-0.0005529105494791796,0.007915769280676185,0.0,0.0,0.0,0.0,0.0,0.0,0.0037667071688938236,-0.0005529105494791796,0.007915769280676185,0.0,0.0,0.0,0.0,0.0,0.0,0.0037667071688938236,-0.0005529105494791796,0.007915769280676185,0.0,0.0,0.0,0.0,0.0,0.0,0.0037667071688938236,-0.0005529105494791796,0.007915769280676185,0.0,0.0,0.0,0.0,0.0,0.0,0.0037667071688938236,-0.0005529105494791796,0.007915769280676185,0.0,0.0,0.0,0.0,0.0,0.0,0.0037667071688938236,-0.0005529105494791796,0.007915769280676185,0.0,0.0
ende,45,Online-G vs Online-Y,0.01,50,89.89333333333333,300,203.62666666666692,148.19333333333338,dedup,0.5585385018334212,True,0.272230225248822,-0.3209023924219535,0.3543594496219286,55.433333333333536,-0.08460860203565745,-0.17498931229700587,0.12015439407336062,0.09686351267255473,0.35683882728447947,-0.2646965750555537,0.4696610884948396,0.019126992354288386,0.2597093641042785,0.0040279521418443934,-0.11287563513579132,0.20914437075822367,0.1847632414278397,0.26820227310697764,-0.31442236686325314,0.402538229111541,0.019126992354288386,0.2592814743431331,-0.007008745109821448,-0.0686977894195656,0.1832683111047936,0.1628066856582245,0.2792389703586435,-0.32226049726413974,0.38055852865916284,0.03491435112290753,0.275391571006824,0.01427291122749449,-0.03507699277797185,0.2541409944738856,0.22702775722164942,0.25795731402132754,-0.3355410610832631,0.3522341953177944,0.03491435112290753,0.275391571006824,-0.0855761294151095,-0.1717298422060774,0.11795004279392922,0.09522920410155783,0.3578063546639315,-0.2729167136387383,0.48480247908357427,0.020256094618414044,0.2614239302409214,-0.03769355055323683,-0.141739976939879,0.1968685153099256,0.17057833079872314,0.3099237758020588,-0.3045233380090093,0.4379089256425434,0.020256094618414044,0.25961015881283417
ende,45,Online-G vs Online-Y,0.02,50,89.89333333333333,300,109.54666666666672,109.1266666666667,dedup,0.17940603700097413,False,0.0038339824732233074,0.00012016097922135658,0.0075034018982557075,0.4200000000000301,0.0,-0.0006484131549037771,0.0,0.0,0.0038339824732233074,0.00018260407726903015,0.007634099601607763,0.0,0.0,0.0,-0.0006967683062327956,0.0,0.0,0.0038339824732233074,0.00018260407726903015,0.00762773085144197,0.0,0.0,0.0,-6.530723674265627e-18,0.0,0.0,0.0038339824732233074,0.00012195876618580626,0.0075063031786360675,0.0,0.0,0.0,0.0,0.0,0.0,0.0038339824732233074,0.00012016097922135658,0.0075034018982557075,0.0,0.0,0.0,-0.00041600401715288126,0.0,0.0,0.0038339824732233074,0.00018236092634528467,0.007626579051251511,0.0,0.0,0.0,-0.00015494328492431819,0.0,0.0,0.0038339824732233074,0.00018236092634528467,0.007593169461655973,0.0,0.0
zhen,01,Lan-Bridge vs Online-B,0.01,50,97.63,300,527.6545098039221,528.905833333334,dedup,0.8149736272769097,True,0.0,0.0,0.0,0.0,0.013102359141367348,-0.02293415511998909,0.06039955263656023,0.049746988414541206,-0.013102359141367348,-0.060399552636560244,0.022934155119989086,0.05552815797393096,0.16662991717680237,0.014579493962458657,-0.04326937214615271,0.07947951253660249,0.06283568833432929,-0.014579493962458657,-0.07947951253660251,0.04326937214615271,0.05552815797393096,0.14962548338747997,0.03401711970137905,0.005640291534572648,0.0876921561637177,0.07820861631212772,-0.03401711970137905,-0.08769215616371773,-0.005640291534572649,0.07944797987039232,0.19659189340194952,0.04698943012667367,0.005137742816387988,0.12444376477685776,0.1068427065883547,-0.04698943012667367,-0.12444376477685777,-0.00513774281638799,0.06604236540094699,0.17000147855505549,0.024732896133566287,-0.006163813966863858,0.07511144506112119,0.06544260093833625,-0.024732896133566287,-0.07511144506112122,0.006163813966863852,0.05894527538771066,0.1721932199126705,0.03656801753356344,-0.010225715472730861,0.11011816368770698,0.09311400421929959,-0.03656801753356344,-0.110118163687707,0.010225715472730858,0.05894527538771066,0.157696567407915
zhen,01,Lan-Bridge vs Online-B,0.02,50,97.63,300,253.22891156462612,251.7385714285717,dedup,0.6144595046561893,True,0.005885347478082337,-0.0513674962543249,0.12417622831640358,1.4903401360544137,-0.0004940908806802797,-0.061816079454814356,0.05624702368079245,0.03910714892027985,0.006379438358762616,-0.0753159770442667,0.18464613436358876,0.04455670634959641,0.2371392498718355,-0.0031013961414283475,-0.08443159107403898,0.0643433544165486,0.04278479789024693,0.008986743619510684,-0.087775856749963,0.20147017506895018,0.010261108849780709,0.16954985141050297,0.018567258198175528,-0.012851175570260739,0.12883548862031802,0.09208892128598131,-0.012681910720093191,-0.13970922193009172,0.11944929193907196,0.08295698696804998,0.25680104491213473,0.02679404612007249,-0.027284526456879378,0.13441283201490667,0.10299054022399341,-0.020908698641990152,-0.14849780814578598,0.1424384533337257,0.08295698696804998,0.23665320347372015,0.006132664764016745,-0.04698423115618795,0.07849130393025021,0.05445624409411863,-0.00024731728593440847,-0.09202670286216147,0.1682718734529031,0.03670878014669898,0.24758476517310632,0.006127386484657216,-0.06577395403608471,0.0827856644570016,0.06553262361928684,-0.00024203900657487898,-0.1037803303595327,0.18981346719411005,0.03670878014669898,0.2298855128505596
zhen,02,Lan-Bridge vs LanguageX,0.01,50,96.44,300,465.9136296296301,462.5585185185189,dedup,0.7930088457024465,True,0.007201143941159893,-0.05573917298864265,0.06237900328716405,3.3551111111112277,0.010438766868630227,-0.014596236992871603,0.042903404467287076,0.03632139802970395,-0.003237622927470334,-0.08167971047782395,0.06415136312165566,0.07805538918799382,0.14671835093617924,0.02619079390886454,-0.009899494243834836,0.07749666096576024,0.06784845982152435,-0.018989649967704646,-0.10733637175428619,0.05056344228079939,0.07805538918799382,0.13881665795770284,0.017304017255582914,-0.0021326494149375773,0.059875195892723644,0.046441819585783826,-0.01010287331442302,-0.09279666184589365,0.046925277148619986,0.056980434107235745,0.1614106846679698,0.03450302647855278,0.00695218857110817,0.1025326234975191,0.08045822618890976,-0.027301882537392887,-0.1296190934219015,0.03396020947805667,0.056980434107235745,0.1477015474276861,0.019036409608576194,-0.001953988881644212,0.0619105146043369,0.049102899920849846,-0.0118352656674163,-0.09668326016573414,0.04792946014285106,0.050506428298113915,0.18152521911659397,0.036831639278422576,0.006443334002864977,0.10252599414407153,0.08584696144304285,-0.029630495337262683,-0.1301459546956776,0.029606321948406986,0.050506428298113915,0.151922999434905
zhen,02,Lan-Bridge vs LanguageX,0.02,50,96.44,300,220.68705882352992,206.4383333333338,dedup,0.5630011088365756,True,0.06456529696918012,-0.010977974051271766,0.216526136909969,14.248725490196136,-0.013616626404032384,-0.0731469622189765,0.03310957928693292,0.024654126467831976,0.0781819233732125,-0.01933520310441383,0.26490068331570915,0.020622246621939566,0.12081681105105743,-0.0021335104049598264,-0.06285253330413974,0.07930115862115422,0.058623584265612136,0.06669880737413994,-0.05874855554979539,0.2554600911836387,0.01920002271697907,0.11877755927710262,0.008528369452187623,-0.03588820914950242,0.06435134957891644,0.051859126836977576,0.0560369275169925,-0.045780860553797834,0.2345760883316971,0.061866739865819365,0.14502185353220162,0.013344361881037659,-0.03835840087085631,0.09670108021648269,0.07662733798975133,0.05122093508814246,-0.0709743623401685,0.22719894333524002,0.033584801641445616,0.13069178394145173,-0.004314012537804854,-0.05395622250758866,0.049099230273442686,0.03597727622560786,0.06887930950698497,-0.030179655012697287,0.24771296313050173,0.028871145270716436,0.12646344045982158,0.0029576522120594805,-0.054472652279270846,0.08960696626991194,0.06375003259650464,0.06160764475712064,-0.06254742910263518,0.2427750722702428,0.028871145270716436,0.11935871826771026
zhen,03,Lan-Bridge vs JDExploreAcademy,0.01,50,96.72333333333333,300,316.9633333333344,304.7282456140354,weighted,0.6948437779343573,True,0.03860095611258585,-0.056700072801921575,0.19306410577659663,12.235087719298974,-0.03387454631614562,-0.11825262205725572,-0.0014447147008761982,-0.006331301711576009,0.07247550242873146,-0.035876898902555666,0.29252055578014474,0.01334728004910446,0.09696881877561532,-0.018428459841342282,-0.08531909075300266,0.046127374244919944,0.029715396165200848,0.05702941595392813,-0.07356768282962355,0.25960095248918313,0.01334728004910446,0.09635114466187804,-0.018525836439111647,-0.0771103762152739,0.010813491104309507,0.006249284442249065,0.057126792551697496,-0.047496853827741256,0.2560633239487708,0.027717851568639595,0.11031732163704186,-0.0036361476083272225,-0.06413379366632208,0.05544847698813594,0.041666741524493935,0.04223710372091307,-0.08580559797788928,0.22708324548878236,0.027717851568639595,0.11031732163704186,-0.0260775905627992,-0.10228408786870605,0.004680846004043262,-0.001480354501860327,0.06467854667538506,-0.042457321870469265,0.2820752049158347,0.017248792678842384,0.1000271926843824,-0.010130791905159798,-0.07967845943177204,0.04709890427361381,0.034132432012979066,0.048731748017745644,-0.07528344460094392,0.2539839466579667,0.017248792678842384,0.09967226248120517
zhen,03,Lan-Bridge vs JDExploreAcademy,0.02,50,96.72333333333333,300,205.96647058823578,195.74382716049413,dedup,0.5303928204571667,True,0.04963256105979774,-0.02899958927841884,0.17781634898138743,10.222643427741644,-0.024153012192320827,-0.047044439013141155,0.010154107886274934,0.00555705953500894,0.07378557325211857,-0.021156457379110385,0.20244575675405654,0.016774598605853397,0.10588638353859037,-0.017782105024439842,-0.05188698825480911,0.038663442627991165,0.029561071709433603,0.06741466608423759,-0.03961618111144743,0.19145616446949976,0.016774598605853397,0.10438277926754325,-0.008674941959768635,-0.030705844385914775,0.02901272673470505,0.023366702970962036,0.05830750301956637,-0.03404997599444651,0.1781438532208256,0.02805038598274623,0.12666764743191306,-0.008622109142306923,-0.04126762781604871,0.05000367763237084,0.04171693264702953,0.05825467020210466,-0.04939371337817581,0.17612455323985446,0.02805038598274623,0.11962535751023327,-0.02500800901174387,-0.05149953534770766,0.014603036966019903,0.007678683704653305,0.07464057007154161,-0.022330066684496087,0.20485201333448402,0.009675028775957384,0.11716274155514421,-0.025831787367243432,-0.06298885639160923,0.03592825007083214,0.02554751749417123,0.07546434842704117,-0.028430795571521915,0.19726170178511707,-2.220446049250313e-16,0.11203180185496454
zhen,04,Lan-Bridge vs Online-G,0.01,50,97.65333333333334,300,276.50100000000015,271.3223529411768,dedup,0.6468246648896991,True,0.018729216381942027,-0.029838786401018662,0.08024787472922808,5.178647058823344,0.006886170203709705,-0.03375929225162643,0.03824104740148778,0.03222115439205854,0.01184304617823232,-0.056942241812076876,0.10560370186498248,0.09318197585680521,0.14445700249728163,0.017250554951880503,-0.03818046175261939,0.06177302445691938,0.051312238146535336,0.0014786614300615238,-0.07236236109078463,0.10654093579810552,0.09318197585680521,0.14193094537431578,0.02385212128541289,-0.014692384078669985,0.05932672270071279,0.05139425666701188,-0.005122904903470865,-0.07696355824559772,0.08634791992640956,0.08518150318223139,0.14949933972719048,0.034531121423316644,-0.020351326709315835,0.08773392857205986,0.07484053093273153,-0.015801905041374617,-0.10025525049612329,0.08665057141765757,0.08518150318223139,0.14678106279402037,0.015058354624588755,-0.023407331589266223,0.04741691220445099,0.041812173400562376,0.0036708617573532713,-0.0677447234682225,0.09695742267777034,0.06918055783308275,0.1338406454073758,0.01990264058743533,-0.036230157511752605,0.06637650577211737,0.0560577185620979,-0.0011734242054933022,-0.07753216566973985,0.10561775047440186,0.06918055783308275,0.12758042963744606
zhen,04,Lan-Bridge vs Online-G,0.02,50,97.65333333333334,300,197.98505050505082,162.9650000000002,dedup,0.5067641062584062,True,0.1768822970002839,-0.012726015339770679,0.2611470783588607,35.02005050505062,-0.02870062755129769,-0.09436269669707248,0.1070069551019803,0.07936762563279845,0.2055829245515816,-0.09283056786857977,0.3340335999952265,0.03744839553141999,0.23962754772174444,-0.030834102938220764,-0.10957633296231792,0.12572865550884502,0.09730706135015953,0.20771639993850466,-0.11288421382798433,0.3358378166100508,0.019012262346720488,0.22301181631876646,0.016371250252345246,-0.031656244016892786,0.15653361777765454,0.13808593809280673,0.16051104674793865,-0.15061084472526623,0.29075219719023854,0.041638425800669676,0.2613035502942214,0.018459792184211253,-0.03896584141396624,0.1822908841443308,0.15579335248313383,0.15842250481607265,-0.1709029830461959,0.2841528780048177,0.03744839553141954,0.2468427541193868,-0.004073764128253368,-0.08075621138448576,0.1184789372854311,0.08939398934194438,0.18095606112853727,-0.10922854278691867,0.32158084606591414,0.029068334992920386,0.2364987448157926,-0.0069225759021164235,-0.09644474003439008,0.13272617124555966,0.10737393035729237,0.18380487290240033,-0.13099992071842348,0.33220950129516064,0.025925812290982675,0.21904934599396927
zhen,05,Lan-Bridge vs HuaweiTSC,0.01,50,98.76666666666667,300,196.00666666666694,189.9626666666671,dedup,0.4961055746403191,True,0.030835685861024253,-0.026422317704027923,0.1668007489887331,6.043999999999841,-0.015063340943575417,-0.13021185077149977,0.04485622677129513,0.035464899693299606,0.045899026804599674,-0.05906748595615309,0.2680837304092276,0.07732587966248017,0.18539213509735125,0.004350849334250328,-0.12909663997404222,0.07654586477122931,0.06282099439563871,0.026484836526773924,-0.0858264118450736,0.25953869174058947,0.04145931598255692,0.1513881563847215,0.016462040865100683,-0.07307128652622054,0.07891881928959875,0.0684704073852518,0.01437364499592357,-0.09285374404577562,0.22037475800650974,0.09629260486270963,0.21377716885157289,0.05169751319147135,-0.06296010327183128,0.13495030153529144,0.1136575354838257,-0.0208618273304471,-0.14146143087530666,0.19706090267003076,0.09629260486270963,0.21090706653570798,-0.002896336421758252,-0.11092444045772987,0.0590659290711346,0.04433479077561197,0.033732022282782506,-0.07442632542608137,0.24982578098375466,0.086523789876639,0.19664179201397247,0.022826923987743962,-0.11040829811801853,0.10020083034238643,0.07859015749572498,0.008008761873280291,-0.1050747825043926,0.22273999580722578,0.04814630243135554,0.1821978585328278
zhen,05,Lan-Bridge vs HuaweiTSC,0.02,50,98.76666666666667,300,125.53763888888889,125.65451851851856,dedup,0.2132505634100441,False,0.0,0.0,0.0,0.0,-0.15223499947673735,-0.2004373508297197,0.044539330161692495,0.02978663725426078,0.15223499947673735,-0.044539330161692516,0.20043735082971967,0.0036974382203618372,0.19388231307319193,-0.060036546386226096,-0.18537105247636793,0.10535857986533796,0.07618496670195289,0.060036546386226096,-0.10535857986533799,0.18537105247636793,0.0036974382203618372,0.19016269247034817,-0.11545559833042209,-0.16199166629177086,0.06815475451835767,0.052540470238137855,0.11545559833042209,-0.06815475451835769,0.16199166629177086,0.008759614840456176,0.20474532618435293,-0.032683417659279804,-0.13854560314689432,0.136346861693954,0.10732235293940112,0.032683417659279804,-0.136346861693954,0.13854560314689432,0.008759614840456176,0.2004676026648189,-0.15629352471033353,-0.20490745307446168,0.04681963889948685,0.031748356711136246,0.15629352471033353,-0.04681963889948686,0.20490745307446168,0.0021277710513403214,0.19238695712038822,-0.10089743743897298,-0.18938187996141753,0.11023040515559916,0.0714001561314276,0.10089743743897298,-0.11023040515559918,0.1893818799614174,0.0021277710513403214,0.18956591052420232
zhen,12,Online-B vs LanguageX,0.01,50,95.98,300,687.7427777777791,548.9707070707078,dedup,0.8604420095691463,True,0.201779030170944,0.052312061057180045,0.35045624924389224,138.7720707070713,-0.018922886149184304,-0.08779798934443551,0.02864893625631936,0.019021649617641398,0.2207019163201283,0.046542507480945614,0.4003412466406754,0.03529712933651141,0.15367387711359085,-0.010880533015494753,-0.07960929981746256,0.07621074060632291,0.05412695887255921,0.21265956318643875,0.020063979503595987,0.38390488343133244,0.026902136413233024,0.1311383230038208,-0.006848170278802768,-0.05428435713773465,0.04900457883481389,0.03468040071792136,0.20862720044974678,0.03463966563787402,0.37818121029858176,0.029143981114335582,0.14778610022587446,-0.00026061583364596076,-0.05288384214400971,0.0852906838860508,0.05668875340524225,0.20203964600458996,0.01372553358015414,0.3762611906233047,0.01985633878119597,0.12954346269782435,-0.012560207454787179,-0.06977181677570278,0.03647256243427554,0.024718465251308067,0.21433923762573118,0.04181569596172497,0.38681864347399153,0.04207770054377413,0.14526658095654918,-0.005228816311057882,-0.06547845274477093,0.06944557125891361,0.05011017838099327,0.20700784648200188,0.019636854264976338,0.37848671099462167,0.026902136413232802,0.13107034579922677
zhen,12,Online-B vs LanguageX,0.02,50,95.98,300,298.22333333333404,256.15666666666715,dedup,0.6781606625906766,True,0.14105759665575057,0.019549085059126683,0.28220572940963756,42.06666666666689,0.0015782139839375015,-0.056119365858988766,0.04947366148156509,0.037997525644472105,0.13947938267181306,0.011956448087277752,0.31111695703849246,0.07789991801892149,0.16410745987461808,0.020092041883930822,-0.05468847753390083,0.08917150420948379,0.0753011682065845,0.12096555477181975,-0.012376070829294046,0.2982521194292491,0.056192669788516225,0.1492601341667019,0.01439799598199641,-0.03524250369257346,0.060569128182141746,0.048682504025394424,0.12665960067375417,0.0029701551883502286,0.285936603439402,0.09663357060132516,0.19956010080094191,0.041320925163118694,-0.029211592973650696,0.11602960225683355,0.09769897421984407,0.09973667149263188,-0.02887173008874316,0.26849502300235856,0.07998143497252097,0.17837975692465463,0.005489164860073637,-0.052120804658656913,0.051579459899268806,0.03865688492197321,0.13556843179567693,0.008834614242286732,0.30307131036648266,0.08236031149092238,0.17661367001888229,0.029290447396980546,-0.04358151394133313,0.10352631058179738,0.0834833440491723,0.11176714925877003,-0.02025837668293229,0.2840191060475978,0.08236031149092238,0.17228597744276947
zhen,13,Online-B vs JDExploreAcademy,0.01,50,97.13666666666667,300,647.4015315315323,594.4825203252045,dedup,0.8499591645437194,True,0.08174063333019832,0.004932579888892977,0.14781792335135535,52.91901120632781,0.014470612316081629,-0.01651850162128867,0.047656569324604194,0.04339265035862706,0.0672700210141167,-0.01814393684461545,0.14871843270621027,0.06422704176003369,0.126894250960902,0.027360896323653426,-0.01878073978038196,0.07823540043720553,0.06976050138519058,0.054379737006544894,-0.042141209626982895,0.14378628261225274,0.06422704176003369,0.12684856990721477,0.027187022964289417,-0.0013191830815735808,0.06615167749663928,0.05621059985483241,0.0545536103659089,-0.0346259963435095,0.12778644093300248,0.10251814900224787,0.18041556281033144,0.04766954468683395,0.003358114619471496,0.10960050362964036,0.09528522813083201,0.03407108864336437,-0.06798103888150765,0.1161890974600692,0.10251814900224787,0.179133169565197,0.02050900665520692,-0.0083090210193454,0.05558268783564844,0.049193617921026084,0.0612316266749914,-0.02633859670335911,0.13608515586162878,0.06952935086674494,0.14334694732193426,0.039686299778352654,-0.00512887083577691,0.09665760856279076,0.08478688983254278,0.042054333551845666,-0.0573146580496794,0.12259362182273784,0.06952935086674494,0.14263997257810498
zhen,13,Online-B vs JDExploreAcademy,0.02,50,97.13666666666667,300,243.93247619047645,232.50548387096796,dedup,0.6017887073354808,True,0.0468448994490821,-0.009124725666305603,0.18238368977845085,11.426992319508486,0.0006609213839997052,-0.03826743438365424,0.06357650560579492,0.04524985415166686,0.0461839780650824,-0.05995463810315129,0.21163017457740768,0.0651803732259737,0.17512212370616526,0.03173856767711207,-0.006525435149902946,0.12279928064013156,0.10121499393932719,0.01510633177197003,-0.11637217463382249,0.16503177750939174,0.0651803732259737,0.17433666329819356,0.02293332141471442,-0.005936465249482076,0.09155287717413753,0.07889862427125394,0.02391157803436768,-0.08660980085574281,0.17334341468628936,0.08329426230051507,0.21056036148174304,0.04719567567051891,0.007656592061949393,0.14884031126765215,0.1229935417649085,-0.0003507762214368104,-0.1370568545167099,0.14395565289540382,0.08329426230051507,0.20458924836641665,0.004303380557540733,-0.03287748706016619,0.06450725006033124,0.05041790214850664,0.04254151889154137,-0.06468511921933769,0.2031196852108328,0.05369973930548988,0.17953909801728585,0.027034371783746868,-0.015068259591341608,0.11829799491582876,0.09232750780021663,0.019810527665335233,-0.11399033363065711,0.17929886056611538,0.05369973930548988,0.1731962875093861
zhen,14,Online-B vs Online-G,0.01,50,96.32333333333334,300,537.1475438596497,512.3774509803928,dedup,0.8206762100386678,True,0.04611413225735417,-0.014850056252616522,0.14255312740068973,24.770092879256822,-0.0011189834254351951,-0.03948918950019706,0.022219691976444935,0.01690876697983541,0.047233115682789366,-0.025698736091684438,0.167687598757713,0.03909292617180671,0.10553883599564104,0.0031437255912054375,-0.047501389228185496,0.03716975451970649,0.0312559197649349,0.04297040666614873,-0.03232552519635786,0.1677135005145857,0.03909292617180671,0.09601978511262073,0.0261227476854979,0.002795367827186256,0.06250590476802208,0.054072819277200986,0.019991384571856268,-0.055028991697945825,0.11855086194045973,0.06838129634058798,0.15119995026661254,0.028055422713359545,-0.007323411459491415,0.07221482855912291,0.06407399050811524,0.018058709543994623,-0.06038338004099045,0.1262582959914869,0.061813601211831104,0.1264874994945412,0.015555418800294681,-0.013863380382280915,0.045903918393489444,0.04022370879749076,0.03055871345705949,-0.046140227326530454,0.1399674222998865,0.046360200908873384,0.1265555641832015,0.023932543504559978,-0.017347322440688834,0.06533929610168354,0.058341019654737224,0.02218158875279419,-0.05539162907453619,0.1392924727066555,0.046360200908873384,0.11742429957581807
zhen,14,Online-B vs Online-G,0.02,50,96.32333333333334,300,262.57333333333366,241.79888888888934,dedup,0.6331564515310013,True,0.07911863775622419,-0.020452559268796848,0.1719770698387243,20.774444444444327,-0.001291108538866969,-0.040053031101399184,0.03586925643883411,0.024470678807052247,0.08040974629509115,-0.03100247719521121,0.1913700450347318,0.04097987767612221,0.22675333993525892,0.005592692789335918,-0.05996855928018531,0.04434524267011277,0.034863889813766855,0.07352594496688827,-0.03730680085533853,0.21015494366440188,0.03044219484511934,0.09581534667664426,0.013789050920569142,-0.014917556796951423,0.060385526494357966,0.04813281015478822,0.06532958683565504,-0.055908671271002935,0.17104320526282898,0.06732408475362961,0.24237162302773585,0.035765213605360315,-0.02484301769360718,0.09188695317279562,0.07688375531279643,0.04335342415086387,-0.07986832647554978,0.17070434117204458,0.06732408475362961,0.18012137463971908,0.0007610077834546996,-0.0379956766611209,0.033616790917875075,0.025081722186991055,0.07835762997276949,-0.036853489860433075,0.19218383560677857,0.03746731673245529,0.2013135844734048,0.01500815144399642,-0.055399211942879265,0.05591203796909834,0.046102213442245486,0.06411048631222777,-0.0420028178491599,0.1984350116889608,0.03746731673245529,0.10197919334407718
zhen,15,Online-B vs HuaweiTSC,0.01,50,97.41666666666667,300,321.1912903225812,290.3563492063498,weighted,0.6967020289721167,True,0.09600179720086122,-0.05417344210066062,0.23872222149459446,30.83494111623139,-0.007340496886999592,-0.08456556341595835,0.0581486490191961,0.04695735300934335,0.1033422940878608,-0.10126831241122622,0.32302537595633274,0.04008548981584381,0.19131680266415121,0.008226069041486561,-0.08645114616958896,0.11023454897487724,0.092684742182934,0.08777572815937465,-0.1501841755575437,0.32054151230451683,0.04008548981584381,0.17780327794823633,0.02267622301553841,-0.03373759534576444,0.10149497904300168,0.08380673094856268,0.0733255741853228,-0.1372934855202041,0.2731958873702997,0.08122586094262996,0.24343311202148457,0.040022855538704175,-0.03617387648976119,0.15965255407544346,0.13400265195717104,0.05597894166215704,-0.18326887230709318,0.2715274015562349,0.08122586094262996,0.21742012277926576,0.011880303013218744,-0.05613963704711363,0.09010534580677665,0.0736995521758565,0.08412149418764248,-0.12747153512025586,0.29492982511167315,0.05185400944105434,0.20282103652276762,0.02251740572091675,-0.0786016503296214,0.1386399668107363,0.11749173930344735,0.07348439147994447,-0.1644631301002878,0.3146451028608505,0.05185400944105434,0.18967465884224366
zhen,15,Online-B vs HuaweiTSC,0.02,50,97.41666666666667,300,187.35426666666683,183.22614035087744,dedup,0.48004030866301817,True,0.022033799332331072,-0.03281695553431377,0.11884969765708375,4.1281263157893875,0.0054677284615378486,-0.05841672366172221,0.06016775464328793,0.05124139518568636,0.016566070870793224,-0.08035329445713678,0.16036728558490668,0.03864154065199876,0.14963279403363672,0.017472957167263457,-0.0464763358692505,0.09667226835698363,0.07475342765827579,0.004560842165067615,-0.1075707623347958,0.149183934899134,0.03712462066772593,0.14210459408764275,0.03390792560433196,-0.01608477510979742,0.10911758444632295,0.09215082755573338,-0.011874126272000886,-0.12015959256108852,0.1290936111692775,0.07636668113043166,0.19055583899146072,0.053364624127699024,-0.005514887215688099,0.14507231690163652,0.13083402864809313,-0.03133082479536795,-0.15989749580136495,0.1087567268090575,0.07636668113043166,0.1901339609042638,0.01946916581998116,-0.0358125399823272,0.08627248568318953,0.07141077024759084,0.0025646335123499127,-0.09938539367216016,0.14643440445144001,0.06185701171564972,0.18241436157044796,0.03786667108245898,-0.021913940236921912,0.12436703012925784,0.10838472093088589,-0.01583287175012791,-0.13940566242642757,0.13107820902859119,0.06185701171564972,0.1812333713180032
zhen,23,LanguageX vs JDExploreAcademy,0.01,50,91.96,300,606.4531250000011,548.9068750000006,dedup,0.848364207868498,True,0.09488985649138248,0.01355519992681096,0.1847502833216706,57.546250000000555,-0.03292804205818903,-0.07004143665601162,0.012520611916196184,0.004704162329835641,0.1278178985495715,0.023831793988378595,0.24138020118377843,0.016875716557713694,0.20215923677428846,-0.018803317162635547,-0.06760313231195561,0.06162408856829889,0.03762045976726957,0.11369317365401803,-0.006204529568337801,0.22201275820410968,-0.0013191260921128212,0.20215923677428846,-0.007938321403707413,-0.037392442296780175,0.054982153047527675,0.03884292534711416,0.1028281778950899,0.0013349336640275764,0.19896847433736575,0.038139950054553506,0.2011183416394617,-0.03346283569962675,-0.08064597091425321,0.07916689945983911,0.04889808257097454,0.12835269219100923,-0.001022897459712492,0.2380716188595651,0.009233882644786306,0.1923951465015613,-0.029726228827123533,-0.06430244231656512,0.020347720618412935,0.009782812116821332,0.12461608531850601,0.022449977408928824,0.23138210696168812,0.021148569928382543,0.1439657852761922,-0.05041897246207187,-0.09675504312152675,0.03779212449313339,0.012826737382398257,0.14530882895345437,0.024670017226023102,0.2608500989497695,-0.01735969937219939,0.11176921989955466
zhen,23,LanguageX vs JDExploreAcademy,0.02,50,91.96,300,280.4411764705886,246.31828571428616,weighted,0.6720880964866287,True,0.12167575099258321,0.03189704511518857,0.2266294726850441,34.12289075630241,-0.012658511086353257,-0.04123477065591427,0.01739115694270266,0.012733570358438154,0.13433426207893648,0.03132581293576145,0.2557613227689934,0.024838942413647813,0.13756012220124061,-0.002156898406219443,-0.03788850773115241,0.04902701359958373,0.035443834665422384,0.12383264939880265,0.012290009509564211,0.24264337574499484,0.024838942413647813,0.12011315629594589,0.008686200104943276,-0.009138931712211086,0.06239025654459309,0.042537354515046845,0.11298955088763993,0.004882558696466816,0.21911191991879797,0.04701988368127663,0.24536664457270035,0.012649562968711846,-0.014631937912777022,0.1219068401099906,0.08324690192354935,0.10902618802387136,-0.019242891252166494,0.2154473938630641,0.04663074436079129,0.24333410721065943,-0.011222726528490365,-0.039295734798722295,0.0185383375430213,0.013503719687693599,0.1328984775210736,0.02539145049794605,0.25364041447185526,0.03424903870900553,0.1459453222587672,-0.005734107887783613,-0.038595828479302666,0.051666216443379334,0.034658230831842315,0.12740985888036682,0.012449167431985103,0.2453114412085166,0.03424903870900553,0.13063182774446966
zhen,24,LanguageX vs Online-G,0.01,50,95.34666666666666,300,622.856543209878,558.9070588235311,dedup,0.8469203419212719,True,0.10267128937392977,-0.00711674883244145,0.3252981437720413,63.94948438634697,0.022213694121898248,-0.06756387235037256,0.09015626437113354,0.07029210273620054,0.08045759525203153,-0.07513817826734824,0.37981506232081363,0.1267069865658288,0.30905687998122783,0.07093344706169022,-0.03866713765404011,0.1859997124444243,0.15363846795805186,0.031737842312239556,-0.15447280402361638,0.3412799010997849,0.1267069865658288,0.30379754662899816,0.037563093405966544,-0.035463176556117096,0.11243757698116441,0.09003181342790527,0.06510819596796323,-0.09208004540780423,0.35286004711150354,0.13267379756754372,0.32963164823633506,0.061215185254200354,-0.027806324666651797,0.17438993672043396,0.14720247314683954,0.04145610411972942,-0.1540828272438055,0.320766972480869,0.11051135670403145,0.3206499995886026,0.036079622269448997,-0.03593965052316902,0.12148622174639921,0.09924592222149112,0.06659166710448078,-0.10226482944590923,0.3438792326520732,0.1429026164276258,0.3297431983446488,0.053302675927503415,-0.03964052336294943,0.1975334734635646,0.16215429670848264,0.04936861344642636,-0.17086994443516926,0.3275333297657061,0.1429026164276258,0.32651397020488127
zhen,24,LanguageX vs Online-G,0.02,50,95.34666666666666,300,271.8804761904766,257.02456140350904,dedup,0.6493066806317207,True,0.054641344590553365,-0.031519675238033534,0.1504760272727871,14.85591478696756,0.022061443085508177,-0.00946871722577285,0.047138517964933645,0.04018450029497725,0.03257990150504519,-0.05689281451421668,0.13536499001422783,0.06872938919608051,0.13224680286235366,0.035030183533594904,-0.012464387972253996,0.07187451265251402,0.06603697074633838,0.01961116105695846,-0.071075465457673,0.13049905964803396,0.06872938919608051,0.1321626379398282,0.03702723125641169,0.006240435248746389,0.07398703432053726,0.06717266997729929,0.017614113334141673,-0.07894644004348732,0.11772098176354218,0.07277621868929951,0.21575084281493553,0.0481173791914389,0.0035417120769864786,0.11035260410148161,0.09836971136248421,0.006523965399114463,-0.09987141373365865,0.11592206522667814,0.07134426363785218,0.20238879702637538,0.02290085169390835,-0.008286545435349305,0.0510261063099179,0.045139152723256505,0.03174049289664502,-0.062105376948524325,0.1357653851673797,0.059007420117696885,0.1343048667033482,0.0290161308188601,-0.019564800068921053,0.07477024567341833,0.06462158121588804,0.025625213771693266,-0.07252879097625567,0.14215636686403627,0.059007420117696885,0.1306394065943578
zhen,25,LanguageX vs HuaweiTSC,0.01,50,97.27,300,360.8296899224808,341.9046666666672,dedup,0.730426839263429,True,0.05244863098676655,0.013886939856932552,0.11631040673230525,18.925023255813585,0.007373187896477869,-0.024017354320264125,0.0343500564786893,0.029248108382962427,0.045075443090288686,-0.007956367475381608,0.13058528457775964,0.06380552690342722,0.1244561388237273,0.028463196256571854,-0.009224586873857219,0.06966124401190768,0.060663186982057596,0.0239854347301947,-0.03822521236899912,0.11062801246358235,0.06380552690342722,0.1244561388237273,0.02218496446083317,-0.002124817588688805,0.046743698073919655,0.042369028219949895,0.030263666525933382,-0.01692937371311783,0.10697825766719285,0.07279222083348713,0.1254594755965955,0.039422785555529326,0.0028259637428518303,0.08106667290058787,0.07079224517721569,0.013025845431237228,-0.04579387580849755,0.0957135755348356,0.07279222083348713,0.1245432821419222,0.015358061599496783,-0.011673975289384146,0.040369209835802625,0.03596538620166811,0.03709056938726977,-0.012394954600094616,0.11689160961075049,0.05576480075547863,0.11870506986624212,0.03243761429493051,-0.002911290687792547,0.0723221468072139,0.06216374972041312,0.020011016691836046,-0.0379372149326028,0.10233735618404478,0.05576480075547863,0.11380204054844639
zhen,25,LanguageX vs HuaweiTSC,0.02,50,97.27,300,208.53866666666684,194.8633333333336,weighted,0.5335637195979647,True,0.06557696734098828,-0.013345243627418556,0.12890181384516106,13.675333333333242,-0.030868205864834113,-0.0536526049892697,0.004711745372125972,-0.00010577588788556662,0.0964451732058224,-0.009004437784737954,0.16801004785961438,0.0,0.05532080649116411,-0.02698430809113155,-0.05550259451510798,0.01772875197326913,0.012669583264941962,0.09256127543211982,-0.018686217931980456,0.1683999182782397,0.0,0.050340802342020326,-0.008198134692679764,-0.029191948520938846,0.027781189972062956,0.02061241844855572,0.07377510203366805,-0.024515823450369123,0.14139025606879013,0.021824904103141307,0.0911574158243093,-0.009780070168377864,-0.04085924740261286,0.0400698486164499,0.032326800678210685,0.07535703750936615,-0.03290604206891651,0.14300072462767283,0.021824904103141307,0.08814077400190791,-0.01885626211798233,-0.04233321327291396,0.0158654681864576,0.011801537644862008,0.08443322945897061,-0.01815939552708694,0.1530278889257258,0.01483411450760408,0.0696907060133151,-0.02287205800456522,-0.05568674629096268,0.025149346809977578,0.01971690947532429,0.0884490253455535,-0.024099913788593483,0.162502401670742,0.01483411450760408,0.06612340406063962
zhen,34,JDExploreAcademy vs Online-G,0.01,50,96.09333333333333,300,697.5415238095246,654.0488333333341,dedup,0.862239981344002,True,0.06235139986887284,-0.015584075705407263,0.16092465399790212,43.492690476190546,0.0007914319645066471,-0.038798100460011205,0.029587525545553463,0.025023295687790808,0.061559967904366186,-0.02374538113886091,0.18787052376996574,0.08922883606657062,0.1426672497581188,0.004393755691375845,-0.04753308872819768,0.05153326929162835,0.042261614040096276,0.05795764417749699,-0.038396362886368246,0.188721042795098,0.021608168346191947,0.10022266688845329,0.012322248177260284,-0.023428358590353974,0.04407632731210187,0.03811044816650068,0.05002915169161255,-0.03888365996292983,0.16951687247453492,0.0590765193701307,0.1310289910642554,0.013431184353339199,-0.04089956944202404,0.061119733701153436,0.05250200751553002,0.04892021551553364,-0.046483608448045506,0.18479823857008956,0.0590765193701307,0.12564435755855127,0.012358843972704429,-0.02881182225728543,0.04458266531757497,0.039160232637080954,0.04999255589616841,-0.04103571550745139,0.17532176897540433,0.07045421939697094,0.14131014184546034,0.020285845647095003,-0.03577926431682339,0.06848814476953363,0.05955922353675069,0.04206555422177784,-0.055313948909389093,0.18358047853529857,0.07045421939697094,0.13447493046143122
zhen,34,JDExploreAcademy vs Online-G,0.02,50,96.09333333333333,300,262.3433333333337,251.55533333333372,dedup,0.6337115484797281,True,0.04112168532330396,-0.04680145229547411,0.13691618356361462,10.787999999999982,-0.012604427999201188,-0.04623662030814541,0.022819303986706067,0.01704469430285529,0.05372611332250515,-0.049576609346016376,0.16139340842741245,0.04440864211146778,0.09315180604357848,-0.01422788820336759,-0.05655609673296582,0.03152454482323303,0.02591967442651677,0.055349573526671546,-0.0531647731979445,0.16395674749336245,0.02119334213657753,0.08142729377280766,-0.008772518571638776,-0.04160539769492747,0.02838214751836503,0.021189340103591386,0.049894203894942736,-0.05369819748603337,0.15723953676617405,0.04108974076350447,0.09076626177488634,-0.010635985052642993,-0.05616190850471386,0.03716723900352343,0.030392652492176223,0.05175767037594695,-0.05915499859279003,0.16775591203391071,0.012783285733173888,0.0743241129937385,-0.017695375835075088,-0.05072720492752628,0.017673712387828194,0.012769467937257915,0.05881706115837905,-0.045764231275816275,0.17149017936812433,0.03893245488732844,0.08118317867814472,-0.020686740112317047,-0.06734910234620238,0.02581572628881395,0.021015142940598537,0.061808425435621005,-0.04723370207050806,0.1754451331270682,0.011843338252793267,0.06676564363714735
zhen,35,JDExploreAcademy vs HuaweiTSC,0.01,50,97.82333333333334,300,447.91750000000087,445.9303921568636,weighted,0.7816041272481358,True,0.004436325535700836,-0.0942628411513989,0.10606150461274944,1.9871078431372666,0.0006092485118690309,-0.0370336792420515,0.03185860178633474,0.026445307635558697,0.003827077023831805,-0.10660959086340159,0.12343925900717428,0.05147433951014935,0.11115851624832279,0.016341723062627756,-0.03695722410485567,0.06537713699830251,0.05566988086181698,-0.01190539752692692,-0.1318996635396603,0.11885617313191414,0.05147433951014935,0.11047626916283214,0.011966373468747156,-0.022257544247658197,0.04445613877988646,0.03739202473527953,-0.0075300479330463205,-0.11750672742824002,0.10585846317524611,0.07821101068706382,0.14179016134052244,0.0342564333544856,-0.022948683343206346,0.0875871684534302,0.07398657848767783,-0.029820107818784768,-0.15076510078511032,0.09760272245704449,0.07821101068706382,0.14142616594318752,0.0040771258396581555,-0.035236428323329676,0.04008942479896697,0.03228367717424496,0.00035919969604268024,-0.110601641933066,0.1191768333898006,0.07051378166583422,0.1343386487872267,0.023391683748082027,-0.03063888075942144,0.07771418735937072,0.06452656934162948,-0.01895535821238119,-0.13861965001710577,0.11078772738540173,0.07051378166583422,0.13416268791329422
zhen,35,JDExploreAcademy vs HuaweiTSC,0.02,50,97.82333333333334,300,223.57078431372577,217.71888888888913,dedup,0.5624502833247536,True,0.02617468755052077,-0.004360397390691128,0.0875016814405208,5.851895424836641,0.0027296204391178934,-0.034675605215875205,0.03191069938890312,0.02534339668035845,0.023445067111402876,-0.021653389471791497,0.10309419320504813,0.028557425913557366,0.10534149966455439,0.0062238226507503325,-0.039965799339248625,0.04567731307250883,0.03554896545904688,0.019950864899770437,-0.033602131191536766,0.10500940676828618,0.028335093012846202,0.09289824319656834,0.015584681222241452,-0.011689359239190417,0.05320546562588279,0.0443269874048344,0.010590006328279318,-0.03856628543881175,0.08683809649849392,0.04947154077378024,0.15242600209257637,0.025257911299381864,-0.01354894457373146,0.08001202934752753,0.06490696400086254,0.0009167762511389059,-0.06317519835282798,0.07822221907583432,0.04947154077378024,0.14884699099127324,0.0037766647549634363,-0.032489706311895426,0.0349528477246853,0.02783627016154229,0.022398022795557332,-0.023791971316321672,0.10905244053955977,0.028148814096034536,0.11840637289188492,0.00749057245057021,-0.03731390317340799,0.051453296584976924,0.042305256551377964,0.01868411509995056,-0.039092815353347354,0.10372723635754988,0.02334410272446963,0.10654047943533568
zhen,45,Online-G vs HuaweiTSC,0.01,50,97.75333333333333,300,585.4282882882889,572.126306306307,dedup,0.8330225318985687,True,0.02272179573159161,-0.04915419081870753,0.09668324506295517,13.30198198198184,0.004615942921900599,-0.041974543012334026,0.03435001409981022,0.02864236938161667,0.01810585280969101,-0.06839932345696725,0.12398374920760782,0.040040062343696614,0.13609088557792012,0.016126650942282293,-0.04379975339274535,0.06476097628333427,0.058010611873037944,0.0065951447893093165,-0.0966834046272173,0.11641782510890145,0.029961951413650545,0.11993805743155544,0.009322240921902742,-0.028289194584542564,0.05165994754516424,0.043178810556600986,0.013399554809688867,-0.08300216813342143,0.10969165035649088,0.055717123790434364,0.15294692445870042,0.022056188083914952,-0.028245527140533508,0.08894336773857618,0.07550249196496998,0.0006656076476766574,-0.11773504321279933,0.10071155604951638,0.055717123790434364,0.148052634632941,0.005467221392572454,-0.03572077795669799,0.04330151490179682,0.03416926642339628,0.017254574339019155,-0.07201989043747263,0.12020039457711362,0.03461338722751761,0.13334731156821103,0.02294339214820775,-0.03027639890201877,0.0857281252974229,0.07068855629947547,-0.00022159641661614188,-0.11382398733112759,0.10279511153754657,0.03461338722751761,0.13201389636643687
zhen,45,Online-G vs HuaweiTSC,0.02,50,97.75333333333333,300,282.0000000000002,271.2061261261264,dedup,0.6533569739952722,True,0.03827614848891436,-0.011388740655827656,0.10674561889127458,10.79387387387385,0.0042161959809897806,-0.027288767492279573,0.030836882978788904,0.025997234446756935,0.03405995250792458,-0.03232345196584864,0.12003677583562518,0.04585898340457528,0.12080598794484709,0.013783494298843558,-0.031383536929512956,0.05423573179266947,0.047344423885893154,0.024492654190070805,-0.04812538445963309,0.12227649935157119,0.04585898340457528,0.11545978271668106,0.012630095496642424,-0.015888212860223756,0.043261103276149064,0.03800027144648259,0.02564605299227194,-0.041900283576474795,0.11329017352198444,0.055633075489651906,0.13772492570756967,0.020438419550685927,-0.02312963963239862,0.06468253746837621,0.05975240371747374,0.017837728938228437,-0.05933845073705922,0.11417977420475481,0.055633075489651906,0.12687425562838084,-0.0025274480672847505,-0.038608046299715766,0.024019276613075763,0.019714139077464072,0.04080359655619911,-0.028894635040442818,0.13264045539787495,0.03517899985795525,0.11453102691458608,0.0044137176771513855,-0.04424575779433977,0.04547564226666941,0.03888698294565527,0.033862430811762975,-0.04640831642167417,0.13276903566997833,0.03517899985795525,0.10505890037568254
