lp,metric,sys_pearson,top4_kendall,rho_bar,mean_rho2,hes_uniform_0.01,hes_best_0.01,hes_w_pilot_0.01,hes_w_oracle_0.01,design_save_0.01,hes_uniform_0.02,hes_best_0.02,hes_w_pilot_0.02,hes_w_oracle_0.02,design_save_0.02
ende,BERTScore-refA,0.9067065770101881,0.3333333333333334,0.16365480033295196,0.027122799485427035,0.003239229557580492,0.03930054278785455,0.03930054278785455,0.056167082689318915,0.15864966460359964,-0.0029484906839427616,-0.015106859531019534,-0.015106859531019534,-0.0022724848525295105,0.09000603034117893
ende,BLEU-refA,0.8634063310084908,0.3333333333333334,0.11409007913736019,0.013112925263110106,0.0022903643336426027,-0.0076966256307660075,-0.0076966256307660075,0.03600629671334954,0.15864966460359964,-0.004054174690421242,-0.023241322355414207,-0.023241322355414207,-0.00454936522701721,0.09000603034117893
ende,BLEURT-20-refA,0.977419310947295,0.6666666666666669,0.31639737374858073,0.10167450308158062,0.025442675797723302,-0.0006692717939797976,-0.0006692717939797976,0.09530272605443546,0.15864966460359964,-0.008577427444196983,-0.01008772289469051,-0.01008772289469051,0.1174833027382477,0.09000603034117893
ende,COMET-20-refA,0.9858264490713563,0.6666666666666669,0.2627647468131425,0.06968386610565462,-0.03732475876575725,0.02770479660559766,0.02770479660559766,0.05083040404862116,0.15864966460359964,-0.022113680129570268,-0.030314768289670946,-0.030314768289670946,0.009296528942165705,0.09000603034117893
ende,COMET-22-refA,0.9524733537563392,0.6666666666666669,0.33440926881426397,0.11271328299207545,-0.030919918504177524,-0.038148492256840694,-0.038148492256840694,0.07996744260415478,0.15864966460359964,-0.03451074323251113,-0.03047195597709873,-0.03047195597709873,0.06251607898095568,0.09000603034117893
ende,COMET-QE-src,0.8324986400919704,0.6666666666666669,0.19769306487878666,0.03962226507179867,-0.06528735405411723,-0.03909544064619497,-0.03909544064619497,0.006358082042806856,0.15864966460359964,-0.016417732217408165,-0.011039628118821865,-0.011039628118821865,0.01816645394863059,0.09000603034117893
ende,COMETKiwi-src,0.9226539774777829,0.6666666666666669,0.23470561083557331,0.05558642504495646,-0.07703476838755097,-0.0589182269300097,-0.0589182269300097,0.03482036812652789,0.15864966460359964,-0.040541746904212195,-0.030750057270240605,-0.030750057270240605,0.0004225694973709615,0.09000603034117893
ende,Cross-QE-src,0.9403569774408735,0.6666666666666669,0.25641558759111466,0.06671105894375874,-0.0217701467019209,-0.01271616408561349,-0.01271616408561349,0.04502966639568895,0.15864966460359964,-0.035803101162161566,-0.042079025738223974,-0.042079025738223974,0.009296528942165705,0.09000603034117893
ende,HWTSC-TLM-src,0.7686262691697412,0.6666666666666669,0.11583972146317563,0.01403126137963385,-0.05032852535744925,-0.038148492256840694,-0.038148492256840694,-0.011057533987490098,0.15864966460359964,-0.0029484906839427616,-0.010509119673752565,-0.010509119673752565,0.009296528942165705,0.09000603034117893
ende,HWTSC-Teacher-Sim-src,0.6922672434936012,0.6666666666666669,0.10345254262648827,0.011359066948738332,-0.06585541084006641,-0.03711345564522106,-0.03711345564522106,-0.005510337770432416,0.15864966460359964,-0.011999671388138955,-0.014678729908682797,-0.014678729908682797,0.0029476799084916516,0.09000603034117893
ende,KG-BERTScore-src,0.6378374846052578,0.6666666666666669,0.08901885957200979,0.008851336644941041,-0.06810931357141414,-0.029247177396911184,-0.029247177396911184,-0.011057533987490098,0.15864966460359964,-0.016848518193958384,-0.01749934859701785,-0.01749934859701785,0.002446454984780466,0.09000603034117893
ende,MATESE-QE-src,0.7648995070123706,0.0,0.13426521164600014,0.018245534991688035,-0.08463793360129701,-0.047049807116770426,-0.047049807116770426,0.006358082042806856,0.15864966460359964,-0.02125656074470328,-0.024790743845775287,-0.024790743845775287,0.006122104425328678,0.09000603034117893
ende,MATESE-refA,0.9246232659550914,0.3333333333333334,0.2037960502745362,0.04380272503870458,-0.03480163987483209,0.01862630880303151,0.01862630880303151,0.06565451138389233,0.15864966460359964,-0.011432923060186173,-0.025083087523201986,-0.025083087523201986,0.028649092592634706,0.09000603034117893
ende,MEE-refA,0.8768362437607912,0.3333333333333334,0.1349188601906459,0.018603771253705177,-0.0309199185041773,-0.02034586253698145,-0.02034586253698145,-0.0001550751717758203,0.15864966460359964,0.0034284775394681777,-0.01562608056236381,-0.01562608056236381,-0.0037186115768663708,0.09000603034117893
ende,MEE2-refA,0.8910462707906135,0.0,0.15803911082567448,0.02545980569754108,-0.026175592384489077,0.02058922508466743,0.02058922508466743,0.05276398326626519,0.15864966460359964,-0.0056701743921974135,-0.027145864511123774,-0.027145864511123774,-0.01200097372534148,0.09000603034117893
ende,MEE4-refA,0.89207408156182,0.0,0.17591004234871507,0.031729059511157606,-0.011212717699317087,0.04056756050881816,0.04056756050881816,0.06109324758842449,0.15864966460359964,-0.003879593005187809,-0.02454283640731747,-0.02454283640731747,-0.005164738301203231,0.09000603034117893
ende,MS-COMET-22-refA,0.9163007970087685,0.6666666666666669,0.15037721325465953,0.023070129390606587,-0.12699252242787185,-0.06707776555161171,-0.06707776555161171,0.033041475246295415,0.15864966460359964,-0.06913702293382928,-0.04904720441901245,-0.04904720441901245,-0.013229675802312713,0.09000603034117893
ende,MS-COMET-QE-22-src,0.7522191383266835,0.3333333333333334,0.11330016804986619,0.013573910579774895,-0.05836923391094739,-0.03580604097791196,-0.03580604097791196,0.033041475246295415,0.15864966460359964,-0.029484906839427172,-0.0246560115422656,-0.0246560115422656,-0.003984226689499604,0.09000603034117893
ende,REUSE-src,-0.7189752875124902,-1.0,-0.10123142983252942,0.010951667265034845,-0.011212717699317087,-0.0001550751717758203,-0.0001550751717758203,0.0,0.15864966460359964,-0.0043557248740062615,-0.005164738301203231,-0.005164738301203231,0.0,0.09000603034117893
ende,SEScore-refA,0.8627443368691673,0.6666666666666669,0.2110622239339505,0.045823035108069864,-0.007198287905734402,0.0119171222935337,0.0119171222935337,0.02770479660559766,0.15864966460359964,-0.017422899496025046,-0.014678729908682797,-0.014678729908682797,0.03832537441786921,0.09000603034117893
ende,UniTE-ref-refA,0.9355373362310141,0.6666666666666669,0.3003971411547159,0.09206002883837024,0.011779016573020051,-0.0006692717939797976,-0.0006692717939797976,0.07224300353290236,0.15864966460359964,-0.009658848792226227,0.015557652476140826,0.015557652476140826,0.059715050031545425,0.09000603034117893
ende,UniTE-refA,0.934069874660218,0.6666666666666669,0.29885682193655905,0.09156022134171878,0.0428327875382547,0.006358082042806856,0.006358082042806856,0.054251351895222344,0.15864966460359964,0.01779261619620598,0.021123095617452292,0.021123095617452292,0.046550213969318466,0.09000603034117893
ende,UniTE-src-src,0.8781288793774996,0.6666666666666669,0.21214844910059927,0.04579850153643165,0.0011042828037205465,-0.006358082042806634,-0.006358082042806634,0.03600629671334954,0.15864966460359964,-0.015461597488968026,-0.01810376688737536,-0.01810376688737536,0.0030988429807219386,0.09000603034117893
ende,YiSi-1-refA,0.9374352886959155,0.6666666666666669,0.18091002384709787,0.03345103837108446,-0.02053369105296743,0.021182189378078364,0.021182189378078364,0.06565451138389267,0.15864966460359964,0.0,-0.018593057884331632,-0.018593057884331632,0.00324297521238337,0.09000603034117893
ende,chrF-refA,0.9131487212856361,0.6666666666666669,0.1648330307429806,0.027451079479120233,-0.021066318101747195,0.02414701084513271,0.02414701084513271,0.06988997062254154,0.15864966460359964,0.009687897961526026,-0.02132733110261542,-0.02132733110261542,0.0038735537259022568,0.09000603034117893
ende,f101spBLEU-refA,0.8322237271443311,0.3333333333333334,0.1386156010913626,0.0193468202879645,-0.017668524859529855,-0.014723979467552661,-0.014723979467552661,0.030615712227796466,0.15864966460359964,0.006595308108819253,-0.01771602685205176,-0.01771602685205176,-0.008924667784478979,0.09000603034117893
ende,f200spBLEU-refA,0.8109386629133486,0.3333333333333334,0.14440526202947737,0.02111939299841197,-0.02024518473487813,-0.008076482594916445,-0.008076482594916445,0.03600629671334954,0.15864966460359964,0.005896981367885412,-0.01771602685205176,-0.01771602685205176,-0.006640377815832821,0.09000603034117893
ende,metricx_xl_DA_2019-refA,0.9809205978427264,0.6666666666666669,0.36909830907538704,0.13751758760508062,0.03312848411161884,0.05443626799503842,0.05443626799503842,0.08721684932610585,0.15864966460359964,0.002106064774244687,0.01816645394863059,0.01816645394863059,0.12167771966265417,0.09000603034117893
ende,metricx_xl_MQM_2020-refA,0.9616341585507984,0.6666666666666669,0.38060443467835237,0.14647295096128157,0.04914058476556782,0.03415328329644085,0.03415328329644085,0.08095681572997937,0.15864966460359964,-0.004054174690421242,0.016899321804849876,0.016899321804849876,0.11573562901974543,0.09000603034117893
ende,metricx_xxl_DA_2019-refA,0.9781893317652097,0.6666666666666669,0.3612253523143074,0.13157494803083744,0.06301773866565707,0.0705958804956498,0.0705958804956498,0.0866951798597616,0.15864966460359964,-0.005231193148930613,0.004290705665614847,0.004290705665614847,0.11573562901974543,0.09000603034117893
ende,metricx_xxl_MQM_2020-refA,0.9670998023955928,0.6666666666666669,0.36123115443864157,0.13161122265068287,-0.0309199185041773,0.0293115385619368,0.0293115385619368,0.07521845160019669,0.15864966460359964,-0.020639434787598887,0.0014085649912372045,0.0014085649912372045,0.07190776428191836,0.09000603034117893
zhen,BERTScore-refA,0.9400920205176693,-1.0,0.15384811874209534,0.0239316667803678,-0.014278785509356018,-0.048280556712479994,-0.03737837653934051,-0.018122849231195337,0.0842124247094731,-0.01140186779322594,-0.031424336132176434,-0.004752642832235532,-0.004752642832235532,0.0854911367337855
zhen,BLEU-refA,0.8293746844592913,-1.0,0.06814383434189672,0.004764610651467338,-0.015816500871902006,-0.020174714839317653,-0.00956483709424183,0.01076044173102264,0.0842124247094731,0.0,-0.05376996519053301,-0.02652043428878237,0.0,0.0854911367337855
zhen,BLEURT-20-refA,0.9802219595565597,-0.3333333333333334,0.18618077308776596,0.034961544545041884,-0.0342690852224552,-0.055090818397131036,-0.044117811097191595,-0.018122849231195337,0.0842124247094731,-0.061570086083419184,-0.04321786257964266,-0.016241199434302356,0.005649367894922097,0.0854911367337855
zhen,COMET-20-refA,0.9752672183823411,-0.6666666666666669,0.162579670486103,0.026791136076563072,-0.0342690852224552,-0.03225641157212489,-0.021520883462044393,-0.021520883462044393,0.0842124247094731,-0.08450796129096694,-0.10027303106873431,-0.0718209732659203,0.010014497396497402,0.0854911367337855
zhen,COMET-22-refA,0.9866351677254928,0.3333333333333334,0.2412877637952345,0.05937061215344028,-0.04058181144764417,-0.03660582239593557,-0.025825060154453405,0.022955609026181323,0.0842124247094731,-0.02736448270374159,-0.04391159942949363,-0.016916996881482627,0.011462256242451563,0.0854911367337855
zhen,COMET-QE-src,0.9229008996526059,0.6666666666666669,0.1674131238006692,0.02893196099740586,-0.019276360437630924,-0.06125248373086256,-0.05021539474477055,-0.0014347255641360412,0.0842124247094731,-0.041046724055612716,-0.016787923340185307,0.009505285664471952,0.016782770001333214,0.0854911367337855
zhen,COMETKiwi-src,0.9593770879824239,0.6666666666666669,0.1936102724240123,0.03828548484656629,-0.019276360437630924,-0.020174714839317653,-0.00956483709424183,0.022955609026181323,0.0842124247094731,-0.03731520368692043,-0.021666727604182645,0.004752642832235976,0.028515856993415745,0.0854911367337855
zhen,Cross-QE-src,0.9661624037443679,0.0,0.15385783251346133,0.025290789859674173,-0.046263265050314306,-0.06125248373086278,-0.05021539474477077,-0.003310905148006027,0.0842124247094731,-0.029319088611151845,-0.08288699699384594,-0.05488452618670703,0.023279894551122005,0.0854911367337855
zhen,HWTSC-TLM-src,0.49824163313433906,1.0,0.04276404387789056,0.0019552103136681047,-0.019276360437630924,-0.020174714839317653,-0.00956483709424183,0.0,0.0842124247094731,0.005457146449667993,-0.044692053385575914,-0.01767726900956057,0.00016973724400859425,0.0854911367337855
zhen,HWTSC-Teacher-Sim-src,0.3949247735620734,0.6666666666666669,0.07418101325115266,0.005843810908896144,-0.05425938493555371,-0.04071359928509022,-0.02989011591950641,0.01076044173102264,0.0842124247094731,0.005060263071510307,-0.021832110799572257,0.004591536295550092,0.014591447291952386,0.0854911367337855
zhen,KG-BERTScore-src,0.679795467170797,0.6666666666666669,0.06026626848066422,0.003720696194004288,-0.027213685323714154,-0.020174714839317653,-0.00956483709424183,0.022955609026181323,0.0842124247094731,-0.03518290633338217,-0.062490210676721114,-0.03501518217426436,0.009030021381248421,0.0854911367337855
zhen,MATESE-QE-src,0.9351848265501388,0.6666666666666669,0.1745695248799296,0.03275619854979613,-0.041765447614867,-0.03982060430918688,-0.02900640814449451,0.01076044173102264,0.0842124247094731,-0.05863817722230369,-0.01750774692011947,0.008804076066273203,0.022812685594732596,0.0854911367337855
zhen,MATESE-refA,0.9674894649743352,0.6666666666666669,0.1841210130015439,0.034695109826326266,-0.034269085222454754,-0.03660582239593557,-0.025825060154453405,0.01076044173102264,0.0842124247094731,-0.022803735586451435,-0.031424336132176434,-0.004752642832235532,0.011786554223945367,0.0854911367337855
zhen,MEE-refA,0.8976609341086564,-1.0,0.08235807330971746,0.00697676997137766,-0.0342690852224552,-0.04071359928509022,-0.02989011591950641,0.0,0.0842124247094731,-0.012072565898709753,-0.07496966455358933,-0.0471719287475576,0.00016973724400859425,0.0854911367337855
zhen,MEE2-refA,0.9352238472927535,-1.0,0.10699570948932563,0.011619830971100852,-0.04058181144764417,-0.04071359928509022,-0.02989011591950641,-0.00956483709424183,0.0842124247094731,-0.03518290633338217,-0.06175054699708893,-0.034294645523263556,0.00926362585944307,0.0854911367337855
zhen,MEE4-refA,0.9593140488993935,-1.0,0.12399158337254608,0.015536142997607846,-0.046263265050314306,-0.04071359928509022,-0.02989011591950641,0.0,0.0842124247094731,-0.06656225522531778,-0.0920767578620012,-0.06383664821429114,0.00035204761720275535,0.0854911367337855
zhen,MS-COMET-22-refA,0.98746083650136,1.0,0.1733383621328036,0.030328715053411545,-0.019276360437630924,-0.05004945585135068,-0.03912887902189932,0.01076044173102264,0.0842124247094731,-0.05130840506951562,-0.031424336132176434,-0.004752642832235532,0.010014497396497402,0.0854911367337855
zhen,MS-COMET-QE-22-src,0.9490970977882787,-0.6666666666666669,0.14717365702913465,0.02243560817743658,-0.0397209851442093,-0.03225641157212489,-0.021520883462044393,0.03689294307779123,0.0842124247094731,-0.10865309308838622,-0.08879824857930796,-0.06064291819363965,-0.004752642832235532,0.0854911367337855
zhen,REUSE-src,-0.07138023849785241,-0.3333333333333334,0.0013290648356614702,0.00032135078199950403,0.025701813916841454,-0.02274207539503914,-0.012105496947399708,0.0,0.0842124247094731,-0.05296351491046791,-0.044692053385575914,-0.01767726900956057,0.0,0.0854911367337855
zhen,SEScore-refA,0.9396477187904599,-1.0,0.14283672083819504,0.020999254462471213,-0.046263265050314306,-0.011959161061008805,-0.0014347255641360412,0.01076044173102264,0.0842124247094731,-0.013240878727617034,-0.02094394178729364,0.005456738066641709,0.00926362585944307,0.0854911367337855
zhen,UniTE-ref-refA,0.9757434913432441,0.3333333333333334,0.23622918310146154,0.05642101397545917,-0.028271995308525533,-0.020174714839317653,-0.00956483709424183,-0.018122849231195337,0.0842124247094731,0.0,-0.031424336132176434,-0.004752642832235532,0.023961240945856388,0.0854911367337855
zhen,UniTE-refA,0.9824419355235169,0.3333333333333334,0.2368966272270214,0.05651107124473775,-0.0483798850199364,-0.03225641157212489,-0.021520883462044393,-0.02989011591950641,0.0842124247094731,0.011596436205544292,-0.005223350269969673,0.020770809414957347,0.02645338934923791,0.0854911367337855
zhen,UniTE-src-src,0.9607040026515831,0.3333333333333334,0.20582137208678752,0.042841552265962445,-0.021643632772076815,-0.048280556712479994,-0.03737837653934051,0.010760441731022974,0.0842124247094731,-0.05400884744159562,-0.01653114416839596,0.009755424760905407,0.005849406562752124,0.0854911367337855
zhen,YiSi-1-refA,0.9604473082422414,-1.0,0.1526445094811373,0.023463073721452857,-0.04058181144764417,-0.04071359928509022,-0.02989011591950641,-0.00956483709424183,0.0842124247094731,-0.023455270888921298,-0.055685304824106385,-0.028386244985057818,-0.015636538560509505,0.0854911367337855
zhen,chrF-refA,0.9157360845392822,-1.0,0.09529324417202978,0.009403811785616249,-0.041765447614867,-0.02274207539503914,-0.012105496947399708,0.0,0.0842124247094731,-0.02414513179741906,-0.02662822346587479,-8.055326834321974e-05,-0.016241199434302356,0.0854911367337855
zhen,f101spBLEU-refA,0.8645720481576694,-1.0,0.07486176402128289,0.005737084783491375,-0.00428363565280665,-0.011959161061008805,-0.0014347255641360412,0.01076044173102264,0.0842124247094731,-0.03420560337967715,-0.031424336132176434,-0.004752642832235532,0.004591536295550092,0.0854911367337855
zhen,f200spBLEU-refA,0.8696321738056851,-1.0,0.07661936864502365,0.005975029164548708,-0.00428363565280665,-0.011959161061008805,-0.0014347255641360412,0.0,0.0842124247094731,-0.03328112761265878,-0.06408333244823616,-0.03656710726872725,0.0,0.0854911367337855
zhen,metricx_xl_DA_2019-refA,0.9937925634685278,0.0,0.22052929346060626,0.04941574308374253,-0.010280725566736537,-0.03660582239593557,-0.025825060154453405,-0.00956483709424183,0.0842124247094731,-0.09010256500012503,-0.02564942496254763,0.0008729343977577075,0.01645145595773989,0.0854911367337855
zhen,metricx_xl_MQM_2020-refA,0.9880707146931907,0.6666666666666669,0.2459332144501121,0.06224075652618758,0.003212726739604932,-0.009364775657331847,0.0011326780769502776,0.03689294307779123,0.0842124247094731,-0.043207077953276496,-0.016265194311899878,0.010014497396497402,0.03462639777771903,0.0854911367337855
zhen,metricx_xxl_DA_2019-refA,0.9945880252964706,0.0,0.2125341545211429,0.04627509751709571,-0.046263265050314306,-0.048280556712479994,-0.03737837653934051,-0.012105496947399708,0.0842124247094731,-0.07818423629640492,-0.010844652691316181,0.015294868751013824,0.005849406562752124,0.0854911367337855
zhen,metricx_xxl_MQM_2020-refA,0.9848440687329653,0.6666666666666669,0.2529783688002737,0.06561778492888629,-0.05425938493555371,-0.02604296753810953,-0.015372059615745615,0.0717362782068166,0.0842124247094731,-0.06314880623940411,0.007606097979800275,0.03326849982565172,0.02767715531713888,0.0854911367337855
