run,eps,rho,real,ceil,pred,share
mt_ende_m4_p100_syn,0.01,0.1,-0.0145408351679106,0.0034186179703504,-0.0033502456109434,0.3418617970350464
mt_ende_m4_p100_syn,0.01,0.2,-0.0045776703306383,0.0136744718814018,0.0071107253783289,0.3418617970350464
mt_ende_m4_p100_syn,0.01,0.3,-0.0003433252747977,0.0307675617331541,0.0245456770271163,0.3418617970350464
mt_ende_m4_p100_syn,0.01,0.4,0.0410747116961184,0.0546978875256074,0.0489546093354186,0.3418617970350464
mt_ende_m4_p100_syn,0.01,0.5,0.0357747819851043,0.0854654492587616,0.0803375223032358,0.3418617970350464
mt_ende_m4_p100_syn,0.01,0.6,0.0791928247828419,0.1230702469326166,0.1186944159305681,0.3418617970350464
mt_ende_m4_p100_syn,0.01,0.7,0.1218355453877627,0.1675122805471727,0.1640252902174152,0.3418617970350464
mt_ende_m4_p100_syn,0.01,0.8,0.1808292354618123,0.2187915501024297,0.2163301451637773,0.3418617970350464
mt_ende_m4_p100_syn,0.01,0.9,0.2625388241513756,0.2769080555983876,0.2756089807696544,0.3418617970350464
mt_ende_m4_p100_syn,0.02,0.1,0.0040645824516544,0.0013083796824319,-0.0012822120887832,0.1308379682431915
mt_ende_m4_p100_syn,0.02,0.2,-0.0154593131846714,0.0052335187297276,0.0027214297394583,0.1308379682431915
mt_ende_m4_p100_syn,0.02,0.3,-0.0112997733890742,0.0117754171418872,0.0093941661198611,0.1308379682431915
mt_ende_m4_p100_syn,0.02,0.4,-0.0138316671776985,0.0209340749189106,0.018735997052425,0.1308379682431915
mt_ende_m4_p100_syn,0.02,0.5,0.0042847473344524,0.0327094920607978,0.0307469225371499,0.1308379682431915
mt_ende_m4_p100_syn,0.02,0.6,0.018920925847412,0.0471016685675489,0.045426942574036,0.1308379682431915
mt_ende_m4_p100_syn,0.02,0.7,0.0295184837402953,0.0641106044391638,0.0627760571630832,0.1308379682431915
mt_ende_m4_p100_syn,0.02,0.8,0.0357683255745597,0.0837362996756425,0.0827942663042916,0.1308379682431915
mt_ende_m4_p100_syn,0.02,0.9,0.0357683255745597,0.1059787542769851,0.1054815699976609,0.1308379682431915
mt_ende_m4_p50_syn,0.01,0.1,-0.0131813896009409,0.0058383462992537,-0.017281505045791,0.5838346299253729
mt_ende_m4_p50_syn,0.01,0.2,-0.0239873095251346,0.0233533851970149,0.0009341354078806,0.5838346299253729
mt_ende_m4_p50_syn,0.01,0.3,0.0063580820428068,0.0525451166932835,0.0312935361639999,0.5838346299253729
mt_ende_m4_p50_syn,0.01,0.4,0.0152525464439696,0.0934135407880596,0.0737966972225671,0.5838346299253729
mt_ende_m4_p50_syn,0.01,0.5,0.0490515111683886,0.1459586574813432,0.128443618583582,0.5838346299253729
mt_ende_m4_p50_syn,0.01,0.6,0.1753529056649012,0.2101804667731342,0.1952343002470447,0.5838346299253729
mt_ende_m4_p50_syn,0.01,0.7,0.2349131421217446,0.2860789686634327,0.274168742212955,0.5838346299253729
mt_ende_m4_p50_syn,0.01,0.8,0.3264946997633533,0.3736541631522387,0.3652469444813134,0.5838346299253729
mt_ende_m4_p50_syn,0.01,0.9,0.431242266474283,0.4729060502395521,0.4684689070521192,0.5838346299253729
mt_ende_m4_p50_syn,0.02,0.1,-0.0238793194396806,0.0031890187442128,-0.0094394954828699,0.3189018744212817
mt_ende_m4_p50_syn,0.02,0.2,-0.0213273311026154,0.0127560749768512,0.000510242999074,0.3189018744212817
mt_ende_m4_p50_syn,0.02,0.3,-0.0309884298072191,0.0287011686979153,0.0170931404689806,0.3189018744212817
mt_ende_m4_p50_syn,0.02,0.4,-0.0332018890791634,0.051024299907405,0.04030919692685,0.3189018744212817
mt_ende_m4_p50_syn,0.02,0.5,0.0011620661177706,0.0797254686053204,0.0701584123726819,0.3189018744212817
mt_ende_m4_p50_syn,0.02,0.6,0.0473104932555868,0.1148046747916614,0.1066407868064766,0.3189018744212817
mt_ende_m4_p50_syn,0.02,0.7,0.1157356290197454,0.156261918466428,0.1497563202282338,0.3189018744212817
mt_ende_m4_p50_syn,0.02,0.8,0.169913514293327,0.2040971996296203,0.1995050126379539,0.3189018744212817
mt_ende_m4_p50_syn,0.02,0.9,0.175156535448835,0.2583105182812382,0.2558868640356364,0.3189018744212817
mt_zhen_m4_p100_syn,0.01,0.1,0.0249227923737636,0.0085053286058947,-0.0083352220337768,0.8505328605894739
mt_zhen_m4_p100_syn,0.01,0.2,0.0309366711261505,0.0340213144235789,0.017691083500261,0.8505328605894739
mt_zhen_m4_p100_syn,0.01,0.3,0.0387547135042537,0.0765479574530526,0.0610682593903242,0.8505328605894739
mt_zhen_m4_p100_syn,0.01,0.4,0.0802504768957246,0.1360852576943158,0.1217963056364126,0.8505328605894739
mt_zhen_m4_p100_syn,0.01,0.5,0.1211448524119568,0.2126332151473684,0.1998752222385263,0.8505328605894739
mt_zhen_m4_p100_syn,0.01,0.6,0.1758164774336575,0.3061918298122106,0.2953050091966653,0.8505328605894739
mt_zhen_m4_p100_syn,0.01,0.7,0.2842713135704561,0.4167611016888421,0.4080856665108295,0.8505328605894739
mt_zhen_m4_p100_syn,0.01,0.8,0.4305376790278494,0.5443410307772634,0.5382171941810192,0.8505328605894739
mt_zhen_m4_p100_syn,0.01,0.9,0.6401439275277749,0.6889316170774739,0.6856995922072339,0.8505328605894739
mt_zhen_m4_p100_syn,0.02,0.1,-0.0287457987684562,0.0071217840207757,-0.0069793483403602,0.7121784020775725
mt_zhen_m4_p100_syn,0.02,0.2,0.0083502058497062,0.0284871360831029,0.0148133107632135,0.7121784020775725
mt_zhen_m4_p100_syn,0.02,0.3,0.0924348368479131,0.0640960561869815,0.0511344092691697,0.7121784020775725
mt_zhen_m4_p100_syn,0.02,0.4,0.1139053721036877,0.1139485443324116,0.1019839471775084,0.7121784020775725
mt_zhen_m4_p100_syn,0.02,0.5,0.1983806480657529,0.1780446005193931,0.1673619244882295,0.7121784020775725
mt_zhen_m4_p100_syn,0.02,0.6,0.2693145669562697,0.2563842247479261,0.2472683412013332,0.7121784020775725
mt_zhen_m4_p100_syn,0.02,0.7,0.3203584715052238,0.3489674170180105,0.3417031973168192,0.7121784020775725
mt_zhen_m4_p100_syn,0.02,0.8,0.4334452512361617,0.4557941773296465,0.450666492834688,0.7121784020775725
mt_zhen_m4_p100_syn,0.02,0.9,0.5560175888055945,0.5768645056828338,0.574158227754939,0.7121784020775725
mt_zhen_m4_p50_syn,0.01,0.1,-0.019727476506874,0.0093422040586193,-0.0276529240135133,0.9342204058619384
mt_zhen_m4_p50_syn,0.01,0.2,0.0606497624839448,0.0373688162344775,0.0014947526493791,0.9342204058619384
mt_zhen_m4_p50_syn,0.01,0.3,0.083931445501975,0.0840798365275744,0.0500742137541998,0.9342204058619384
mt_zhen_m4_p50_syn,0.01,0.4,0.1999755647446041,0.1494752649379102,0.118085459300949,0.9342204058619384
mt_zhen_m4_p50_syn,0.01,0.5,0.2159803993276599,0.2335551014654846,0.2055284892896264,0.9342204058619384
mt_zhen_m4_p50_syn,0.01,0.6,0.2725076786139877,0.3363193461102978,0.3124033037202322,0.9342204058619384
mt_zhen_m4_p50_syn,0.01,0.7,0.3244703137513723,0.4577679988723497,0.4387099025927662,0.9342204058619384
mt_zhen_m4_p50_syn,0.01,0.8,0.4700696991632584,0.5979010597516408,0.5844482859072289,0.9342204058619384
mt_zhen_m4_p50_syn,0.01,0.9,0.6752190769232661,0.7567185287481701,0.7496184536636195,0.9342204058619384
mt_zhen_m4_p50_syn,0.02,0.1,0.0210898525680471,0.008337218215641,-0.0246781659182975,0.8337218215641081
mt_zhen_m4_p50_syn,0.02,0.2,-8.055326834321974e-05,0.0333488728625643,0.0013339549145025,0.8337218215641081
mt_zhen_m4_p50_syn,0.02,0.3,-0.0156365385605095,0.0750349639407697,0.0446874896358361,0.8337218215641081
mt_zhen_m4_p50_syn,0.02,0.4,0.0466403423705867,0.1333954914502573,0.1053824382457033,0.8337218215641081
mt_zhen_m4_p50_syn,0.02,0.5,0.1029244213356096,0.208430455391027,0.1834188007441038,0.8337218215641081
mt_zhen_m4_p50_syn,0.02,0.6,0.1170476455659967,0.3001398557630789,0.2787965771310377,0.8337218215641081
mt_zhen_m4_p50_syn,0.02,0.7,0.3209853134017828,0.4085236925664129,0.3915157674065051,0.8337218215641081
mt_zhen_m4_p50_syn,0.02,0.8,0.4795874078876357,0.5335819658010293,0.5215763715705062,0.8337218215641081
mt_zhen_m4_p50_syn,0.02,0.9,0.6257394603180805,0.6753146754669276,0.6689783896230403,0.8337218215641081
arena_10_m2_p50_syn,0.05,0.1,0.0079682475215144,0.0077438999034743,-0.0126999958416978,0.7743899903474306
arena_10_m2_p50_syn,0.05,0.2,0.0376252161075066,0.0309755996138972,0.011151215861003,0.7743899903474306
arena_10_m2_p50_syn,0.05,0.3,0.0600683274698787,0.0696950991312687,0.0509032353655044,0.7743899903474306
arena_10_m2_p50_syn,0.05,0.4,0.194084720890537,0.1239023984555889,0.1065560626718064,0.7743899903474306
arena_10_m2_p50_syn,0.05,0.5,0.1985031642670665,0.1935974975868576,0.178109697779909,0.7743899903474306
arena_10_m2_p50_syn,0.05,0.6,0.2309316386987748,0.278780396525075,0.2655641406898122,0.7743899903474306
arena_10_m2_p50_syn,0.05,0.7,0.2725932204339556,0.3794510952702409,0.3689193914015159,0.7743899903474306
arena_10_m2_p50_syn,0.05,0.8,0.4495932257845573,0.4956095938223557,0.4881754499150203,0.7743899903474306
arena_10_m2_p50_syn,0.05,0.9,0.5818872747533093,0.6272558921814189,0.6233323162303251,0.7743899903474306
arena_10_m2_p50_syn,0.1,0.1,-0.0131775827751907,0.005847016880279,-0.0095891076836576,0.584701688027908
arena_10_m2_p50_syn,0.1,0.2,-0.0046121539713168,0.0233880675211163,0.0084197043076018,0.584701688027908
arena_10_m2_p50_syn,0.1,0.3,0.0671233122611271,0.0526231519225117,0.0384343909597011,0.584701688027908
arena_10_m2_p50_syn,0.1,0.4,0.0542355142923355,0.0935522700844653,0.0804549522726401,0.584701688027908
arena_10_m2_p50_syn,0.1,0.5,0.1804679298705391,0.146175422006977,0.1344813882464188,0.584701688027908
arena_10_m2_p50_syn,0.1,0.6,0.2485117716534713,0.2104926076900468,0.2005136988810372,0.584701688027908
arena_10_m2_p50_syn,0.1,0.7,0.2765900647309782,0.2865038271336749,0.2785518841764953,0.584701688027908
arena_10_m2_p50_syn,0.1,0.8,0.3890131234266581,0.3742090803378612,0.3685959441327932,0.584701688027908
arena_10_m2_p50_syn,0.1,0.9,0.5042999348301109,0.4736083673026055,0.4706458787499308,0.584701688027908
arena_13_m2_p50_syn,0.05,0.1,0.0028380586532121,0.0056999111314967,-0.0093478542556546,0.5699911131496718
arena_13_m2_p50_syn,0.05,0.2,-0.0232100554320549,0.0227996445259868,0.0082078720293552,0.5699911131496718
arena_13_m2_p50_syn,0.05,0.3,0.0119855204280282,0.0512992001834704,0.037467415837705,0.5699911131496718
arena_13_m2_p50_syn,0.05,0.4,0.0279935785339563,0.0911985781039475,0.0784307771693948,0.5699911131496718
arena_13_m2_p50_syn,0.05,0.5,0.0483827893846648,0.1424977782874179,0.1310979560244245,0.5699911131496718
arena_13_m2_p50_syn,0.05,0.6,0.0883668262477422,0.2051968007338818,0.1954689524027941,0.5699911131496718
arena_13_m2_p50_syn,0.05,0.7,0.1704049334666642,0.2792956454433391,0.2715437663045036,0.5699911131496718
arena_13_m2_p50_syn,0.05,0.8,0.2429698170751443,0.36479431241579,0.3593223977295531,0.5699911131496718
arena_13_m2_p50_syn,0.05,0.9,0.4129779288165894,0.4616928016512341,0.4588048466779424,0.5699911131496718
arena_13_m2_p50_syn,0.1,0.1,0.000211538319055,0.0042163397399152,-0.0069147971734609,0.4216339739915224
arena_13_m2_p50_syn,0.1,0.2,-0.0071923028478744,0.0168653589596609,0.0060715292254779,0.4216339739915224
arena_13_m2_p50_syn,0.1,0.3,0.0214797152618948,0.037947057659237,0.0277154065570427,0.4216339739915224
arena_13_m2_p50_syn,0.1,0.4,0.0319422861773242,0.0674614358386436,0.0580168348212335,0.4216339739915224
arena_13_m2_p50_syn,0.1,0.5,0.0827114827505546,0.1054084934978806,0.0969758140180501,0.4216339739915224
arena_13_m2_p50_syn,0.1,0.6,0.0775741235735015,0.151788230636948,0.1445923441474927,0.4216339739915224
arena_13_m2_p50_syn,0.1,0.7,0.1845911655705672,0.2066006472558459,0.2008664252095612,0.4216339739915224
arena_13_m2_p50_syn,0.1,0.8,0.1956441227828561,0.2698457433545744,0.2657980572042558,0.4216339739915224
arena_13_m2_p50_syn,0.1,0.9,0.3098936577666846,0.3415235189331332,0.3393872401315762,0.4216339739915224
arena_15_m2_p50_syn,0.05,0.1,0.0194214724064664,0.0054326144545296,-0.0089094877054285,0.5432614454529601
arena_15_m2_p50_syn,0.05,0.2,0.0149291224806715,0.0217304578181184,0.0078229648145226,0.5432614454529601
arena_15_m2_p50_syn,0.05,0.3,0.0613900907110451,0.0488935300907664,0.0357103856811079,0.5432614454529601
arena_15_m2_p50_syn,0.05,0.4,0.0639600063112963,0.0869218312724736,0.0747527748943273,0.5432614454529601
arena_15_m2_p50_syn,0.05,0.5,0.1454269398240034,0.13581536136324,0.1249501324541808,0.5432614454529601
arena_15_m2_p50_syn,0.05,0.6,0.1894311621181964,0.1955741203630656,0.1863024583606684,0.5432614454529601
arena_15_m2_p50_syn,0.05,0.7,0.2741418219547663,0.2661981082719504,0.2588097526137901,0.5432614454529601
arena_15_m2_p50_syn,0.05,0.8,0.3227048013493236,0.3476873250898945,0.3424720152135461,0.5432614454529601
arena_15_m2_p50_syn,0.05,0.9,0.4525836177568877,0.4400417708168976,0.437289246159936,0.5432614454529601
arena_15_m2_p50_syn,0.1,0.1,-0.0093458399912176,0.0037791981264408,-0.0061978849273629,0.3779198126440847
arena_15_m2_p50_syn,0.1,0.2,0.029798330406781,0.0151167925057633,0.0054420453020748,0.3779198126440847
arena_15_m2_p50_syn,0.1,0.3,0.0339848726953371,0.0340127831379676,0.0248419290178044,0.3779198126440847
arena_15_m2_p50_syn,0.1,0.4,0.0566285915150923,0.0604671700230535,0.052001766219826,0.3779198126440847
arena_15_m2_p50_syn,0.1,0.5,0.0815095812546503,0.0944799531610211,0.0869215569081394,0.3779198126440847
arena_15_m2_p50_syn,0.1,0.6,0.1151946135174366,0.1360511325518704,0.1296013010827447,0.3779198126440847
arena_15_m2_p50_syn,0.1,0.7,0.2152873156630033,0.1851807081956014,0.1800409987436419,0.3779198126440847
arena_15_m2_p50_syn,0.1,0.8,0.229657367990925,0.2418686800922142,0.238240649890831,0.3779198126440847
arena_15_m2_p50_syn,0.1,0.9,0.2544161594476903,0.3061150482417086,0.3042002545243119,0.3779198126440847
