domain,cell,eps,level,judge,base,best_fixed,pilot,refit,xfit,oracle
mt,mt_ende,0.01,J50,comet22,weighted,weighted,0.044477215190647845,0.07751379725210983,0.028594243045713785,0.058003359210849315
mt,mt_ende,0.01,J50,comet22,dedup,weighted,-0.0075132483614803736,0.07177560981284359,-0.009787123354078053,
mt,mt_ende,0.01,J50,mistral_7b,weighted,weighted,-0.07094281016184434,-0.0004890832340620488,-0.04283339481469839,0.016822157808880744
mt,mt_ende,0.01,J50,mistral_7b,dedup,weighted,-0.06054632379214908,0.02112568700280182,-0.041202952814397564,
mt,mt_ende,0.01,J50,mtme_BLEURT-20-refA,weighted,weighted,-0.0006692717939797976,0.11177395642695942,0.03870158895612619,0.09530272605443546
mt,mt_ende,0.01,J50,mtme_BLEURT-20-refA,dedup,weighted,0.03583117371103384,0.10583985690944464,0.02972274077069137,
mt,mt_ende,0.01,J50,mtme_COMET-22-refA,weighted,weighted,-0.038148492256840694,0.11582841313404213,0.019064459758753705,0.07996744260415478
mt,mt_ende,0.01,J50,mtme_COMET-22-refA,dedup,weighted,-0.020086439497018826,0.049066111748442776,-0.015137417454306634,
mt,mt_ende,0.01,J50,mtme_UniTE-ref-refA,weighted,weighted,-0.0006692717939797976,0.09530272605443546,-0.01791823121154623,0.07224300353290236
mt,mt_ende,0.01,J50,mtme_UniTE-ref-refA,dedup,weighted,0.002282144732485558,0.049066111748442776,-0.004436829253848806,
mt,mt_ende,0.01,J50,mtme_UniTE-refA,weighted,weighted,0.006358082042806856,0.068232617007418,-0.00525232864405778,0.054251351895222344
mt,mt_ende,0.01,J50,mtme_UniTE-refA,dedup,weighted,0.0,0.04244864272973825,0.0011682407559151509,
mt,mt_ende,0.01,J50,mtme_metricx_xl_DA_2019-refA,weighted,weighted,0.05443626799503842,0.1069042013603001,0.03870158895612619,0.08721684932610585
mt,mt_ende,0.01,J50,mtme_metricx_xl_DA_2019-refA,dedup,weighted,0.07208249492182173,0.11845624472300054,0.034696750450684544,
mt,mt_ende,0.01,J50,mtme_metricx_xl_MQM_2020-refA,weighted,weighted,0.03415328329644085,0.09530272605443546,0.04359072372209338,0.08095681572997937
mt,mt_ende,0.01,J50,mtme_metricx_xl_MQM_2020-refA,dedup,weighted,0.03583117371103384,0.09164642061919415,0.013142708504047085,
mt,mt_ende,0.01,J50,mtme_metricx_xxl_DA_2019-refA,weighted,weighted,0.0705958804956498,0.11436229262835595,0.01821736791102413,0.0866951798597616
mt,mt_ende,0.01,J50,mtme_metricx_xxl_DA_2019-refA,dedup,weighted,0.06853139580364342,0.1171946059416451,0.028677153150272194,
mt,mt_ende,0.01,J50,mtme_metricx_xxl_MQM_2020-refA,weighted,weighted,0.0293115385619368,0.0884608303612332,0.006358082042806856,0.07521845160019669
mt,mt_ende,0.01,J50,mtme_metricx_xxl_MQM_2020-refA,dedup,weighted,0.02620576422928178,0.07339771681744367,-0.03643158797321888,
mt,mt_ende,0.01,J50,qwen3_8b,weighted,weighted,-0.01033188331956092,0.015720676149294066,-0.047049807116770426,0.02859424304571412
mt,mt_ende,0.01,J50,qwen3_8b,dedup,weighted,-0.013799843929249711,0.06871856199648185,0.007155474629981118,
mt,mt_ende,0.01,J80,comet22,weighted,weighted,0.0,0.0,0.0,0.0
mt,mt_ende,0.01,J80,comet22,dedup,weighted,0.0,0.0,0.0,
mt,mt_ende,0.01,J80,mistral_7b,weighted,weighted,0.00982718288265172,0.0,0.004780791672641338,0.0
mt,mt_ende,0.01,J80,mistral_7b,dedup,weighted,0.0,0.0,-0.004903282109458562,
mt,mt_ende,0.01,J80,mtme_BLEURT-20-refA,weighted,weighted,0.004780791672641338,0.00982718288265172,0.00982718288265172,0.00982718288265172
mt,mt_ende,0.01,J80,mtme_BLEURT-20-refA,dedup,weighted,0.005168324385645406,0.0,0.0,
mt,mt_ende,0.01,J80,mtme_COMET-22-refA,weighted,weighted,0.0,0.0,0.0,0.0
mt,mt_ende,0.01,J80,mtme_COMET-22-refA,dedup,weighted,0.0,0.0,0.0,
mt,mt_ende,0.01,J80,mtme_UniTE-ref-refA,weighted,weighted,0.0,0.0,0.0,0.0
mt,mt_ende,0.01,J80,mtme_UniTE-ref-refA,dedup,weighted,0.0,0.0,0.0,
mt,mt_ende,0.01,J80,mtme_UniTE-refA,weighted,weighted,0.0,0.0,0.0,0.0
mt,mt_ende,0.01,J80,mtme_UniTE-refA,dedup,weighted,0.0,0.0,0.0,
mt,mt_ende,0.01,J80,mtme_metricx_xl_DA_2019-refA,weighted,weighted,0.004780791672641338,0.004780791672641338,0.004780791672641338,0.004780791672641338
mt,mt_ende,0.01,J80,mtme_metricx_xl_DA_2019-refA,dedup,weighted,-0.004903282109458562,0.0,-0.004903282109458562,
mt,mt_ende,0.01,J80,mtme_metricx_xl_MQM_2020-refA,weighted,weighted,0.0,0.0,0.0,0.004780791672641338
mt,mt_ende,0.01,J80,mtme_metricx_xl_MQM_2020-refA,dedup,weighted,0.0,0.005168324385645406,0.005168324385645406,
mt,mt_ende,0.01,J80,mtme_metricx_xxl_DA_2019-refA,weighted,weighted,0.01516193930466292,0.00982718288265172,0.00982718288265172,0.00982718288265172
mt,mt_ende,0.01,J80,mtme_metricx_xxl_DA_2019-refA,dedup,weighted,0.0,0.0,0.0,
mt,mt_ende,0.01,J80,mtme_metricx_xxl_MQM_2020-refA,weighted,weighted,0.01516193930466292,0.01516193930466292,0.01516193930466292,0.01516193930466292
mt,mt_ende,0.01,J80,mtme_metricx_xxl_MQM_2020-refA,dedup,weighted,0.0,-0.004903282109458562,-0.004903282109458562,
mt,mt_ende,0.01,J80,qwen3_8b,weighted,weighted,0.0,0.0,0.0,0.0
mt,mt_ende,0.01,J80,qwen3_8b,dedup,weighted,-0.004903282109458562,0.0,0.0,
mt,mt_ende,0.02,J50,comet22,weighted,weighted,-0.02073841071713911,0.1330667267282296,-0.05077335037644359,-0.004260909098492638
mt,mt_ende,0.02,J50,comet22,dedup,weighted,0.003487256358846502,0.20858344829972297,-0.02140720191380363,
mt,mt_ende,0.02,J50,mistral_7b,weighted,weighted,-0.030988429807219164,0.000988992440655867,-0.05179494696349485,-0.005493403465825386
mt,mt_ende,0.02,J50,mistral_7b,dedup,weighted,-0.013772901376857716,0.006398694877363664,-0.041318704130572925,
mt,mt_ende,0.02,J50,mtme_BLEURT-20-refA,weighted,weighted,-0.01008772289469051,0.1369573813158489,-0.0340872727879411,0.1174833027382477
mt,mt_ende,0.02,J50,mtme_BLEURT-20-refA,dedup,weighted,0.007474970891546584,0.20858344829972297,-0.015245938957270333,
mt,mt_ende,0.02,J50,mtme_COMET-22-refA,weighted,weighted,-0.03047195597709873,0.129883463883814,-0.036979526236614824,0.06251607898095568
mt,mt_ende,0.02,J50,mtme_COMET-22-refA,dedup,weighted,-0.012483993493996426,0.20858344829972297,-0.024189381409775335,
mt,mt_ende,0.02,J50,mtme_UniTE-ref-refA,weighted,weighted,0.015557652476140826,0.12924038048090203,-0.014367362910620018,0.059715050031545425
mt,mt_ende,0.02,J50,mtme_UniTE-ref-refA,dedup,weighted,0.011723646154695566,0.20858344829972297,-0.014168106581358586,
mt,mt_ende,0.02,J50,mtme_UniTE-refA,weighted,weighted,0.021123095617452292,0.1183191466905753,-0.012924442675693815,0.046550213969318466
mt,mt_ende,0.02,J50,mtme_UniTE-refA,dedup,weighted,0.02526259450407564,0.20858344829972297,-0.0021266980067204955,
mt,mt_ende,0.02,J50,mtme_metricx_xl_DA_2019-refA,weighted,weighted,0.01816645394863059,0.15435921819865372,-0.036256462874446393,0.12167771966265417
mt,mt_ende,0.02,J50,mtme_metricx_xl_DA_2019-refA,dedup,weighted,0.015472283756211791,0.20858344829972297,-0.03250809810273014,
mt,mt_ende,0.02,J50,mtme_metricx_xl_MQM_2020-refA,weighted,weighted,0.016899321804849876,0.15624988340321544,-0.0459192187143338,0.11573562901974543
mt,mt_ende,0.02,J50,mtme_metricx_xl_MQM_2020-refA,dedup,weighted,0.0086481008645386,0.20858344829972297,-0.045167014809400774,
mt,mt_ende,0.02,J50,mtme_metricx_xxl_DA_2019-refA,weighted,weighted,0.004290705665614847,0.14434569507819583,-0.025155313608213214,0.11573562901974543
mt,mt_ende,0.02,J50,mtme_metricx_xxl_DA_2019-refA,dedup,weighted,0.004575081426222649,0.20858344829972297,-0.009722048030722963,
mt,mt_ende,0.02,J50,mtme_metricx_xxl_MQM_2020-refA,weighted,weighted,0.0014085649912372045,0.13401898484408048,-0.02107213226890914,0.07190776428191836
mt,mt_ende,0.02,J50,mtme_metricx_xxl_MQM_2020-refA,dedup,weighted,-0.011135136407281587,0.20858344829972297,-0.04534162055707913,
mt,mt_ende,0.02,J50,qwen3_8b,weighted,weighted,-0.014917685976963746,0.07315998898871334,-0.04098924124500347,0.03970770039290261
mt,mt_ende,0.02,J50,qwen3_8b,dedup,weighted,-0.006147765666486782,0.027893018754812537,-0.036208396832372536,
mt,mt_ende,0.02,J80,comet22,weighted,weighted,-0.007718221864241093,0.05063153542942256,0.0035283299950817915,0.03951729594491504
mt,mt_ende,0.02,J80,comet22,dedup,weighted,0.016106195318965844,0.059056049502875574,-0.008947886288314333,
mt,mt_ende,0.02,J80,mistral_7b,weighted,weighted,-0.08426966737074859,0.02079857681311348,-0.08426966737074859,-0.010169892338764752
mt,mt_ende,0.02,J80,mistral_7b,dedup,weighted,-0.077750820844537,0.03280891639048655,-0.06277812614465672,
mt,mt_ende,0.02,J80,mtme_BLEURT-20-refA,weighted,weighted,0.014113319980326944,0.039517295944915265,0.05520798698186691,0.024698309965572096
mt,mt_ende,0.02,J80,mtme_BLEURT-20-refA,dedup,weighted,0.02684365886494322,0.0805309765948301,0.0,
mt,mt_ende,0.02,J80,mtme_COMET-22-refA,weighted,weighted,0.0011226504529803227,0.04939661993114419,0.0035283299950817915,0.07762325989179786
mt,mt_ende,0.02,J80,mtme_COMET-22-refA,dedup,weighted,0.022713865193414007,0.08053097659483044,-0.026843658864943,
mt,mt_ende,0.02,J80,mtme_UniTE-ref-refA,weighted,weighted,0.028403056460408083,0.061745774913930074,0.010449284985434404,0.055896175185242036
mt,mt_ende,0.02,J80,mtme_UniTE-ref-refA,dedup,weighted,0.019174042046388395,0.11120944386905118,0.04473943144157255,
mt,mt_ende,0.02,J80,mtme_UniTE-refA,weighted,weighted,0.02079857681311348,0.06703826990655282,0.027919828656733703,0.056453279921307664
mt,mt_ende,0.02,J80,mtme_UniTE-refA,dedup,weighted,0.03923303987953286,0.10530973862400872,0.04473943144157233,
mt,mt_ende,0.02,J80,mtme_metricx_xl_DA_2019-refA,weighted,weighted,-0.019758647972457632,0.029990804958194506,0.054336281924258545,0.05164192083710506
mt,mt_ende,0.02,J80,mtme_metricx_xl_DA_2019-refA,dedup,weighted,0.0,0.10200590368678486,0.10200590368678486,
mt,mt_ende,0.02,J80,mtme_metricx_xl_MQM_2020-refA,weighted,weighted,0.00290568352536158,0.06703826990655282,0.04322204243975114,0.061745774913930074
mt,mt_ende,0.02,J80,mtme_metricx_xl_MQM_2020-refA,dedup,weighted,0.02087840133940022,0.10737463545977366,-0.026843658864943,
mt,mt_ende,0.02,J80,mtme_metricx_xxl_DA_2019-refA,weighted,weighted,0.05520798698186691,0.09879323986228816,0.03396017620266156,0.0691552679036016
mt,mt_ende,0.02,J80,mtme_metricx_xxl_DA_2019-refA,dedup,weighted,0.0557522145656516,0.12933762907654556,0.06860046154374422,
mt,mt_ende,0.02,J80,mtme_metricx_xxl_MQM_2020-refA,weighted,weighted,0.0458682899360624,0.07286001439843759,0.024698309965572096,0.08739401987817796
mt,mt_ende,0.02,J80,mtme_metricx_xxl_MQM_2020-refA,dedup,weighted,0.04473943144157233,0.16404458195243155,0.05124698510580106,
mt,mt_ende,0.02,J80,qwen3_8b,weighted,weighted,-0.09124427685866965,0.024698309965572096,-0.030872887456965037,-0.0025998221016392264
mt,mt_ende,0.02,J80,qwen3_8b,dedup,weighted,-0.09229572426727839,0.006194690507294487,-0.01708232836860013,
mt,mt_zhen,0.01,J50,comet22,weighted,dedup,-0.044117811097191595,-0.021520883462044393,-0.02989011591950641,-0.021520883462044393
mt,mt_zhen,0.01,J50,comet22,dedup,dedup,-0.04247589638721361,0.042475896387213496,0.012135970396346951,
mt,mt_zhen,0.01,J50,mistral_7b,weighted,dedup,0.01076044173102264,0.022955609026181323,0.052974482368110754,0.022955609026181323
mt,mt_zhen,0.01,J50,mistral_7b,dedup,dedup,-0.019988657123394704,0.012135970396346951,0.042475896387213496,
mt,mt_zhen,0.01,J50,mtme_COMET-22-refA,weighted,dedup,-0.025825060154453405,0.03689294307779123,0.010760441731022974,0.022955609026181323
mt,mt_zhen,0.01,J50,mtme_COMET-22-refA,dedup,dedup,-0.03576917590502182,0.042475896387213496,0.026139013161362135,
mt,mt_zhen,0.01,J50,mtme_UniTE-ref-refA,weighted,dedup,-0.00956483709424183,-0.018122849231195337,-0.02989011591950641,-0.018122849231195337
mt,mt_zhen,0.01,J50,mtme_UniTE-ref-refA,dedup,dedup,-0.048543881585386695,0.012135970396346618,0.012135970396346618,
mt,mt_zhen,0.01,J50,mtme_UniTE-refA,weighted,dedup,-0.021520883462044393,-0.021520883462044393,-0.021520883462044393,-0.02989011591950641
mt,mt_zhen,0.01,J50,mtme_UniTE-refA,dedup,dedup,-0.048543881585386695,0.012135970396346618,0.012135970396346618,
mt,mt_zhen,0.01,J50,mtme_UniTE-src-src,weighted,dedup,-0.03737837653934051,0.024831788610052086,-0.0014347255641360412,0.010760441731022974
mt,mt_zhen,0.01,J50,mtme_UniTE-src-src,dedup,dedup,0.012135970396346618,0.05764585938264677,0.07281582237808049,
mt,mt_zhen,0.01,J50,mtme_metricx_xl_DA_2019-refA,weighted,dedup,-0.025825060154453405,0.0,0.010760441731022974,-0.00956483709424183
mt,mt_zhen,0.01,J50,mtme_metricx_xl_DA_2019-refA,dedup,dedup,0.012135970396346951,0.06178312201776548,0.11326905703256951,
mt,mt_zhen,0.01,J50,mtme_metricx_xl_MQM_2020-refA,weighted,dedup,0.0011326780769502776,0.052974482368110754,0.04734594361649891,0.03689294307779123
mt,mt_zhen,0.01,J50,mtme_metricx_xl_MQM_2020-refA,dedup,dedup,0.07281582237808049,0.1537222916870581,0.1537222916870581,
mt,mt_zhen,0.01,J50,mtme_metricx_xxl_DA_2019-refA,weighted,dedup,-0.03737837653934051,-0.012105496947399708,-0.0014347255641360412,-0.012105496947399708
mt,mt_zhen,0.01,J50,mtme_metricx_xxl_DA_2019-refA,dedup,dedup,-0.03576917590502182,0.042475896387213496,0.026139013161362135,
mt,mt_zhen,0.01,J50,mtme_metricx_xxl_MQM_2020-refA,weighted,dedup,-0.015372059615745615,0.12716885682117451,0.052974482368110754,0.0717362782068166
mt,mt_zhen,0.01,J50,mtme_metricx_xxl_MQM_2020-refA,dedup,dedup,-0.008090646930897893,0.054145098691392946,0.09488122309871083,
mt,mt_zhen,0.01,J50,qwen3_8b,weighted,dedup,-0.0014347255641360412,0.041248359968919734,0.060649762483944825,0.010760441731022974
mt,mt_zhen,0.01,J50,qwen3_8b,dedup,dedup,0.06414727209497573,0.0821511842214242,0.10315574836894725,
mt,mt_zhen,0.01,J80,comet22,weighted,dedup,,,,
mt,mt_zhen,0.01,J80,comet22,dedup,dedup,,,,
mt,mt_zhen,0.01,J80,mistral_7b,weighted,dedup,,,,
mt,mt_zhen,0.01,J80,mistral_7b,dedup,dedup,,,,
mt,mt_zhen,0.01,J80,mtme_COMET-22-refA,weighted,dedup,,,,
mt,mt_zhen,0.01,J80,mtme_COMET-22-refA,dedup,dedup,,,,
mt,mt_zhen,0.01,J80,mtme_UniTE-ref-refA,weighted,dedup,,,,
mt,mt_zhen,0.01,J80,mtme_UniTE-ref-refA,dedup,dedup,,,,
mt,mt_zhen,0.01,J80,mtme_UniTE-refA,weighted,dedup,,,,
mt,mt_zhen,0.01,J80,mtme_UniTE-refA,dedup,dedup,,,,
mt,mt_zhen,0.01,J80,mtme_UniTE-src-src,weighted,dedup,,,,
mt,mt_zhen,0.01,J80,mtme_UniTE-src-src,dedup,dedup,,,,
mt,mt_zhen,0.01,J80,mtme_metricx_xl_DA_2019-refA,weighted,dedup,,,,
mt,mt_zhen,0.01,J80,mtme_metricx_xl_DA_2019-refA,dedup,dedup,,,,
mt,mt_zhen,0.01,J80,mtme_metricx_xl_MQM_2020-refA,weighted,dedup,,,,
mt,mt_zhen,0.01,J80,mtme_metricx_xl_MQM_2020-refA,dedup,dedup,,,,
mt,mt_zhen,0.01,J80,mtme_metricx_xxl_DA_2019-refA,weighted,dedup,,,,
mt,mt_zhen,0.01,J80,mtme_metricx_xxl_DA_2019-refA,dedup,dedup,,,,
mt,mt_zhen,0.01,J80,mtme_metricx_xxl_MQM_2020-refA,weighted,dedup,,,,
mt,mt_zhen,0.01,J80,mtme_metricx_xxl_MQM_2020-refA,dedup,dedup,,,,
mt,mt_zhen,0.01,J80,qwen3_8b,weighted,dedup,,,,
mt,mt_zhen,0.01,J80,qwen3_8b,dedup,dedup,,,,
mt,mt_zhen,0.02,J50,comet22,weighted,dedup,0.014257928496707928,0.027951984115014872,0.013624242785743146,0.026879701264285405
mt,mt_zhen,0.02,J50,comet22,dedup,dedup,-0.046015039838652516,-0.035419657208954014,-0.06410471749911273,
mt,mt_zhen,0.02,J50,mistral_7b,weighted,dedup,-0.004752642832235532,0.004591536295550092,0.009505285664471952,0.0
mt,mt_zhen,0.02,J50,mistral_7b,dedup,dedup,-0.007550561475210271,0.008438862825235871,0.00727599560338521,
mt,mt_zhen,0.02,J50,mtme_COMET-22-refA,weighted,dedup,-0.016916996881482627,0.017749666087738425,0.010850373258501134,0.011462256242451563
mt,mt_zhen,0.02,J50,mtme_COMET-22-refA,dedup,dedup,-0.0369525180390573,0.009692935319388418,0.0,
mt,mt_zhen,0.02,J50,mtme_UniTE-ref-refA,weighted,dedup,-0.004752642832235532,0.012842247653063188,0.0011123206628637083,0.023961240945856388
mt,mt_zhen,0.02,J50,mtme_UniTE-ref-refA,dedup,dedup,-0.00511738821209895,-0.010985326695305941,-0.017262656235480955,
mt,mt_zhen,0.02,J50,mtme_UniTE-refA,weighted,dedup,0.020770809414957347,0.020770809414957347,0.011462256242451563,0.02645338934923791
mt,mt_zhen,0.02,J50,mtme_UniTE-refA,dedup,dedup,-0.00511738821209895,0.0005008507611844459,-0.00048040787297232157,
mt,mt_zhen,0.02,J50,mtme_UniTE-src-src,weighted,dedup,0.009755424760905407,0.0002592350635768348,-0.025962285789896677,0.005849406562752124
mt,mt_zhen,0.02,J50,mtme_UniTE-src-src,dedup,dedup,-0.01789038918949859,-0.00511738821209895,-0.017119989655022705,
mt,mt_zhen,0.02,J50,mtme_metricx_xl_DA_2019-refA,weighted,dedup,0.0008729343977577075,0.012842247653063188,0.006732910679000947,0.01645145595773989
mt,mt_zhen,0.02,J50,mtme_metricx_xl_DA_2019-refA,dedup,dedup,-0.058189027456108766,-0.004707997155130927,-0.017399119921137407,
mt,mt_zhen,0.02,J50,mtme_metricx_xl_MQM_2020-refA,weighted,dedup,0.010014497396497402,0.03081552287998135,0.028515856993415745,0.03462639777771903
mt,mt_zhen,0.02,J50,mtme_metricx_xl_MQM_2020-refA,dedup,dedup,-0.00867262633839938,0.008438862825235871,-0.0013847050456265997,
mt,mt_zhen,0.02,J50,mtme_metricx_xxl_DA_2019-refA,weighted,dedup,0.015294868751013824,0.015666118965518616,-0.004752642832235532,0.005849406562752124
mt,mt_zhen,0.02,J50,mtme_metricx_xxl_DA_2019-refA,dedup,dedup,-0.07684620374558326,-0.017262656235480955,-0.02353998577565619,
mt,mt_zhen,0.02,J50,mtme_metricx_xxl_MQM_2020-refA,weighted,dedup,0.03326849982565172,0.036084880763272986,0.021752480655234163,0.02767715531713888
mt,mt_zhen,0.02,J50,mtme_metricx_xxl_MQM_2020-refA,dedup,dedup,-0.035419657208954014,0.015231755501895816,-0.005884996443913826,
mt,mt_zhen,0.02,J50,qwen3_8b,weighted,dedup,0.030688493716723553,0.01784188866527936,0.009030021381248421,0.025875499864395635
mt,mt_zhen,0.02,J50,qwen3_8b,dedup,dedup,-0.02353998577565619,0.003621536273178405,-0.012240792603340989,
mt,mt_zhen,0.02,J80,comet22,weighted,dedup,0.00795703888648347,-0.01896743734936357,-0.009548446663780519,-0.009548446663780519
mt,mt_zhen,0.02,J80,comet22,dedup,dedup,-0.014830307630829154,0.009756781336072162,0.009756781336072162,
mt,mt_zhen,0.02,J80,mistral_7b,weighted,dedup,-0.038382091619645786,-0.01956864952078341,-0.009548446663780519,-0.01956864952078341
mt,mt_zhen,0.02,J80,mistral_7b,dedup,dedup,-0.02508886629275664,-0.007724118557723703,0.0008303643690272811,
mt,mt_zhen,0.02,J80,mtme_COMET-22-refA,weighted,dedup,0.02983889582431365,0.03819378665512152,0.028645339991341223,0.027521993325014038
mt,mt_zhen,0.02,J80,mtme_COMET-22-refA,dedup,dedup,0.01951356267214399,0.05771831040630726,0.05715191085897353,
mt,mt_zhen,0.02,J80,mtme_UniTE-ref-refA,weighted,dedup,0.000954844666377852,0.036789603322212705,0.036789603322212705,0.03546565903689858
mt,mt_zhen,0.02,J80,mtme_UniTE-ref-refA,dedup,dedup,0.047571667086925506,0.047334318705185785,0.039027125344288205,
mt,mt_zhen,0.02,J80,mtme_UniTE-refA,weighted,dedup,-0.019159661649069015,0.04446848017703431,0.027521993325014038,0.04446848017703431
mt,mt_zhen,0.02,J80,mtme_UniTE-refA,dedup,dedup,0.01951356267214399,0.04710979996570197,0.039027125344288205,
mt,mt_zhen,0.02,J80,mtme_UniTE-src-src,weighted,dedup,-0.009548446663780519,-0.009548446663780519,-0.009548446663780519,0.0013170271260386501
mt,mt_zhen,0.02,J80,mtme_UniTE-src-src,dedup,dedup,-0.01707436733812573,0.009756781336072162,0.0008303643690272811,
mt,mt_zhen,0.02,J80,mtme_metricx_xl_DA_2019-refA,weighted,dedup,0.02546252443674768,0.05347130131717048,0.04424889917361652,0.03892828255233538
mt,mt_zhen,0.02,J80,mtme_metricx_xl_DA_2019-refA,dedup,dedup,0.02927034400821593,0.047571667086925506,0.039027125344288205,
mt,mt_zhen,0.02,J80,mtme_metricx_xl_MQM_2020-refA,weighted,dedup,0.0006160288170177219,0.010780504297816407,0.019992060202290385,0.010145224580266232
mt,mt_zhen,0.02,J80,mtme_metricx_xl_MQM_2020-refA,dedup,dedup,0.009756781336072162,0.05715191085897353,0.048674188602104373,
mt,mt_zhen,0.02,J80,mtme_metricx_xxl_DA_2019-refA,weighted,dedup,-0.0005456255236446772,0.030848827682982805,0.023619841747246184,0.031911913850002804
mt,mt_zhen,0.02,J80,mtme_metricx_xxl_DA_2019-refA,dedup,dedup,0.0016261302226786567,0.01951356267214399,0.029053526645192118,
mt,mt_zhen,0.02,J80,mtme_metricx_xxl_MQM_2020-refA,weighted,dedup,0.05006482845333504,0.05858101061292298,0.04424889917361652,0.04446848017703431
mt,mt_zhen,0.02,J80,mtme_metricx_xxl_MQM_2020-refA,dedup,dedup,0.0468970980019805,0.06621430361631642,0.06466075057220044,
mt,mt_zhen,0.02,J80,qwen3_8b,weighted,dedup,0.008986773330616704,0.009548446663780297,0.018254383327815593,0.008986773330616704
mt,mt_zhen,0.02,J80,qwen3_8b,dedup,dedup,0.009756781336072162,0.0008303643690272811,-0.007724118557723703,
arena,arena_10,0.05,J50,longer,uniform,uniform,0.045570913919029565,0.046001305883820565,0.0397019325809731,0.05770014201768081
arena,arena_10,0.05,J50,mistral_7b,uniform,uniform,0.10539539702495604,0.06332458246665162,0.04741545091099064,0.0809083594492247
arena,arena_10,0.05,J50,qwen3_8b,uniform,uniform,0.08469745617274227,0.08331297852376462,0.0756983514543883,0.08669725722126509
arena,arena_10,0.05,J80,longer,uniform,uniform,0.004135852261866635,-0.00013786174206198432,-0.00616872879736019,-0.004135852261866413
arena,arena_10,0.05,J80,mistral_7b,uniform,uniform,-0.0005013154256805485,0.007471216989178409,0.0036021939054968755,0.005383172785286661
arena,arena_10,0.05,J80,qwen3_8b,uniform,uniform,0.020757296257669755,0.03729786767065091,0.03042304884152669,0.03441619917910377
arena,arena_10,0.1,J50,longer,uniform,uniform,0.015373846571055672,0.026729528697403748,0.01991611942159488,0.025366846842241886
arena,arena_10,0.1,J50,mistral_7b,uniform,uniform,0.03202884702303288,0.020925513388381445,-0.004612153971316868,0.01787209663885203
arena,arena_10,0.1,J50,qwen3_8b,uniform,uniform,0.0313626470049535,0.04716975652483002,0.05188673217731321,0.043132180657684094
arena,arena_10,0.1,J80,longer,uniform,uniform,-0.013487929900832807,0.00045731791566827606,0.00033675228335561247,-0.006173791861520783
arena,arena_10,0.1,J80,mistral_7b,uniform,uniform,-0.013487929900832807,0.007088427692857446,0.00010831213792150685,0.009260687792281619
arena,arena_10,0.1,J80,qwen3_8b,uniform,uniform,-0.02628767146962896,-0.013069979155729161,-0.013272808193794283,-0.006173791861520783
arena,arena_11,0.05,J50,longer,uniform,uniform,-0.0030160933203478013,-0.0011440353973732886,0.005026822200579817,0.004505522120519578
arena,arena_11,0.05,J50,mistral_7b,uniform,uniform,-0.0030160933203478013,0.0,-0.003082018857404556,0.0
arena,arena_11,0.05,J50,qwen3_8b,uniform,uniform,0.008601451320992326,0.02088923892240946,0.00989490264745696,0.016793309721937044
arena,arena_11,0.05,J80,longer,uniform,uniform,-0.010265618658538811,-0.008902925916255189,-0.0093764858054175,-0.00983031403253154
arena,arena_11,0.05,J80,mistral_7b,uniform,uniform,-0.014096299367403642,0.0,0.0,0.0
arena,arena_11,0.05,J80,qwen3_8b,uniform,uniform,-0.0093764858054175,-0.007891229789407816,0.0,-0.004451462958127594
arena,arena_11,0.1,J50,longer,uniform,uniform,-0.004778694045079801,0.011260141140704727,-0.008499590409435154,0.0009651549549174465
arena,arena_11,0.1,J50,mistral_7b,uniform,uniform,-0.006756084684422792,0.002042537230174335,-0.0028954648647525616,0.0
arena,arena_11,0.1,J50,qwen3_8b,uniform,uniform,-0.003378042342211396,0.008582053518050636,-0.006112648047811087,0.008403910217208876
arena,arena_11,0.1,J80,longer,uniform,uniform,-0.010722099984963318,-0.0009460676457322403,-0.0032166299954889954,0.005361049992481659
arena,arena_11,0.1,J80,mistral_7b,uniform,uniform,-0.010234731803828279,-0.005361049992481437,-0.010722099984963318,0.0
arena,arena_11,0.1,J80,qwen3_8b,uniform,uniform,-0.020519881005705676,-0.011932659660685019,-0.024384130610964894,0.001462104543404008
arena,arena_12,0.05,J50,longer,uniform,uniform,0.007106176495229377,0.007106176495229377,-0.014212352990458532,-0.019541985361880787
arena,arena_12,0.05,J50,mistral_7b,uniform,uniform,0.00044413603095183607,0.03485946671694784,0.01332291350489423,0.03536407199370628
arena,arena_12,0.05,J50,qwen3_8b,uniform,uniform,0.029308808672603992,0.03101670345547891,0.02437489041096519,0.03818986154355397
arena,arena_12,0.05,J80,longer,uniform,uniform,0.0,0.0,0.0,0.0
arena,arena_12,0.05,J80,mistral_7b,uniform,uniform,-0.0015986850655684837,-0.0015986850655684837,-0.0031637136034408098,-0.0015986850655684837
arena,arena_12,0.05,J80,qwen3_8b,uniform,uniform,0.0016334390887330352,-0.0015986850655684837,-0.0015986850655684837,-0.0015986850655684837
arena,arena_12,0.1,J50,longer,uniform,uniform,0.004172441263996185,0.017229728043089643,0.0,0.0017128969399564653
arena,arena_12,0.1,J50,mistral_7b,uniform,uniform,-0.02386636403005782,0.07865051782632637,0.026163661102469593,0.08075991868756838
arena,arena_12,0.1,J50,qwen3_8b,uniform,uniform,0.021696694572779673,0.04447822387419831,0.013259091127809763,0.04068130232396183
arena,arena_12,0.1,J80,longer,uniform,uniform,-0.0031621263426235835,0.010389843697192314,0.01445543470913735,0.015854347745505204
arena,arena_12,0.1,J80,mistral_7b,uniform,uniform,0.003613858677284254,0.01317995517597792,0.011827173852930417,0.008260248405221104
arena,arena_12,0.1,J80,qwen3_8b,uniform,uniform,-0.007227717354568508,0.008859782563664598,0.007227717354568508,0.008859782563664598
arena,arena_13,0.05,J50,longer,uniform,uniform,-0.038255614145437544,-0.0030808872010805732,-0.04424414244911956,-0.04424414244911956
arena,arena_13,0.05,J50,mistral_7b,uniform,uniform,-0.034277221216417963,0.014786930596565662,0.0010623748969241786,0.00985111268057115
arena,arena_13,0.05,J50,qwen3_8b,uniform,uniform,0.001313481690742857,-0.029204770231918253,-0.0028219333199555052,0.0010623748969241786
arena,arena_13,0.05,J80,longer,uniform,uniform,,,,
arena,arena_13,0.05,J80,mistral_7b,uniform,uniform,,,,
arena,arena_13,0.05,J80,qwen3_8b,uniform,uniform,,,,
arena,arena_13,0.1,J50,longer,uniform,uniform,0.01574866313241441,0.026771349489309926,0.013108551964674198,0.01528364355173295
arena,arena_13,0.1,J50,mistral_7b,uniform,uniform,0.01946881977786674,0.02517305996756014,0.0027970066630622625,0.023865368540674003
arena,arena_13,0.1,J50,qwen3_8b,uniform,uniform,0.00719230284787431,-0.006410530799192404,-0.02517305996756014,0.01478417807618615
arena,arena_13,0.1,J80,longer,uniform,uniform,-0.12903520804755386,-0.07742112482853258,-0.08709876543209893,-0.05806584362139966
arena,arena_13,0.1,J80,mistral_7b,uniform,uniform,0.048065843621398985,0.051499118165784896,0.060082304526748787,0.05632716049382669
arena,arena_13,0.1,J80,qwen3_8b,uniform,uniform,0.0,0.018024691358024758,0.0,0.015020576131687058
arena,arena_14,0.05,J50,longer,uniform,uniform,-0.010550063126522069,0.009133619466016762,-0.006863213109189248,0.00026137543781934447
arena,arena_14,0.05,J50,mistral_7b,uniform,uniform,-0.027285728740915838,-0.0025072680887106014,-0.024177227998279704,-0.016264680653388153
arena,arena_14,0.05,J50,qwen3_8b,uniform,uniform,-0.014760833935791862,0.0005526223542463571,-0.0028076780901227227,-0.019029818166387935
arena,arena_14,0.05,J80,longer,uniform,uniform,,,,
arena,arena_14,0.05,J80,mistral_7b,uniform,uniform,,,,
arena,arena_14,0.05,J80,qwen3_8b,uniform,uniform,,,,
arena,arena_14,0.1,J50,longer,uniform,uniform,0.008217646128894307,0.03169663506859255,0.009391595575879208,0.004695797787939493
arena,arena_14,0.1,J50,mistral_7b,uniform,uniform,0.0006708282554198641,0.03618526530706434,0.006261063717252657,0.03022919825986148
arena,arena_14,0.1,J50,qwen3_8b,uniform,uniform,0.032041914317705866,0.0346315086860548,0.018783191151758416,0.04573298715210783
arena,arena_14,0.1,J80,longer,uniform,uniform,0.010094786729857974,0.012113744075829436,-0.008541742617572234,0.016824644549763068
arena,arena_14,0.1,J80,mistral_7b,uniform,uniform,0.030284360189573367,0.01009478672985753,0.016824644549763068,-0.0020189573459716836
arena,arena_14,0.1,J80,qwen3_8b,uniform,uniform,0.11647888841016818,0.11104265402843605,0.054511848341232017,0.054511848341232017
arena,arena_15,0.05,J50,longer,uniform,uniform,0.016345629214030488,0.05787336410017474,0.03008384612616488,0.0400965043089625
arena,arena_15,0.05,J50,mistral_7b,uniform,uniform,0.014929122480671575,0.007441872604346922,0.009180846769170636,0.014929122480671575
arena,arena_15,0.05,J50,qwen3_8b,uniform,uniform,0.05704100277215818,0.04122613753984239,0.04597059710953699,0.04825496653198258
arena,arena_15,0.05,J80,longer,uniform,uniform,,,,
arena,arena_15,0.05,J80,mistral_7b,uniform,uniform,,,,
arena,arena_15,0.05,J80,qwen3_8b,uniform,uniform,,,,
arena,arena_15,0.1,J50,longer,uniform,uniform,-0.006823946660254432,0.004384468144027931,-0.01640714131791543,0.0012461119988289582
arena,arena_15,0.1,J50,mistral_7b,uniform,uniform,-0.00934583999121763,0.008307413325526869,0.008307413325526869,0.005785519994563337
arena,arena_15,0.1,J50,qwen3_8b,uniform,uniform,0.029491317305620157,0.04361391995901587,0.010514069990119834,0.07045668004342354
arena,arena_15,0.1,J80,longer,uniform,uniform,-0.05039282654083266,0.0,0.06299103317604315,-0.03149551658802019
arena,arena_15,0.1,J80,mistral_7b,uniform,uniform,0.015747758294010983,-0.07873879147005125,-0.07873879147005125,-0.07873879147005125
arena,arena_15,0.1,J80,qwen3_8b,uniform,uniform,0.015747758294010983,-0.012598206635207054,-0.012598206635207054,-0.012598206635207054
